node_id,role,component_id,root_node_id,source_index,x_um,y_um,z_um,radius_raw_um,indegree,outdegree
2410,inferred_inlet,0,2410,0,60.95,124.99,108.96,4.1541,0,1
2419,divergence_junction,0,2410,9,74.1,131.12,126.8,5.1319,1,2
2427,divergence_junction,0,2410,17,77.57,122.43,128.58,4.7721,1,2
2430,divergence_junction,0,2410,20,81.68,117.39,137.02,3.4267,1,2
2475,divergence_junction,0,2410,65,134.03,128.13,153.86,1.3131,1,2
2509,inferred_outlet,0,2410,99,105.35,155.35,146.02,1.0,1,0
2540,divergence_junction,0,2410,130,73.91,165.91,145.28,3.7238,1,2
2550,divergence_junction,0,2410,140,88.76,162.25,153.64,2.2302,1,2
2552,divergence_junction,0,2410,142,91.0,159.0,160.3,1.6468,1,2
2587,inferred_outlet,0,2410,177,61.62,118.03,153.5,2.4416,1,0
2608,divergence_junction,0,2410,198,82.44,99.88,115.5,1.6451,1,2
2674,divergence_junction,0,2410,264,133.55,51.04,158.38,1.2612,1,2
2717,inferred_outlet,0,2410,307,111.73,1.88,133.46,1.59,1,0
2730,divergence_junction,0,2410,320,85.09,104.5,139.94,3.2789,1,2
2809,divergence_junction,0,2410,399,172.57,122.48,100.12,1.1977,1,2
2827,divergence_junction,0,2410,417,181.0,100.5,80.0,1.0235,1,2
2834,inferred_outlet,0,2410,424,188.86,101.57,75.72,1.0,1,0
2851,divergence_junction,0,2410,441,150.6,129.5,152.6,1.1189,1,2
2863,divergence_junction,0,2410,453,155.41,114.79,152.36,1.0613,1,2
2875,divergence_junction,0,2410,465,173.7,114.4,143.48,2.3449,1,2
2890,inferred_outlet,0,2410,480,189.25,111.5,151.0,1.8751,1,0
2900,divergence_junction,0,2410,490,68.05,179.3,145.84,4.0488,1,2
2922,inferred_outlet,0,2410,512,52.63,157.0,143.12,2.1029,1,0
2933,inferred_outlet,0,2410,523,102.7,156.43,146.36,1.2325,1,0
2965,divergence_junction,0,2410,555,104.02,124.2,199.48,2.7639,1,2
2992,divergence_junction,0,2410,582,129.25,155.17,184.84,1.016,1,2
3044,inferred_outlet,0,2410,634,189.25,184.85,167.2,1.0,1,0
3107,divergence_junction,0,2410,697,13.17,69.83,150.0,4.5855,1,2
3126,inferred_outlet,0,2410,716,1.0,80.65,109.0,5.1215,1,0
3150,divergence_junction,0,2410,740,162.68,42.77,138.64,3.4011,1,2
3173,inferred_outlet,0,2410,763,188.25,54.5,165.0,1.8114,1,0
3238,divergence_junction,0,2410,828,92.0,49.0,111.0,1.128,1,2
3274,divergence_junction,0,2410,864,130.04,82.04,87.18,1.097,1,2
3368,inferred_outlet,0,2410,958,114.0,189.0,100.0,1.1543,1,0
3422,inferred_outlet,0,2410,1012,155.33,187.12,144.1,1.142,1,0
3437,inferred_outlet,0,2410,1027,165.0,96.36,82.66,1.103,1,0
3461,divergence_junction,0,2410,1051,155.46,159.75,158.16,1.141,1,2
3488,inferred_outlet,0,2410,1078,188.25,167.58,151.16,1.0,1,0
3552,divergence_junction,0,2410,1142,85.94,102.28,173.76,2.3346,1,2
3587,divergence_junction,0,2410,1177,106.0,71.32,178.44,1.8803,1,2
3655,divergence_junction,0,2410,1245,53.51,61.0,236.72,7.5108,1,2
3700,inferred_outlet,0,2410,1290,1.8,34.9,268.6,3.751,1,0
3724,divergence_junction,0,2410,1314,152.96,87.66,108.8,4.5796,1,2
3749,divergence_junction,0,2410,1339,159.44,107.11,52.66,1.0717,1,2
3854,inferred_outlet,0,2410,1444,101.38,188.88,126.5,1.159,1,0
3963,divergence_junction,0,2410,1553,26.75,79.96,182.42,1.5627,1,2
4061,inferred_outlet,0,2410,1651,41.8,189.87,174.14,1.3327,1,0
4069,divergence_junction,0,2410,1659,98.36,116.43,209.28,2.5049,1,2
4129,divergence_junction,0,2410,1719,32.95,93.87,274.14,6.7172,1,2
4188,divergence_junction,0,2410,1778,44.29,156.57,290.0,3.7872,1,2
4231,inferred_outlet,0,2410,1821,2.0,174.0,250.24,1.0,1,0
4240,inferred_outlet,0,2410,1830,118.68,157.54,184.98,1.0,1,0
4252,divergence_junction,0,2410,1842,26.77,71.01,132.52,6.9178,1,2
4273,divergence_junction,0,2410,1863,25.78,49.86,111.98,9.0901,1,2
4275,divergence_junction,0,2410,1865,24.67,54.5,100.34,7.8638,1,2
4310,divergence_junction,0,2410,1900,20.73,78.58,39.82,5.7709,1,2
4346,inferred_outlet,0,2410,1936,2.75,112.95,34.04,4.8808,1,0
4363,divergence_junction,0,2410,1953,173.11,27.38,106.68,6.6002,1,2
4368,divergence_junction,0,2410,1958,172.91,19.33,99.62,6.2254,1,2
4385,inferred_outlet,0,2410,1975,158.44,2.33,107.12,5.2185,1,0
4461,inferred_outlet,0,2410,2051,75.6,2.2,74.0,6.4415,1,0
4484,inferred_outlet,0,2410,2074,164.01,96.36,82.78,1.255,1,0
4492,divergence_junction,0,2410,2082,150.22,167.67,163.12,1.019,1,2
4520,inferred_outlet,0,2410,2110,117.89,187.37,186.28,1.2124,1,0
4595,inferred_outlet,0,2410,2185,1.75,98.56,206.24,3.1879,1,0
4634,divergence_junction,0,2410,2224,149.12,77.77,155.96,5.1446,1,2
4671,inferred_outlet,0,2410,2261,188.25,58.5,131.0,5.2148,1,0
4680,divergence_junction,0,2410,2270,62.75,53.0,265.5,7.4275,1,2
4688,divergence_junction,0,2410,2278,54.62,42.54,267.46,7.3001,1,2
4713,divergence_junction,0,2410,2303,61.94,13.16,247.06,8.2646,1,2
4737,inferred_outlet,0,2410,2327,22.09,0.91,271.82,7.932,1,0
4773,inferred_outlet,0,2410,2363,189.25,69.75,98.12,5.1103,1,0
4793,divergence_junction,0,2410,2383,182.7,118.05,49.46,1.3889,1,2
4833,inferred_outlet,0,2410,2423,189.92,163.77,76.3,1.106,1,0
4846,divergence_junction,0,2410,2436,21.21,64.75,194.58,2.9113,1,2
4861,divergence_junction,0,2410,2451,10.05,48.44,208.08,3.606,1,2
4872,inferred_outlet,0,2410,2462,2.0,38.38,215.76,3.197,1,0
4875,divergence_junction,0,2410,2465,103.93,119.21,222.3,1.8204,1,2
4901,divergence_junction,0,2410,2491,133.88,125.12,225.76,5.1339,1,2
4902,divergence_junction,0,2410,2492,138.75,124.5,221.24,5.1866,1,2
4912,divergence_junction,0,2410,2502,144.33,119.33,244.0,3.1549,1,2
4969,inferred_outlet,0,2410,2559,188.25,78.5,285.0,1.3221,1,0
5000,inferred_outlet,0,2410,2590,1.66,74.1,316.6,4.0906,1,0
5058,divergence_junction,0,2410,2648,75.14,164.1,288.26,1.8997,1,2
5133,divergence_junction,0,2410,2723,49.63,147.91,229.04,6.7429,1,2
5145,divergence_junction,0,2410,2735,52.05,133.7,213.64,6.5638,1,2
5160,divergence_junction,0,2410,2750,36.01,121.86,221.4,7.0898,1,2
5211,divergence_junction,0,2410,2801,88.71,150.97,273.3,4.892,1,2
5237,divergence_junction,0,2410,2827,99.69,180.48,241.58,4.6094,1,2
5243,inferred_outlet,0,2410,2833,106.98,178.35,236.74,4.0503,1,0
5320,divergence_junction,0,2410,2910,24.38,156.57,194.24,1.3157,1,2
5356,inferred_outlet,0,2410,2946,56.54,187.91,199.08,2.9768,1,0
5369,divergence_junction,0,2410,2959,33.17,31.16,112.04,8.5784,1,2
5405,divergence_junction,0,2410,2995,63.08,68.26,163.0,6.1146,1,2
5423,inferred_outlet,0,2410,3013,81.85,77.1,153.64,4.2067,1,0
5490,divergence_junction,0,2410,3080,36.69,128.32,132.16,3.432,1,2
5513,inferred_outlet,0,2410,3103,52.05,155.58,143.0,2.2155,1,0
5597,inferred_outlet,0,2410,3187,39.08,158.77,2.16,2.0993,1,0
5613,inferred_outlet,0,2410,3203,189.92,44.83,100.5,5.725,1,0
5628,inferred_outlet,0,2410,3218,188.9,8.1,79.4,5.5493,1,0
5647,inferred_outlet,0,2410,3237,147.38,189.12,169.76,1.129,1,0
5707,divergence_junction,0,2410,3297,163.07,60.14,199.02,9.8209,1,2
5711,divergence_junction,0,2410,3301,160.66,63.58,210.88,9.4102,1,2
5713,divergence_junction,0,2410,3303,158.42,64.32,215.0,9.0663,1,2
5714,inferred_outlet,0,2410,3304,156.37,64.86,218.0,8.6171,1,0
5733,divergence_junction,0,2410,3323,84.87,63.18,263.2,6.6154,1,2
5750,divergence_junction,0,2410,3340,106.94,65.24,269.0,2.2047,1,2
5889,inferred_outlet,0,2410,3479,188.94,109.31,304.12,1.8835,1,0
5895,divergence_junction,0,2410,3485,46.61,44.61,294.16,3.5753,1,2
5928,divergence_junction,0,2410,3518,36.58,79.21,322.04,1.8362,1,2
5987,inferred_outlet,0,2410,3577,2.75,136.75,340.5,1.3455,1,0
6009,inferred_outlet,0,2410,3599,88.58,25.18,221.44,5.8397,1,0
6016,inferred_outlet,0,2410,3606,189.12,117.58,46.2,1.4355,1,0
6055,divergence_junction,0,2410,3645,51.75,26.1,191.1,5.0766,1,2
6074,divergence_junction,0,2410,3664,42.88,3.62,205.0,8.6071,1,2
6092,inferred_outlet,0,2410,3682,22.95,0.93,244.38,7.7106,1,0
6104,inferred_outlet,0,2410,3694,2.88,53.96,238.7,2.9707,1,0
6124,inferred_outlet,0,2410,3714,2.0,158.73,210.72,1.0869,1,0
6141,divergence_junction,0,2410,3731,33.56,10.0,122.76,8.965,1,2
6157,divergence_junction,0,2410,3747,7.03,9.73,108.2,5.9234,1,2
6161,inferred_outlet,0,2410,3751,5.93,3.07,90.0,5.882,1,0
6203,inferred_outlet,0,2410,3793,61.27,117.1,153.06,2.4581,1,0
6334,divergence_junction,0,2410,3924,72.0,76.0,58.58,8.7615,1,2
6342,divergence_junction,0,2410,3932,71.65,65.94,50.24,8.9542,1,2
6350,divergence_junction,0,2410,3940,73.64,67.18,25.64,9.407,1,2
6355,divergence_junction,0,2410,3945,74.85,73.72,14.72,8.418,1,2
6361,divergence_junction,0,2410,3951,81.5,82.61,23.5,5.1699,1,2
6433,divergence_junction,0,2410,4023,35.93,159.07,47.06,2.6992,1,2
6464,inferred_outlet,0,2410,4054,2.26,131.57,70.54,3.2847,1,0
6485,divergence_junction,0,2410,4075,142.0,44.0,203.5,7.3225,1,2
6506,divergence_junction,0,2410,4096,116.89,27.57,214.68,7.1627,1,2
6530,inferred_outlet,0,2410,4120,118.0,3.0,212.6,7.3994,1,0
6551,inferred_outlet,0,2410,4141,189.0,81.23,214.76,3.3634,1,0
6610,divergence_junction,0,2410,4200,132.02,13.8,249.3,4.2939,1,2
6635,inferred_outlet,0,2410,4225,144.62,2.92,217.5,2.8509,1,0
6652,divergence_junction,0,2410,4242,82.0,85.55,270.08,5.2417,1,2
6681,inferred_outlet,0,2410,4271,80.39,115.92,239.72,3.7003,1,0
6688,divergence_junction,0,2410,4278,106.0,60.6,292.4,1.8826,1,2
6804,divergence_junction,0,2410,4394,154.97,52.55,244.52,8.4361,1,2
6813,inferred_outlet,0,2410,4403,153.79,65.57,221.58,8.0282,1,0
6903,divergence_junction,0,2410,4493,18.92,108.55,366.98,5.6091,1,2
6942,inferred_outlet,0,2410,4532,50.14,141.86,380.86,4.6547,1,0
6972,inferred_outlet,0,2410,4562,2.0,66.83,299.0,3.9186,1,0
6982,divergence_junction,0,2410,4572,62.43,20.1,187.48,4.7216,1,2
6996,inferred_outlet,0,2410,4586,58.86,3.75,167.26,4.856,1,0
6997,inferred_outlet,0,2410,4587,43.27,2.36,204.36,8.5782,1,0
7005,inferred_outlet,0,2410,4595,32.79,2.88,127.58,9.0272,1,0
7008,inferred_outlet,0,2410,4598,3.33,9.33,109.66,5.8662,1,0
7057,inferred_outlet,0,2410,4647,59.96,124.16,108.84,4.4652,1,0
7117,divergence_junction,0,2410,4707,39.31,7.0,64.9,7.0921,1,2
7160,divergence_junction,0,2410,4750,26.5,41.17,36.86,1.9505,1,2
7169,divergence_junction,0,2410,4759,29.33,25.46,16.68,5.3102,1,2
7219,divergence_junction,0,2410,4809,89.84,28.98,19.46,3.2121,1,2
7242,inferred_outlet,0,2410,4832,98.71,2.88,13.8,1.681,1,0
7255,inferred_outlet,0,2410,4845,85.94,48.09,29.52,7.5357,1,0
7259,inferred_outlet,0,2410,4849,74.17,74.17,5.0,7.9145,1,0
7280,inferred_outlet,0,2410,4870,104.4,69.49,8.28,4.4654,1,0
7294,divergence_junction,0,2410,4884,46.93,173.75,36.76,6.4068,1,2
7448,inferred_outlet,0,2410,5038,188.25,75.58,14.84,1.5577,1,0
7479,divergence_junction,0,2410,5069,177.0,31.6,193.6,5.7828,1,2
7492,inferred_outlet,0,2410,5082,188.92,42.83,219.16,4.9048,1,0
7494,divergence_junction,0,2410,5084,115.5,31.0,215.24,6.854,1,2
7518,inferred_outlet,0,2410,5108,89.96,25.76,221.04,5.8677,1,0
7545,inferred_outlet,0,2410,5135,135.88,2.75,268.62,2.701,1,0
7591,divergence_junction,0,2410,5181,82.74,103.36,378.26,2.5436,1,2
7597,inferred_outlet,0,2410,5187,81.0,110.0,381.0,2.6986,1,0
7612,divergence_junction,0,2410,5202,95.6,45.75,288.0,1.7913,1,2
7728,divergence_junction,0,2410,5318,174.25,7.33,351.12,3.8077,1,2
7733,inferred_outlet,0,2410,5323,173.59,2.88,342.62,2.7158,1,0
7762,inferred_outlet,0,2410,5352,189.25,32.83,262.46,4.5904,1,0
7771,inferred_outlet,0,2410,5361,1.59,112.3,380.0,5.5482,1,0
7824,inferred_outlet,0,2410,5414,99.91,3.27,160.36,2.6751,1,0
7828,inferred_outlet,0,2410,5418,42.85,1.85,57.7,6.8561,1,0
7850,inferred_outlet,0,2410,5440,1.33,39.22,43.34,1.4964,1,0
7851,divergence_junction,0,2410,5441,28.17,25.72,14.78,5.4463,1,2
7874,inferred_outlet,0,2410,5464,2.0,24.5,22.0,3.2141,1,0
7877,divergence_junction,0,2410,5467,92.81,35.94,15.3,6.1401,1,2
7882,inferred_outlet,0,2410,5472,98.64,38.64,6.18,5.8215,1,0
7922,divergence_junction,0,2410,5512,63.02,161.97,4.96,3.5413,1,2
7927,inferred_outlet,0,2410,5517,57.12,157.0,2.0,3.65,1,0
7938,inferred_outlet,0,2410,5528,188.91,27.46,195.08,5.4945,1,0
7939,inferred_outlet,0,2410,5529,116.25,31.25,215.12,6.918,1,0
7956,inferred_outlet,0,2410,5546,100.5,92.17,380.34,1.4775,1,0
7996,inferred_outlet,0,2410,5586,100.0,3.08,266.16,1.1322,1,0
8010,inferred_outlet,0,2410,5600,188.25,9.88,358.24,2.1289,1,0
8013,inferred_outlet,0,2410,5603,28.6,27.0,4.4,5.0401,1,0
8019,inferred_outlet,0,2410,5609,87.5,46.24,27.84,7.0617,1,0
8027,inferred_outlet,0,2410,5617,72.5,161.32,1.8,3.5466,1,0
8077,divergence_junction,0,2410,5667,92.93,179.25,171.94,3.1766,1,2
8084,inferred_outlet,0,2410,5674,88.55,188.25,169.56,3.3456,1,0
8103,divergence_junction,0,2410,5693,124.82,146.02,256.4,2.8142,1,2
8132,divergence_junction,0,2410,5722,109.38,120.41,282.32,2.2946,1,2
8206,inferred_outlet,0,2410,5796,174.78,83.0,278.88,1.25,1,0
8306,divergence_junction,0,2410,5896,134.66,185.03,215.14,2.4017,1,2
8323,inferred_outlet,0,2410,5913,111.62,187.62,217.0,2.0993,1,0
8367,inferred_outlet,0,2410,5957,189.71,149.0,255.0,1.7288,1,0
8397,divergence_junction,0,2410,5987,72.05,135.61,332.94,8.1114,1,2
8406,divergence_junction,0,2410,5996,71.23,148.06,332.96,6.8005,1,2
8432,divergence_junction,0,2410,6022,40.37,153.46,328.3,5.1419,1,2
8477,inferred_outlet,0,2410,6067,30.05,184.53,306.44,2.3887,1,0
8516,inferred_outlet,0,2410,6106,47.67,189.78,220.88,5.9612,1,0
8569,inferred_outlet,0,2410,6159,117.77,157.7,185.02,1.0,1,0
8576,divergence_junction,0,2410,6166,26.12,116.62,225.02,6.3534,1,2
8590,divergence_junction,0,2410,6180,9.56,118.0,224.44,5.8945,1,2
8651,inferred_outlet,0,2410,6241,8.75,187.25,215.0,1.14,1,0
8679,inferred_outlet,0,2410,6269,80.23,116.91,239.58,3.8084,1,0
8687,inferred_outlet,0,2410,6277,96.92,188.75,239.34,4.5988,1,0
8697,inferred_outlet,0,2410,6287,104.89,188.67,166.88,3.0899,1,0
8739,divergence_junction,0,2410,6329,173.18,169.1,293.3,2.3168,1,2
8760,inferred_outlet,0,2410,6350,189.86,180.86,323.14,1.423,1,0
8852,inferred_outlet,0,2410,6442,101.01,164.34,361.08,1.305,1,0
8855,divergence_junction,0,2410,6445,133.89,181.18,220.82,2.5371,1,2
8875,inferred_outlet,0,2410,6465,107.97,178.0,236.0,3.9468,1,0
8887,divergence_junction,0,2410,6477,66.64,122.38,340.44,8.0723,1,2
8889,divergence_junction,0,2410,6479,63.71,120.43,345.42,7.8401,1,2
8945,divergence_junction,0,2410,6535,50.32,59.75,367.96,8.4607,1,2
8978,divergence_junction,0,2410,6568,91.35,54.33,340.56,6.9408,1,2
9005,divergence_junction,0,2410,6595,121.15,76.85,331.08,6.6773,1,2
9033,divergence_junction,0,2410,6623,123.59,109.75,331.6,8.5466,1,2
9117,inferred_outlet,0,2410,6707,188.25,34.8,337.58,3.0232,1,0
9152,inferred_outlet,0,2410,6742,87.06,189.83,356.12,3.5068,1,0
9195,inferred_outlet,0,2410,6785,1.07,143.73,284.0,5.1252,1,0
9226,divergence_junction,0,2410,6816,13.5,86.02,233.08,5.9949,1,2
9236,inferred_outlet,0,2410,6826,4.12,90.75,238.76,5.7732,1,0
9244,inferred_outlet,0,2410,6834,1.75,118.0,230.62,5.112,1,0
9259,inferred_outlet,0,2410,6849,188.25,173.5,293.0,1.6021,1,0
9288,inferred_outlet,0,2410,6878,163.32,189.12,245.56,2.158,1,0
9330,inferred_outlet,0,2410,6920,100.06,163.68,361.68,1.5565,1,0
9334,divergence_junction,0,2410,6924,60.22,124.56,347.12,6.7084,1,2
9335,divergence_junction,0,2410,6925,58.71,125.52,347.54,6.2411,1,2
9384,inferred_outlet,0,2410,6974,92.36,181.09,379.28,3.0936,1,0
9441,inferred_outlet,0,2410,7031,14.52,3.1,284.1,8.0421,1,0
9450,divergence_junction,0,2410,7040,93.83,45.67,341.56,6.6429,1,2
9490,inferred_outlet,0,2410,7080,56.65,16.3,378.5,5.1357,1,0
9548,inferred_outlet,0,2410,7138,189.25,92.42,345.16,4.1613,1,0
9590,inferred_outlet,0,2410,7180,142.12,105.75,378.5,4.7718,1,0
9600,inferred_outlet,0,2410,7190,2.5,79.15,236.9,5.6205,1,0
9661,inferred_outlet,0,2410,7251,58.9,189.25,359.1,1.2785,1,0
9662,inferred_outlet,0,2410,7252,58.01,125.14,347.2,6.2648,1,0
9702,divergence_junction,0,2410,7292,140.39,23.9,359.74,6.032,1,3
9745,inferred_outlet,0,2410,7335,189.83,19.25,380.84,3.3365,1,0
9807,inferred_outlet,0,2410,7397,81.09,60.46,380.92,4.161,1,0
9828,inferred_outlet,0,2410,7418,115.04,2.29,369.5,4.9566,1,0
