branch_id,upstream_node_id,downstream_node_id,source_node_ids,point_count,component_id,root_node_id,depth,parent_branch_ids,daughter_branch_ids,strahler_order,horsfield_order,downstream_terminal_count,downstream_branch_count,raw_length_um,derived_length_um,tortuosity,mean_radius_um,proximal_boundary_contact,distal_boundary_contact,flow_direction_rule
0,2410,2419,2410;2411;2412;2413;2414;2415;2416;2417;2418;2419,10,0,2410,0,,1;2,6,17,122,242,25.008115037037744,24.967138868046817,1.0857689716276164,4.999775722297416,False,False,upstream_node_id -> downstream_node_id
1,2419,2427,2419;2420;2421;2422;2423;2424;2425;2426;2427,9,0,2410,1,0,3;4,5,16,73,145,9.642722129664035,9.635854218569134,1.0116394926062453,5.024195340677786,False,False,upstream_node_id -> downstream_node_id
2,2419,2540,2419;2510;2511;2512;2513;2514;2515;2516;2517;2518;2519;2520;2521;2522;2523;2524;2525;2526;2527;2528;2529;2530;2531;2532;2533;2534;2535;2536;2537;2538;2539;2540,32,0,2410,1,0,9;10,5,16,49,96,40.503443044308916,40.45900925065257,1.0270336954755828,4.518497690001347,False,False,upstream_node_id -> downstream_node_id
3,2427,2430,2427;2428;2429;2430,4,0,2410,2,1,5;6,4,14,42,83,10.722842394877881,10.717262392293634,1.005851132252617,4.164290026557972,False,False,upstream_node_id -> downstream_node_id
4,2427,2608,2427;2588;2589;2590;2591;2592;2593;2594;2595;2596;2597;2598;2599;2600;2601;2602;2603;2604;2605;2606;2607;2608,22,0,2410,2,1,15;16,4,15,31,61,29.803537060667143,29.76739205819909,1.1224543516385788,3.260037951852539,False,False,upstream_node_id -> downstream_node_id
5,2430,2475,2430;2431;2432;2433;2434;2435;2436;2437;2438;2439;2440;2441;2442;2443;2444;2445;2446;2447;2448;2449;2450;2451;2452;2453;2454;2455;2456;2457;2458;2459;2460;2461;2462;2463;2464;2465;2466;2467;2468;2469;2470;2471;2472;2473;2474;2475,46,0,2410,3,3,7;8,4,13,36,71,61.604854780127035,61.553842945489706,1.098570651236697,1.5558625917836892,False,False,upstream_node_id -> downstream_node_id
6,2430,2730,2430;2718;2719;2720;2721;2722;2723;2724;2725;2726;2727;2728;2729;2730,14,0,2410,3,3,19;20,3,4,6,11,13.956033656564141,13.943524019604949,1.021547179438614,3.635493767850711,False,False,upstream_node_id -> downstream_node_id
7,2475,2509,2475;2476;2477;2478;2479;2480;2481;2482;2483;2484;2485;2486;2487;2488;2489;2490;2491;2492;2493;2494;2495;2496;2497;2498;2499;2500;2501;2502;2503;2504;2505;2506;2507;2508;2509,35,0,2410,4,5,,1,1,1,1,47.30722431574628,47.255176732066346,1.1722796016201171,1.1124950006950856,False,False,upstream_node_id -> downstream_node_id
8,2475,2851,2475;2835;2836;2837;2838;2839;2840;2841;2842;2843;2844;2845;2846;2847;2848;2849;2850;2851,18,0,2410,4,5,25;26,4,12,35,69,18.68052254263667,18.592755484061954,1.115060410200768,1.1392615026373756,False,False,upstream_node_id -> downstream_node_id
9,2540,2550,2540;2541;2542;2543;2544;2545;2546;2547;2548;2549;2550,11,0,2410,2,2,11;12,5,15,41,80,18.616744664625266,18.59216823957478,1.0666714035200364,2.8842640681912415,False,False,upstream_node_id -> downstream_node_id
10,2540,2900,2540;2891;2892;2893;2894;2895;2896;2897;2898;2899;2900,11,0,2410,2,2,31;32,3,6,8,15,16.26530331860012,16.223101440259725,1.1091301437634726,3.81479767341543,False,False,upstream_node_id -> downstream_node_id
11,2550,2552,2550;2551;2552,3,0,2410,3,9,13;14,5,14,40,78,7.836569273597851,7.830897683411285,1.011506688078991,1.8855789168756867,False,False,upstream_node_id -> downstream_node_id
12,2550,2933,2550;2923;2924;2925;2926;2927;2928;2929;2930;2931;2932;2933,12,0,2410,3,9,,1,1,1,1,17.361569328262085,17.33463689425789,1.0337402234841668,1.5011027823926824,False,False,upstream_node_id -> downstream_node_id
13,2552,2587,2552;2553;2554;2555;2556;2557;2558;2559;2560;2561;2562;2563;2564;2565;2566;2567;2568;2569;2570;2571;2572;2573;2574;2575;2576;2577;2578;2579;2580;2581;2582;2583;2584;2585;2586;2587,36,0,2410,4,11,,1,1,1,1,52.58344675692505,52.536626830331635,1.0327208863819677,1.815060084115377,False,False,upstream_node_id -> downstream_node_id
14,2552,2965,2552;2934;2935;2936;2937;2938;2939;2940;2941;2942;2943;2944;2945;2946;2947;2948;2949;2950;2951;2952;2953;2954;2955;2956;2957;2958;2959;2960;2961;2962;2963;2964;2965,33,0,2410,4,11,33;34,5,13,39,76,63.23466337450264,63.16105980620856,1.1697229072093456,1.5822292068689894,False,False,upstream_node_id -> downstream_node_id
15,2608,2674,2608;2609;2610;2611;2612;2613;2614;2615;2616;2617;2618;2619;2620;2621;2622;2623;2624;2625;2626;2627;2628;2629;2630;2631;2632;2633;2634;2635;2636;2637;2638;2639;2640;2641;2642;2643;2644;2645;2646;2647;2648;2649;2650;2651;2652;2653;2654;2655;2656;2657;2658;2659;2660;2661;2662;2663;2664;2665;2666;2667;2668;2669;2670;2671;2672;2673;2674,67,0,2410,3,4,17;18,2,5,5,9,97.10072391859532,97.04293974431711,1.173692350425644,1.3155077941703648,False,False,upstream_node_id -> downstream_node_id
16,2608,3107,2608;3045;3046;3047;3048;3049;3050;3051;3052;3053;3054;3055;3056;3057;3058;3059;3060;3061;3062;3063;3064;3065;3066;3067;3068;3069;3070;3071;3072;3073;3074;3075;3076;3077;3078;3079;3080;3081;3082;3083;3084;3085;3086;3087;3088;3089;3090;3091;3092;3093;3094;3095;3096;3097;3098;3099;3100;3101;3102;3103;3104;3105;3106;3107,64,0,2410,3,4,37;38,4,14,26,51,109.21084125879749,109.14316151331111,1.3147311673759365,1.5389296189769306,False,False,upstream_node_id -> downstream_node_id
17,2674,2717,2674;2675;2676;2677;2678;2679;2680;2681;2682;2683;2684;2685;2686;2687;2688;2689;2690;2691;2692;2693;2694;2695;2696;2697;2698;2699;2700;2701;2702;2703;2704;2705;2706;2707;2708;2709;2710;2711;2712;2713;2714;2715;2716;2717,44,0,2410,4,15,,1,1,1,1,66.55621686575735,66.52555590965288,1.122272923955757,1.3724587855508796,False,False,upstream_node_id -> downstream_node_id
18,2674,3150,2674;3127;3128;3129;3130;3131;3132;3133;3134;3135;3136;3137;3138;3139;3140;3141;3142;3143;3144;3145;3146;3147;3148;3149;3150,25,0,2410,4,15,39;40,2,4,4,7,38.99877229010091,38.90373143588771,1.0762596038563716,1.7859977437739112,False,False,upstream_node_id -> downstream_node_id
19,2730,2809,2730;2731;2732;2733;2734;2735;2736;2737;2738;2739;2740;2741;2742;2743;2744;2745;2746;2747;2748;2749;2750;2751;2752;2753;2754;2755;2756;2757;2758;2759;2760;2761;2762;2763;2764;2765;2766;2767;2768;2769;2770;2771;2772;2773;2774;2775;2776;2777;2778;2779;2780;2781;2782;2783;2784;2785;2786;2787;2788;2789;2790;2791;2792;2793;2794;2795;2796;2797;2798;2799;2800;2801;2802;2803;2804;2805;2806;2807;2808;2809,80,0,2410,4,6,21;22,2,3,3,5,120.80611474134841,120.22078385223186,1.22945555703336,1.1963380735344475,False,False,upstream_node_id -> downstream_node_id
20,2730,3238,2730;3174;3175;3176;3177;3178;3179;3180;3181;3182;3183;3184;3185;3186;3187;3188;3189;3190;3191;3192;3193;3194;3195;3196;3197;3198;3199;3200;3201;3202;3203;3204;3205;3206;3207;3208;3209;3210;3211;3212;3213;3214;3215;3216;3217;3218;3219;3220;3221;3222;3223;3224;3225;3226;3227;3228;3229;3230;3231;3232;3233;3234;3235;3236;3237;3238,66,0,2410,4,6,41;42,2,3,3,5,115.22855716049048,114.87801983407802,1.8242601680591852,2.6860456128229333,False,False,upstream_node_id -> downstream_node_id
21,2809,2827,2809;2810;2811;2812;2813;2814;2815;2816;2817;2818;2819;2820;2821;2822;2823;2824;2825;2826;2827,19,0,2410,5,19,23;24,2,2,2,3,32.16229801013722,32.14730581455989,1.0380908091663743,1.324037222008749,False,False,upstream_node_id -> downstream_node_id
22,2809,3422,2809;3369;3370;3371;3372;3373;3374;3375;3376;3377;3378;3379;3380;3381;3382;3383;3384;3385;3386;3387;3388;3389;3390;3391;3392;3393;3394;3395;3396;3397;3398;3399;3400;3401;3402;3403;3404;3405;3406;3407;3408;3409;3410;3411;3412;3413;3414;3415;3416;3417;3418;3419;3420;3421;3422,55,0,2410,5,19,,1,1,1,1,87.03761781295992,86.95702553229694,1.0861326183466207,1.142678519482536,False,False,upstream_node_id -> downstream_node_id
23,2827,2834,2827;2828;2829;2830;2831;2832;2833;2834,8,0,2410,6,21,,1,1,1,1,9.041253160565798,9.03818251648012,1.0027401360699169,1.0026441120100453,False,False,upstream_node_id -> downstream_node_id
24,2827,3437,2827;3423;3424;3425;3426;3427;3428;3429;3430;3431;3432;3433;3434;3435;3436;3437,16,0,2410,6,21,,1,1,1,1,17.543113506966115,17.53356108536677,1.04742825723118,1.0589388543172937,False,False,upstream_node_id -> downstream_node_id
25,2851,2863,2851;2852;2853;2854;2855;2856;2857;2858;2859;2860;2861;2862;2863,13,0,2410,5,8,27;28,4,11,32,63,18.86919980942421,18.807239174055468,1.215071295391919,1.0801098922716532,False,False,upstream_node_id -> downstream_node_id
26,2851,3461,2851;3438;3439;3440;3441;3442;3443;3444;3445;3446;3447;3448;3449;3450;3451;3452;3453;3454;3455;3456;3457;3458;3459;3460;3461,25,0,2410,5,8,45;46,2,3,3,5,32.70408392157629,32.6706213443425,1.049209112323376,1.2730635330195008,False,False,upstream_node_id -> downstream_node_id
27,2863,2875,2863;2864;2865;2866;2867;2868;2869;2870;2871;2872;2873;2874;2875,13,0,2410,6,25,29;30,2,5,5,9,22.38605389857346,22.35509015468605,1.0993161289023694,1.597098996448888,False,False,upstream_node_id -> downstream_node_id
28,2863,3552,2863;3489;3490;3491;3492;3493;3494;3495;3496;3497;3498;3499;3500;3501;3502;3503;3504;3505;3506;3507;3508;3509;3510;3511;3512;3513;3514;3515;3516;3517;3518;3519;3520;3521;3522;3523;3524;3525;3526;3527;3528;3529;3530;3531;3532;3533;3534;3535;3536;3537;3538;3539;3540;3541;3542;3543;3544;3545;3546;3547;3548;3549;3550;3551;3552,65,0,2410,6,25,47;48,4,10,27,53,80.31639789320636,80.2471994444679,1.0879497609776005,1.1595547182504322,False,False,upstream_node_id -> downstream_node_id
29,2875,2890,2875;2876;2877;2878;2879;2880;2881;2882;2883;2884;2885;2886;2887;2888;2889;2890,16,0,2410,7,27,,1,1,1,1,17.878609004267698,17.848955571432096,1.019087304140103,1.910698558244676,False,False,upstream_node_id -> downstream_node_id
30,2875,3724,2875;3701;3702;3703;3704;3705;3706;3707;3708;3709;3710;3711;3712;3713;3714;3715;3716;3717;3718;3719;3720;3721;3722;3723;3724,25,0,2410,7,27,53;54,2,4,4,7,50.671333617482325,50.6483374193216,1.0452675488001795,3.314872053504417,False,False,upstream_node_id -> downstream_node_id
31,2900,2922,2900;2901;2902;2903;2904;2905;2906;2907;2908;2909;2910;2911;2912;2913;2914;2915;2916;2917;2918;2919;2920;2921;2922,23,0,2410,3,10,,1,1,1,1,28.107589864502085,28.072190124077345,1.0302398919354845,2.6672510721934626,False,False,upstream_node_id -> downstream_node_id
32,2900,3963,2900;3855;3856;3857;3858;3859;3860;3861;3862;3863;3864;3865;3866;3867;3868;3869;3870;3871;3872;3873;3874;3875;3876;3877;3878;3879;3880;3881;3882;3883;3884;3885;3886;3887;3888;3889;3890;3891;3892;3893;3894;3895;3896;3897;3898;3899;3900;3901;3902;3903;3904;3905;3906;3907;3908;3909;3910;3911;3912;3913;3914;3915;3916;3917;3918;3919;3920;3921;3922;3923;3924;3925;3926;3927;3928;3929;3930;3931;3932;3933;3934;3935;3936;3937;3938;3939;3940;3941;3942;3943;3944;3945;3946;3947;3948;3949;3950;3951;3952;3953;3954;3955;3956;3957;3958;3959;3960;3961;3962;3963,110,0,2410,3,10,57;58,3,5,7,13,161.02670262371046,160.79172677152886,1.4150220487937464,2.14148128934057,False,False,upstream_node_id -> downstream_node_id
33,2965,2992,2965;2966;2967;2968;2969;2970;2971;2972;2973;2974;2975;2976;2977;2978;2979;2980;2981;2982;2983;2984;2985;2986;2987;2988;2989;2990;2991;2992,28,0,2410,5,14,35;36,2,2,2,3,44.23970207572293,44.20991954388022,1.0391485353342083,1.5043719580665544,False,False,upstream_node_id -> downstream_node_id
34,2965,4069,2965;4062;4063;4064;4065;4066;4067;4068;4069,9,0,2410,5,14,59;60,5,12,37,72,14.15125684537018,14.137898389328685,1.029884480045973,2.9427963703994515,False,False,upstream_node_id -> downstream_node_id
35,2992,3044,2992;2993;2994;2995;2996;2997;2998;2999;3000;3001;3002;3003;3004;3005;3006;3007;3008;3009;3010;3011;3012;3013;3014;3015;3016;3017;3018;3019;3020;3021;3022;3023;3024;3025;3026;3027;3028;3029;3030;3031;3032;3033;3034;3035;3036;3037;3038;3039;3040;3041;3042;3043;3044,53,0,2410,6,33,,1,1,1,1,70.86186333271826,70.75651286316925,1.0221267488855852,1.0260147270634947,False,False,upstream_node_id -> downstream_node_id
36,2992,4240,2992;4232;4233;4234;4235;4236;4237;4238;4239;4240,10,0,2410,6,33,,1,1,1,1,10.93566487726757,10.913523761776371,1.0074009535174089,1.0018833499491444,False,False,upstream_node_id -> downstream_node_id
37,3107,3126,3107;3108;3109;3110;3111;3112;3113;3114;3115;3116;3117;3118;3119;3120;3121;3122;3123;3124;3125;3126,20,0,2410,4,16,,1,1,1,1,46.546864121154776,46.53900193756273,1.0549343109070464,5.079985205520068,False,True,upstream_node_id -> downstream_node_id
38,3107,4252,3107;4241;4242;4243;4244;4245;4246;4247;4248;4249;4250;4251;4252,13,0,2410,4,16,65;66,4,13,25,49,22.821275232842222,22.804295196007725,1.0281985968874527,5.629450860886121,False,False,upstream_node_id -> downstream_node_id
39,3150,3173,3150;3151;3152;3153;3154;3155;3156;3157;3158;3159;3160;3161;3162;3163;3164;3165;3166;3167;3168;3169;3170;3171;3172;3173,24,0,2410,5,18,,1,1,1,1,41.029789369788006,40.98465187755151,1.06309671101903,2.386401750881327,False,False,upstream_node_id -> downstream_node_id
40,3150,4363,3150;4347;4348;4349;4350;4351;4352;4353;4354;4355;4356;4357;4358;4359;4360;4361;4362;4363,18,0,2410,5,18,73;74,2,3,3,5,38.87244040880594,38.86600733506883,1.0511705518857968,4.6407750781470725,False,False,upstream_node_id -> downstream_node_id
41,3238,3274,3238;3239;3240;3241;3242;3243;3244;3245;3246;3247;3248;3249;3250;3251;3252;3253;3254;3255;3256;3257;3258;3259;3260;3261;3262;3263;3264;3265;3266;3267;3268;3269;3270;3271;3272;3273;3274,37,0,2410,5,20,43;44,2,2,2,3,58.46000665639164,58.39479496408062,1.047775229088467,1.129330266479477,False,False,upstream_node_id -> downstream_node_id
42,3238,4461,3238;4386;4387;4388;4389;4390;4391;4392;4393;4394;4395;4396;4397;4398;4399;4400;4401;4402;4403;4404;4405;4406;4407;4408;4409;4410;4411;4412;4413;4414;4415;4416;4417;4418;4419;4420;4421;4422;4423;4424;4425;4426;4427;4428;4429;4430;4431;4432;4433;4434;4435;4436;4437;4438;4439;4440;4441;4442;4443;4444;4445;4446;4447;4448;4449;4450;4451;4452;4453;4454;4455;4456;4457;4458;4459;4460;4461,77,0,2410,5,20,,1,1,1,1,129.11346404987012,128.99068126162524,2.084783816127213,3.2617039745354868,False,False,upstream_node_id -> downstream_node_id
43,3274,3368,3274;3275;3276;3277;3278;3279;3280;3281;3282;3283;3284;3285;3286;3287;3288;3289;3290;3291;3292;3293;3294;3295;3296;3297;3298;3299;3300;3301;3302;3303;3304;3305;3306;3307;3308;3309;3310;3311;3312;3313;3314;3315;3316;3317;3318;3319;3320;3321;3322;3323;3324;3325;3326;3327;3328;3329;3330;3331;3332;3333;3334;3335;3336;3337;3338;3339;3340;3341;3342;3343;3344;3345;3346;3347;3348;3349;3350;3351;3352;3353;3354;3355;3356;3357;3358;3359;3360;3361;3362;3363;3364;3365;3366;3367;3368,95,0,2410,6,41,,1,1,1,1,118.85418263513318,118.68470764093577,1.0897187424281631,1.1556428016538907,False,False,upstream_node_id -> downstream_node_id
44,3274,4484,3274;4462;4463;4464;4465;4466;4467;4468;4469;4470;4471;4472;4473;4474;4475;4476;4477;4478;4479;4480;4481;4482;4483;4484,24,0,2410,6,41,,1,1,1,1,40.84379331004932,40.719789930594764,1.0967825382774783,1.7957968917079286,False,False,upstream_node_id -> downstream_node_id
45,3461,3488,3461;3462;3463;3464;3465;3466;3467;3468;3469;3470;3471;3472;3473;3474;3475;3476;3477;3478;3479;3480;3481;3482;3483;3484;3485;3486;3487;3488,28,0,2410,6,26,,1,1,1,1,37.6943839369044,37.66741893111077,1.0939975899908805,1.0325765729206378,False,False,upstream_node_id -> downstream_node_id
46,3461,4492,3461;4485;4486;4487;4488;4489;4490;4491;4492,9,0,2410,6,26,77;78,2,2,2,3,11.07682453512635,11.063454037327448,1.0326354534588262,1.0879711535174037,False,False,upstream_node_id -> downstream_node_id
47,3552,3587,3552;3553;3554;3555;3556;3557;3558;3559;3560;3561;3562;3563;3564;3565;3566;3567;3568;3569;3570;3571;3572;3573;3574;3575;3576;3577;3578;3579;3580;3581;3582;3583;3584;3585;3586;3587,36,0,2410,7,28,49;50,4,9,26,51,43.587191958615534,43.51764302837512,1.1702572647617107,2.2679657007555822,False,False,upstream_node_id -> downstream_node_id
48,3552,4595,3552;4521;4522;4523;4524;4525;4526;4527;4528;4529;4530;4531;4532;4533;4534;4535;4536;4537;4538;4539;4540;4541;4542;4543;4544;4545;4546;4547;4548;4549;4550;4551;4552;4553;4554;4555;4556;4557;4558;4559;4560;4561;4562;4563;4564;4565;4566;4567;4568;4569;4570;4571;4572;4573;4574;4575;4576;4577;4578;4579;4580;4581;4582;4583;4584;4585;4586;4587;4588;4589;4590;4591;4592;4593;4594;4595,76,0,2410,7,28,,1,1,1,1,101.16933548395235,100.94717215950787,1.117726937050413,2.4824699576613276,False,False,upstream_node_id -> downstream_node_id
49,3587,3655,3587;3588;3589;3590;3591;3592;3593;3594;3595;3596;3597;3598;3599;3600;3601;3602;3603;3604;3605;3606;3607;3608;3609;3610;3611;3612;3613;3614;3615;3616;3617;3618;3619;3620;3621;3622;3623;3624;3625;3626;3627;3628;3629;3630;3631;3632;3633;3634;3635;3636;3637;3638;3639;3640;3641;3642;3643;3644;3645;3646;3647;3648;3649;3650;3651;3652;3653;3654;3655,69,0,2410,8,47,51;52,4,8,16,31,124.05416551288064,123.85411545182525,1.5656100834515694,3.8970509533312923,False,False,upstream_node_id -> downstream_node_id
50,3587,4634,3587;4596;4597;4598;4599;4600;4601;4602;4603;4604;4605;4606;4607;4608;4609;4610;4611;4612;4613;4614;4615;4616;4617;4618;4619;4620;4621;4622;4623;4624;4625;4626;4627;4628;4629;4630;4631;4632;4633;4634,40,0,2410,8,47,79;80,3,6,10,19,52.11986775011225,52.06106741893582,1.061302845977884,1.7912341918258794,False,False,upstream_node_id -> downstream_node_id
51,3655,3700,3655;3656;3657;3658;3659;3660;3661;3662;3663;3664;3665;3666;3667;3668;3669;3670;3671;3672;3673;3674;3675;3676;3677;3678;3679;3680;3681;3682;3683;3684;3685;3686;3687;3688;3689;3690;3691;3692;3693;3694;3695;3696;3697;3698;3699;3700,46,0,2410,9,49,,1,1,1,1,70.66536725299302,70.64105118540587,1.0684236101879434,5.180379475025809,False,False,upstream_node_id -> downstream_node_id
52,3655,4680,3655;4672;4673;4674;4675;4676;4677;4678;4679;4680,10,0,2410,9,49,81;82,4,7,15,29,32.51087370524182,32.501853905642115,1.039472197319227,7.745447606867109,False,False,upstream_node_id -> downstream_node_id
53,3724,3749,3724;3725;3726;3727;3728;3729;3730;3731;3732;3733;3734;3735;3736;3737;3738;3739;3740;3741;3742;3743;3744;3745;3746;3747;3748;3749,26,0,2410,8,30,55;56,2,3,3,5,63.31665602680951,63.29116958976824,1.0589802293779595,2.5078836330462724,False,False,upstream_node_id -> downstream_node_id
54,3724,4773,3724;4738;4739;4740;4741;4742;4743;4744;4745;4746;4747;4748;4749;4750;4751;4752;4753;4754;4755;4756;4757;4758;4759;4760;4761;4762;4763;4764;4765;4766;4767;4768;4769;4770;4771;4772;4773,37,0,2410,8,30,,1,1,1,1,54.64428581814135,54.56929701738663,1.3037873633695718,4.837818018699978,False,False,upstream_node_id -> downstream_node_id
55,3749,3854,3749;3750;3751;3752;3753;3754;3755;3756;3757;3758;3759;3760;3761;3762;3763;3764;3765;3766;3767;3768;3769;3770;3771;3772;3773;3774;3775;3776;3777;3778;3779;3780;3781;3782;3783;3784;3785;3786;3787;3788;3789;3790;3791;3792;3793;3794;3795;3796;3797;3798;3799;3800;3801;3802;3803;3804;3805;3806;3807;3808;3809;3810;3811;3812;3813;3814;3815;3816;3817;3818;3819;3820;3821;3822;3823;3824;3825;3826;3827;3828;3829;3830;3831;3832;3833;3834;3835;3836;3837;3838;3839;3840;3841;3842;3843;3844;3845;3846;3847;3848;3849;3850;3851;3852;3853;3854,106,0,2410,9,53,,1,1,1,1,153.2212777866299,153.13827098298967,1.2296537859838916,1.0743926853149197,False,False,upstream_node_id -> downstream_node_id
56,3749,4793,3749;4774;4775;4776;4777;4778;4779;4780;4781;4782;4783;4784;4785;4786;4787;4788;4789;4790;4791;4792;4793,21,0,2410,9,53,87;88,2,2,2,3,27.814230396997463,27.746321802327124,1.0711738253564906,1.2206162038990103,False,False,upstream_node_id -> downstream_node_id
57,3963,4061,3963;3964;3965;3966;3967;3968;3969;3970;3971;3972;3973;3974;3975;3976;3977;3978;3979;3980;3981;3982;3983;3984;3985;3986;3987;3988;3989;3990;3991;3992;3993;3994;3995;3996;3997;3998;3999;4000;4001;4002;4003;4004;4005;4006;4007;4008;4009;4010;4011;4012;4013;4014;4015;4016;4017;4018;4019;4020;4021;4022;4023;4024;4025;4026;4027;4028;4029;4030;4031;4032;4033;4034;4035;4036;4037;4038;4039;4040;4041;4042;4043;4044;4045;4046;4047;4048;4049;4050;4051;4052;4053;4054;4055;4056;4057;4058;4059;4060;4061,99,0,2410,4,32,,1,1,1,1,150.0406511888834,149.77219129418464,1.346337244113029,1.4800354768623736,False,False,upstream_node_id -> downstream_node_id
58,3963,4846,3963;4834;4835;4836;4837;4838;4839;4840;4841;4842;4843;4844;4845;4846,14,0,2410,4,32,89;90,3,4,6,11,22.805732579557922,22.774677031392162,1.124896535183514,2.2015742422377507,False,False,upstream_node_id -> downstream_node_id
59,4069,4129,4069;4070;4071;4072;4073;4074;4075;4076;4077;4078;4079;4080;4081;4082;4083;4084;4085;4086;4087;4088;4089;4090;4091;4092;4093;4094;4095;4096;4097;4098;4099;4100;4101;4102;4103;4104;4105;4106;4107;4108;4109;4110;4111;4112;4113;4114;4115;4116;4117;4118;4119;4120;4121;4122;4123;4124;4125;4126;4127;4128;4129,61,0,2410,6,34,61;62,4,11,26,50,113.06179672932463,113.0040331071681,1.1915483684333048,3.4754246046437784,False,False,upstream_node_id -> downstream_node_id
60,4069,4875,4069;4873;4874;4875,4,0,2410,6,34,93;94,4,6,11,21,14.814872749339912,14.78881807486285,1.0247460437326048,2.1701686878851683,False,False,upstream_node_id -> downstream_node_id
61,4129,4188,4129;4130;4131;4132;4133;4134;4135;4136;4137;4138;4139;4140;4141;4142;4143;4144;4145;4146;4147;4148;4149;4150;4151;4152;4153;4154;4155;4156;4157;4158;4159;4160;4161;4162;4163;4164;4165;4166;4167;4168;4169;4170;4171;4172;4173;4174;4175;4176;4177;4178;4179;4180;4181;4182;4183;4184;4185;4186;4187;4188,60,0,2410,7,59,63;64,4,10,25,48,79.80263448136543,79.71991232558112,1.2141053825434183,5.050756686925592,False,False,upstream_node_id -> downstream_node_id
62,4129,5000,4129;4970;4971;4972;4973;4974;4975;4976;4977;4978;4979;4980;4981;4982;4983;4984;4985;4986;4987;4988;4989;4990;4991;4992;4993;4994;4995;4996;4997;4998;4999;5000,32,0,2410,7,59,,1,1,1,1,64.5784385002386,64.5155179276331,1.1453678506368146,5.867142800542302,False,False,upstream_node_id -> downstream_node_id
63,4188,4231,4188;4189;4190;4191;4192;4193;4194;4195;4196;4197;4198;4199;4200;4201;4202;4203;4204;4205;4206;4207;4208;4209;4210;4211;4212;4213;4214;4215;4216;4217;4218;4219;4220;4221;4222;4223;4224;4225;4226;4227;4228;4229;4230;4231,44,0,2410,8,61,,1,1,1,1,77.97410410355045,77.90783676017142,1.2854772036002542,1.5185508564368453,False,False,upstream_node_id -> downstream_node_id
64,4188,5058,4188;5001;5002;5003;5004;5005;5006;5007;5008;5009;5010;5011;5012;5013;5014;5015;5016;5017;5018;5019;5020;5021;5022;5023;5024;5025;5026;5027;5028;5029;5030;5031;5032;5033;5034;5035;5036;5037;5038;5039;5040;5041;5042;5043;5044;5045;5046;5047;5048;5049;5050;5051;5052;5053;5054;5055;5056;5057;5058,59,0,2410,8,61,101;102,4,9,24,46,98.70168227294145,98.58702026104329,3.0998973756831507,2.2015646834557216,False,False,upstream_node_id -> downstream_node_id
65,4252,4273,4252;4253;4254;4255;4256;4257;4258;4259;4260;4261;4262;4263;4264;4265;4266;4267;4268;4269;4270;4271;4272;4273,22,0,2410,5,38,67;68,4,12,23,45,31.75481054865422,31.72325007194256,1.075398886793699,7.929287441013049,False,False,upstream_node_id -> downstream_node_id
66,4252,5320,4252;5244;5245;5246;5247;5248;5249;5250;5251;5252;5253;5254;5255;5256;5257;5258;5259;5260;5261;5262;5263;5264;5265;5266;5267;5268;5269;5270;5271;5272;5273;5274;5275;5276;5277;5278;5279;5280;5281;5282;5283;5284;5285;5286;5287;5288;5289;5290;5291;5292;5293;5294;5295;5296;5297;5298;5299;5300;5301;5302;5303;5304;5305;5306;5307;5308;5309;5310;5311;5312;5313;5314;5315;5316;5317;5318;5319;5320,78,0,2410,5,38,113;114,2,2,2,3,119.8698513896078,119.81231705127664,1.1353897415077774,1.9472826611510912,False,False,upstream_node_id -> downstream_node_id
67,4273,4275,4273;4274;4275,3,0,2410,6,65,69;70,3,11,18,35,12.633122670906332,12.628948089352788,1.0039071212781419,8.712114823830195,False,False,upstream_node_id -> downstream_node_id
68,4273,5369,4273;5357;5358;5359;5360;5361;5362;5363;5364;5365;5366;5367;5368;5369,14,0,2410,6,65,115;116,3,4,5,9,22.001703743625306,21.984084923678765,1.0933355285155988,8.609555797265974,False,False,upstream_node_id -> downstream_node_id
69,4275,4310,4275;4276;4277;4278;4279;4280;4281;4282;4283;4284;4285;4286;4287;4288;4289;4290;4291;4292;4293;4294;4295;4296;4297;4298;4299;4300;4301;4302;4303;4304;4305;4306;4307;4308;4309;4310,36,0,2410,7,67,71;72,2,2,2,3,79.40194642249651,79.13729872775751,1.212764101557098,7.444256125919552,False,False,upstream_node_id -> downstream_node_id
70,4275,5490,4275;5424;5425;5426;5427;5428;5429;5430;5431;5432;5433;5434;5435;5436;5437;5438;5439;5440;5441;5442;5443;5444;5445;5446;5447;5448;5449;5450;5451;5452;5453;5454;5455;5456;5457;5458;5459;5460;5461;5462;5463;5464;5465;5466;5467;5468;5469;5470;5471;5472;5473;5474;5475;5476;5477;5478;5479;5480;5481;5482;5483;5484;5485;5486;5487;5488;5489;5490,68,0,2410,7,67,119;120,3,10,16,31,109.60589584587771,109.54484089333543,1.3477519926751278,4.705194052328338,False,False,upstream_node_id -> downstream_node_id
71,4310,4346,4310;4311;4312;4313;4314;4315;4316;4317;4318;4319;4320;4321;4322;4323;4324;4325;4326;4327;4328;4329;4330;4331;4332;4333;4334;4335;4336;4337;4338;4339;4340;4341;4342;4343;4344;4345;4346,37,0,2410,8,69,,1,1,1,1,58.25520663649856,58.17670021540887,1.4834500777616655,5.4296930937680035,False,False,upstream_node_id -> downstream_node_id
72,4310,5597,4310;5514;5515;5516;5517;5518;5519;5520;5521;5522;5523;5524;5525;5526;5527;5528;5529;5530;5531;5532;5533;5534;5535;5536;5537;5538;5539;5540;5541;5542;5543;5544;5545;5546;5547;5548;5549;5550;5551;5552;5553;5554;5555;5556;5557;5558;5559;5560;5561;5562;5563;5564;5565;5566;5567;5568;5569;5570;5571;5572;5573;5574;5575;5576;5577;5578;5579;5580;5581;5582;5583;5584;5585;5586;5587;5588;5589;5590;5591;5592;5593;5594;5595;5596;5597,85,0,2410,8,69,,1,1,1,1,108.8841226486574,108.77898488225435,1.202331265956142,3.545990414288395,False,False,upstream_node_id -> downstream_node_id
73,4363,4368,4363;4364;4365;4366;4367;4368,6,0,2410,6,40,75;76,2,2,2,3,12.010911383902574,11.956602470296922,1.1164837281725348,6.593232932363448,False,False,upstream_node_id -> downstream_node_id
74,4363,5613,4363;5598;5599;5600;5601;5602;5603;5604;5605;5606;5607;5608;5609;5610;5611;5612;5613,17,0,2410,6,40,,1,1,1,1,25.64382622959939,25.614700934209676,1.0243659788926938,5.899946989829797,False,False,upstream_node_id -> downstream_node_id
75,4368,4385,4368;4369;4370;4371;4372;4373;4374;4375;4376;4377;4378;4379;4380;4381;4382;4383;4384;4385,18,0,2410,7,73,,1,1,1,1,27.721227054222805,27.6925190040619,1.1758730358451372,5.474839983318791,False,False,upstream_node_id -> downstream_node_id
76,4368,5628,4368;5614;5615;5616;5617;5618;5619;5620;5621;5622;5623;5624;5625;5626;5627;5628,16,0,2410,7,73,,1,1,1,1,28.240392327648355,28.236540658954254,1.0042034596746239,5.548624299190905,False,False,upstream_node_id -> downstream_node_id
77,4492,4520,4492;4493;4494;4495;4496;4497;4498;4499;4500;4501;4502;4503;4504;4505;4506;4507;4508;4509;4510;4511;4512;4513;4514;4515;4516;4517;4518;4519;4520,29,0,2410,7,46,,1,1,1,1,50.496978109199496,50.4493608164108,1.1367242621239901,1.1203812140610447,False,False,upstream_node_id -> downstream_node_id
78,4492,5647,4492;5629;5630;5631;5632;5633;5634;5635;5636;5637;5638;5639;5640;5641;5642;5643;5644;5645;5646;5647,20,0,2410,7,46,,1,1,1,1,23.38855065252202,23.358897434319775,1.0320674759644297,1.13329227951213,False,False,upstream_node_id -> downstream_node_id
79,4634,4671,4634;4635;4636;4637;4638;4639;4640;4641;4642;4643;4644;4645;4646;4647;4648;4649;4650;4651;4652;4653;4654;4655;4656;4657;4658;4659;4660;4661;4662;4663;4664;4665;4666;4667;4668;4669;4670;4671,38,0,2410,9,50,,1,1,1,1,55.98123395096397,55.94904707046047,1.1133193234224013,5.814532041712799,False,False,upstream_node_id -> downstream_node_id
80,4634,5707,4634;5648;5649;5650;5651;5652;5653;5654;5655;5656;5657;5658;5659;5660;5661;5662;5663;5664;5665;5666;5667;5668;5669;5670;5671;5672;5673;5674;5675;5676;5677;5678;5679;5680;5681;5682;5683;5684;5685;5686;5687;5688;5689;5690;5691;5692;5693;5694;5695;5696;5697;5698;5699;5700;5701;5702;5703;5704;5705;5706;5707,61,0,2410,9,50,121;122,3,5,9,17,99.48651010265583,99.36091914151291,2.045492874775289,6.520521674999068,False,False,upstream_node_id -> downstream_node_id
81,4680,4688,4680;4681;4682;4683;4684;4685;4686;4687;4688,9,0,2410,10,52,83;84,3,4,6,11,13.791714135083035,13.7786443698271,1.0288585700434163,7.537991044362856,False,False,upstream_node_id -> downstream_node_id
82,4680,5733,4680;5715;5716;5717;5718;5719;5720;5721;5722;5723;5724;5725;5726;5727;5728;5729;5730;5731;5732;5733,20,0,2410,10,52,127;128,3,6,9,17,26.740023904002598,26.70558800523312,1.0918747981785029,6.387076495611535,False,False,upstream_node_id -> downstream_node_id
83,4688,4713,4688;4689;4690;4691;4692;4693;4694;4695;4696;4697;4698;4699;4700;4701;4702;4703;4704;4705;4706;4707;4708;4709;4710;4711;4712;4713,26,0,2410,11,81,85;86,2,2,2,3,38.338510915298706,38.29692796614608,1.0489644933387943,7.918673968250625,False,False,upstream_node_id -> downstream_node_id
84,4688,5895,4688;5890;5891;5892;5893;5894;5895,7,0,2410,11,81,131;132,3,3,4,7,28.386981079034797,28.37986439851249,1.0152936653236346,5.249212784650839,False,False,upstream_node_id -> downstream_node_id
85,4713,4737,4713;4714;4715;4716;4717;4718;4719;4720;4721;4722;4723;4724;4725;4726;4727;4728;4729;4730;4731;4732;4733;4734;4735;4736;4737,25,0,2410,12,83,,1,1,1,1,52.252766184590115,52.19782643342313,1.0764972722842256,7.688933930132128,False,True,upstream_node_id -> downstream_node_id
86,4713,6009,4713;5988;5989;5990;5991;5992;5993;5994;5995;5996;5997;5998;5999;6000;6001;6002;6003;6004;6005;6006;6007;6008;6009,23,0,2410,12,83,,1,1,1,1,39.40187246898383,39.39277461981415,1.0135574872707236,6.997066933370001,False,False,upstream_node_id -> downstream_node_id
87,4793,4833,4793;4794;4795;4796;4797;4798;4799;4800;4801;4802;4803;4804;4805;4806;4807;4808;4809;4810;4811;4812;4813;4814;4815;4816;4817;4818;4819;4820;4821;4822;4823;4824;4825;4826;4827;4828;4829;4830;4831;4832;4833,41,0,2410,10,56,,1,1,1,1,56.79426465292954,56.76211930082395,1.0608662674644376,1.2448729023053409,False,False,upstream_node_id -> downstream_node_id
88,4793,6016,4793;6010;6011;6012;6013;6014;6015;6016,8,0,2410,10,56,,1,1,1,1,7.2617616613848215,7.259062013041307,1.0060231793667955,1.3937309113920193,False,False,upstream_node_id -> downstream_node_id
89,4846,4861,4846;4847;4848;4849;4850;4851;4852;4853;4854;4855;4856;4857;4858;4859;4860;4861,16,0,2410,5,58,91;92,2,2,2,3,26.354961051840355,26.315715632891678,1.0995354721808068,3.5229799559638204,False,False,upstream_node_id -> downstream_node_id
90,4846,6055,4846;6017;6018;6019;6020;6021;6022;6023;6024;6025;6026;6027;6028;6029;6030;6031;6032;6033;6034;6035;6036;6037;6038;6039;6040;6041;6042;6043;6044;6045;6046;6047;6048;6049;6050;6051;6052;6053;6054;6055,40,0,2410,5,58,135;136,3,3,4,7,53.41171378849593,53.35042235966973,1.0803522869572906,2.6279312556102203,False,False,upstream_node_id -> downstream_node_id
91,4861,4872,4861;4862;4863;4864;4865;4866;4867;4868;4869;4870;4871;4872,12,0,2410,6,89,,1,1,1,1,15.55482587323987,15.537490410492405,1.035859166327562,3.3192491681689593,False,False,upstream_node_id -> downstream_node_id
92,4861,6104,4861;6093;6094;6095;6096;6097;6098;6099;6100;6101;6102;6103;6104,13,0,2410,6,89,,1,1,1,1,33.951694959029126,33.940456778787535,1.0629964144329636,2.8936453077883897,False,False,upstream_node_id -> downstream_node_id
93,4875,4901,4875;4876;4877;4878;4879;4880;4881;4882;4883;4884;4885;4886;4887;4888;4889;4890;4891;4892;4893;4894;4895;4896;4897;4898;4899;4900;4901,27,0,2410,7,60,95;96,4,5,9,17,32.06910783814297,32.00862040904322,1.041845828157676,2.3063499048961345,False,False,upstream_node_id -> downstream_node_id
94,4875,8077,4875;8028;8029;8030;8031;8032;8033;8034;8035;8036;8037;8038;8039;8040;8041;8042;8043;8044;8045;8046;8047;8048;8049;8050;8051;8052;8053;8054;8055;8056;8057;8058;8059;8060;8061;8062;8063;8064;8065;8066;8067;8068;8069;8070;8071;8072;8073;8074;8075;8076;8077,51,0,2410,7,60,197;198,2,2,2,3,95.33178478635962,95.2619262662583,1.2038301419898878,1.6509354863542614,False,False,upstream_node_id -> downstream_node_id
95,4901,4902,4901;4902,2,0,2410,8,93,97;98,3,4,5,9,6.673207624523599,6.673207624523598,0.9999999999999999,5.16025,False,False,upstream_node_id -> downstream_node_id
96,4901,8103,4901;8085;8086;8087;8088;8089;8090;8091;8092;8093;8094;8095;8096;8097;8098;8099;8100;8101;8102;8103,20,0,2410,8,93,199;200,3,3,4,7,39.252541162033914,39.23591522695062,1.0276594824919187,4.06877447375805,False,False,upstream_node_id -> downstream_node_id
97,4902,4912,4902;4903;4904;4905;4906;4907;4908;4909;4910;4911;4912,11,0,2410,9,95,99;100,2,2,2,3,24.442316977556157,24.429817763558482,1.0180125590111573,4.44943344513689,False,False,upstream_node_id -> downstream_node_id
98,4902,8306,4902;8207;8208;8209;8210;8211;8212;8213;8214;8215;8216;8217;8218;8219;8220;8221;8222;8223;8224;8225;8226;8227;8228;8229;8230;8231;8232;8233;8234;8235;8236;8237;8238;8239;8240;8241;8242;8243;8244;8245;8246;8247;8248;8249;8250;8251;8252;8253;8254;8255;8256;8257;8258;8259;8260;8261;8262;8263;8264;8265;8266;8267;8268;8269;8270;8271;8272;8273;8274;8275;8276;8277;8278;8279;8280;8281;8282;8283;8284;8285;8286;8287;8288;8289;8290;8291;8292;8293;8294;8295;8296;8297;8298;8299;8300;8301;8302;8303;8304;8305;8306,101,0,2410,9,95,203;204,2,3,3,5,172.05449515166356,171.60735560218043,2.8144385953814006,3.374798314155082,False,False,upstream_node_id -> downstream_node_id
99,4912,4969,4912;4913;4914;4915;4916;4917;4918;4919;4920;4921;4922;4923;4924;4925;4926;4927;4928;4929;4930;4931;4932;4933;4934;4935;4936;4937;4938;4939;4940;4941;4942;4943;4944;4945;4946;4947;4948;4949;4950;4951;4952;4953;4954;4955;4956;4957;4958;4959;4960;4961;4962;4963;4964;4965;4966;4967;4968;4969,58,0,2410,10,97,,1,1,1,1,81.78655083569093,81.69523169289275,1.1246072686279192,1.5476545394064714,False,False,upstream_node_id -> downstream_node_id
100,4912,8367,4912;8324;8325;8326;8327;8328;8329;8330;8331;8332;8333;8334;8335;8336;8337;8338;8339;8340;8341;8342;8343;8344;8345;8346;8347;8348;8349;8350;8351;8352;8353;8354;8355;8356;8357;8358;8359;8360;8361;8362;8363;8364;8365;8366;8367,45,0,2410,10,97,,1,1,1,1,57.115500298216276,57.076219141796294,1.031687404015225,2.535939457341219,False,False,upstream_node_id -> downstream_node_id
101,5058,5133,5058;5059;5060;5061;5062;5063;5064;5065;5066;5067;5068;5069;5070;5071;5072;5073;5074;5075;5076;5077;5078;5079;5080;5081;5082;5083;5084;5085;5086;5087;5088;5089;5090;5091;5092;5093;5094;5095;5096;5097;5098;5099;5100;5101;5102;5103;5104;5105;5106;5107;5108;5109;5110;5111;5112;5113;5114;5115;5116;5117;5118;5119;5120;5121;5122;5123;5124;5125;5126;5127;5128;5129;5130;5131;5132;5133,76,0,2410,9,64,103;104,3,6,9,17,134.40732237082787,134.27674459521677,2.0197394043501884,1.611391904201982,False,False,upstream_node_id -> downstream_node_id
102,5058,8397,5058;8368;8369;8370;8371;8372;8373;8374;8375;8376;8377;8378;8379;8380;8381;8382;8383;8384;8385;8386;8387;8388;8389;8390;8391;8392;8393;8394;8395;8396;8397,31,0,2410,9,64,205;206,3,8,15,28,62.3750086212569,61.41816996586298,1.1570777734613031,4.986614337493888,False,False,upstream_node_id -> downstream_node_id
103,5133,5145,5133;5134;5135;5136;5137;5138;5139;5140;5141;5142;5143;5144;5145,13,0,2410,10,101,105;106,3,5,8,15,23.07417670948372,23.060225802690187,1.0932326314187484,7.014028131675733,False,False,upstream_node_id -> downstream_node_id
104,5133,8516,5133;8478;8479;8480;8481;8482;8483;8484;8485;8486;8487;8488;8489;8490;8491;8492;8493;8494;8495;8496;8497;8498;8499;8500;8501;8502;8503;8504;8505;8506;8507;8508;8509;8510;8511;8512;8513;8514;8515;8516,40,0,2410,10,101,,1,1,1,1,43.44060128632802,43.39788435364486,1.0162786557826948,6.276931523017603,False,False,upstream_node_id -> downstream_node_id
105,5145,5160,5145;5146;5147;5148;5149;5150;5151;5152;5153;5154;5155;5156;5157;5158;5159;5160,16,0,2410,11,103,107;108,3,4,7,13,23.22590990700583,23.205039861124853,1.0846736102406098,7.4298200103004834,False,False,upstream_node_id -> downstream_node_id
106,5145,8569,5145;8517;8518;8519;8520;8521;8522;8523;8524;8525;8526;8527;8528;8529;8530;8531;8532;8533;8534;8535;8536;8537;8538;8539;8540;8541;8542;8543;8544;8545;8546;8547;8548;8549;8550;8551;8552;8553;8554;8555;8556;8557;8558;8559;8560;8561;8562;8563;8564;8565;8566;8567;8568;8569,54,0,2410,11,103,,1,1,1,1,85.70689763400539,85.61010381173296,1.13252145654912,2.023689603387568,False,False,upstream_node_id -> downstream_node_id
107,5160,5211,5160;5161;5162;5163;5164;5165;5166;5167;5168;5169;5170;5171;5172;5173;5174;5175;5176;5177;5178;5179;5180;5181;5182;5183;5184;5185;5186;5187;5188;5189;5190;5191;5192;5193;5194;5195;5196;5197;5198;5199;5200;5201;5202;5203;5204;5205;5206;5207;5208;5209;5210;5211,52,0,2410,12,105,109;110,2,3,3,5,91.07174885197963,90.99066279151573,1.1447139585388983,5.4200013517481604,False,False,upstream_node_id -> downstream_node_id
108,5160,8576,5160;8570;8571;8572;8573;8574;8575;8576,8,0,2410,12,105,211;212,3,3,4,7,11.949476148229865,11.919625466043279,1.0132933786798366,6.927633419868321,False,False,upstream_node_id -> downstream_node_id
109,5211,5237,5211;5212;5213;5214;5215;5216;5217;5218;5219;5220;5221;5222;5223;5224;5225;5226;5227;5228;5229;5230;5231;5232;5233;5234;5235;5236;5237,27,0,2410,13,107,111;112,2,2,2,3,45.90037561383365,45.889556579871794,1.0267484699372538,5.021273686329099,False,False,upstream_node_id -> downstream_node_id
110,5211,8679,5211;8652;8653;8654;8655;8656;8657;8658;8659;8660;8661;8662;8663;8664;8665;8666;8667;8668;8669;8670;8671;8672;8673;8674;8675;8676;8677;8678;8679,29,0,2410,13,107,,1,1,1,1,60.33310138988349,60.26433896674395,1.2381546613395131,3.768864908481482,False,False,upstream_node_id -> downstream_node_id
111,5237,5243,5237;5238;5239;5240;5241;5242;5243,7,0,2410,14,109,,1,1,1,1,9.097391820509731,9.084089577578508,1.008679768438128,4.300314300468697,False,False,upstream_node_id -> downstream_node_id
112,5237,8687,5237;8680;8681;8682;8683;8684;8685;8686;8687,9,0,2410,14,109,,1,1,1,1,9.346131961675347,9.327679593249526,1.03587569674007,4.619691403451646,False,False,upstream_node_id -> downstream_node_id
113,5320,5356,5320;5321;5322;5323;5324;5325;5326;5327;5328;5329;5330;5331;5332;5333;5334;5335;5336;5337;5338;5339;5340;5341;5342;5343;5344;5345;5346;5347;5348;5349;5350;5351;5352;5353;5354;5355;5356,37,0,2410,6,66,,1,1,1,1,52.15194068706101,52.06832231008421,1.1528440187868123,1.2344784120762038,False,False,upstream_node_id -> downstream_node_id
114,5320,6124,5320;6105;6106;6107;6108;6109;6110;6111;6112;6113;6114;6115;6116;6117;6118;6119;6120;6121;6122;6123;6124,21,0,2410,6,66,,1,1,1,1,34.024349461312255,33.88794210229206,1.2156289707628027,1.1168106402654867,False,False,upstream_node_id -> downstream_node_id
115,5369,5405,5369;5370;5371;5372;5373;5374;5375;5376;5377;5378;5379;5380;5381;5382;5383;5384;5385;5386;5387;5388;5389;5390;5391;5392;5393;5394;5395;5396;5397;5398;5399;5400;5401;5402;5403;5404;5405,37,0,2410,7,68,117;118,2,2,2,3,74.9917464569183,74.9447249272562,1.0741587610201313,7.072448818338921,False,False,upstream_node_id -> downstream_node_id
116,5369,6141,5369;6125;6126;6127;6128;6129;6130;6131;6132;6133;6134;6135;6136;6137;6138;6139;6140;6141,18,0,2410,7,68,139;140,2,3,3,5,23.99912449984252,23.986627883136848,1.0110809819145485,8.756608233759591,False,False,upstream_node_id -> downstream_node_id
117,5405,5423,5405;5406;5407;5408;5409;5410;5411;5412;5413;5414;5415;5416;5417;5418;5419;5420;5421;5422;5423,19,0,2410,8,115,,1,1,1,1,23.097748758315678,23.077192376974345,1.0138869769630805,4.544275035455005,False,False,upstream_node_id -> downstream_node_id
118,5405,6203,5405;6162;6163;6164;6165;6166;6167;6168;6169;6170;6171;6172;6173;6174;6175;6176;6177;6178;6179;6180;6181;6182;6183;6184;6185;6186;6187;6188;6189;6190;6191;6192;6193;6194;6195;6196;6197;6198;6199;6200;6201;6202;6203,43,0,2410,8,115,,1,1,1,1,66.0368674487625,65.95693906994224,1.3224689041530928,4.181269316361121,False,False,upstream_node_id -> downstream_node_id
119,5490,5513,5490;5491;5492;5493;5494;5495;5496;5497;5498;5499;5500;5501;5502;5503;5504;5505;5506;5507;5508;5509;5510;5511;5512;5513,24,0,2410,8,70,,1,1,1,1,33.55940854881288,33.541455258312595,1.012905915647451,2.751690960708932,False,False,upstream_node_id -> downstream_node_id
120,5490,6334,5490;6204;6205;6206;6207;6208;6209;6210;6211;6212;6213;6214;6215;6216;6217;6218;6219;6220;6221;6222;6223;6224;6225;6226;6227;6228;6229;6230;6231;6232;6233;6234;6235;6236;6237;6238;6239;6240;6241;6242;6243;6244;6245;6246;6247;6248;6249;6250;6251;6252;6253;6254;6255;6256;6257;6258;6259;6260;6261;6262;6263;6264;6265;6266;6267;6268;6269;6270;6271;6272;6273;6274;6275;6276;6277;6278;6279;6280;6281;6282;6283;6284;6285;6286;6287;6288;6289;6290;6291;6292;6293;6294;6295;6296;6297;6298;6299;6300;6301;6302;6303;6304;6305;6306;6307;6308;6309;6310;6311;6312;6313;6314;6315;6316;6317;6318;6319;6320;6321;6322;6323;6324;6325;6326;6327;6328;6329;6330;6331;6332;6333;6334,132,0,2410,8,70,143;144,3,9,15,29,233.20088164807703,232.33095061975578,2.3965409035445946,4.948403546026785,False,False,upstream_node_id -> downstream_node_id
121,5707,5711,5707;5708;5709;5710;5711,5,0,2410,10,80,123;124,2,4,4,7,12.655816158972716,12.65050846312402,1.0054621831465897,9.620703400586573,False,False,upstream_node_id -> downstream_node_id
122,5707,6485,5707;6465;6466;6467;6468;6469;6470;6471;6472;6473;6474;6475;6476;6477;6478;6479;6480;6481;6482;6483;6484;6485,22,0,2410,10,80,155;156,3,4,5,9,27.68906372849821,27.66863859027276,1.0279313937487298,8.863715607348622,False,False,upstream_node_id -> downstream_node_id
123,5711,5713,5711;5712;5713,3,0,2410,11,121,125;126,2,3,3,5,4.754487062412766,4.75370421107246,1.001288095815151,9.279612085393252,False,False,upstream_node_id -> downstream_node_id
124,5711,6551,5711;6531;6532;6533;6534;6535;6536;6537;6538;6539;6540;6541;6542;6543;6544;6545;6546;6547;6548;6549;6550;6551,22,0,2410,11,121,,1,1,1,1,34.29264608327868,34.27153288087304,1.0196373097670215,4.687700353197079,False,False,upstream_node_id -> downstream_node_id
125,5713,5714,5713;5714,2,0,2410,12,123,,1,1,1,1,3.673431638128024,3.6734316381280236,0.9999999999999999,8.8417,False,False,upstream_node_id -> downstream_node_id
126,5713,6610,5713;6552;6553;6554;6555;6556;6557;6558;6559;6560;6561;6562;6563;6564;6565;6566;6567;6568;6569;6570;6571;6572;6573;6574;6575;6576;6577;6578;6579;6580;6581;6582;6583;6584;6585;6586;6587;6588;6589;6590;6591;6592;6593;6594;6595;6596;6597;6598;6599;6600;6601;6602;6603;6604;6605;6606;6607;6608;6609;6610,60,0,2410,12,123,159;160,2,2,2,3,95.11607558252261,94.8956040670166,1.4264419681755547,5.688477847318336,False,False,upstream_node_id -> downstream_node_id
127,5733,5750,5733;5734;5735;5736;5737;5738;5739;5740;5741;5742;5743;5744;5745;5746;5747;5748;5749;5750,18,0,2410,11,82,129;130,3,5,6,11,25.411984329823902,25.381945402348755,1.1077921494201426,4.27088719370408,False,False,upstream_node_id -> downstream_node_id
128,5733,6652,5733;6636;6637;6638;6639;6640;6641;6642;6643;6644;6645;6646;6647;6648;6649;6650;6651;6652,18,0,2410,11,82,161;162,2,3,3,5,28.292052086384974,28.02397633917966,1.1884939366084306,6.227899586933258,False,False,upstream_node_id -> downstream_node_id
129,5750,5889,5750;5751;5752;5753;5754;5755;5756;5757;5758;5759;5760;5761;5762;5763;5764;5765;5766;5767;5768;5769;5770;5771;5772;5773;5774;5775;5776;5777;5778;5779;5780;5781;5782;5783;5784;5785;5786;5787;5788;5789;5790;5791;5792;5793;5794;5795;5796;5797;5798;5799;5800;5801;5802;5803;5804;5805;5806;5807;5808;5809;5810;5811;5812;5813;5814;5815;5816;5817;5818;5819;5820;5821;5822;5823;5824;5825;5826;5827;5828;5829;5830;5831;5832;5833;5834;5835;5836;5837;5838;5839;5840;5841;5842;5843;5844;5845;5846;5847;5848;5849;5850;5851;5852;5853;5854;5855;5856;5857;5858;5859;5860;5861;5862;5863;5864;5865;5866;5867;5868;5869;5870;5871;5872;5873;5874;5875;5876;5877;5878;5879;5880;5881;5882;5883;5884;5885;5886;5887;5888;5889,140,0,2410,12,127,,1,1,1,1,205.52634437671236,205.20778294381236,2.062459640965061,1.4673355523351783,False,False,upstream_node_id -> downstream_node_id
130,5750,6688,5750;6682;6683;6684;6685;6686;6687;6688,8,0,2410,12,127,163;164,3,4,5,9,24.929650228875502,24.908423796928666,1.0433235932176572,2.2234936799325955,False,False,upstream_node_id -> downstream_node_id
131,5895,5928,5895;5896;5897;5898;5899;5900;5901;5902;5903;5904;5905;5906;5907;5908;5909;5910;5911;5912;5913;5914;5915;5916;5917;5918;5919;5920;5921;5922;5923;5924;5925;5926;5927;5928,34,0,2410,12,84,133;134,2,2,2,3,60.597001540348,60.52933571880095,1.3287738423746305,2.5808503851107787,False,False,upstream_node_id -> downstream_node_id
132,5895,6903,5895;6814;6815;6816;6817;6818;6819;6820;6821;6822;6823;6824;6825;6826;6827;6828;6829;6830;6831;6832;6833;6834;6835;6836;6837;6838;6839;6840;6841;6842;6843;6844;6845;6846;6847;6848;6849;6850;6851;6852;6853;6854;6855;6856;6857;6858;6859;6860;6861;6862;6863;6864;6865;6866;6867;6868;6869;6870;6871;6872;6873;6874;6875;6876;6877;6878;6879;6880;6881;6882;6883;6884;6885;6886;6887;6888;6889;6890;6891;6892;6893;6894;6895;6896;6897;6898;6899;6900;6901;6902;6903,91,0,2410,12,84,167;168,2,2,2,3,139.67631679579907,139.511180094663,1.3842321275787488,5.309135778817937,False,False,upstream_node_id -> downstream_node_id
133,5928,5987,5928;5929;5930;5931;5932;5933;5934;5935;5936;5937;5938;5939;5940;5941;5942;5943;5944;5945;5946;5947;5948;5949;5950;5951;5952;5953;5954;5955;5956;5957;5958;5959;5960;5961;5962;5963;5964;5965;5966;5967;5968;5969;5970;5971;5972;5973;5974;5975;5976;5977;5978;5979;5980;5981;5982;5983;5984;5985;5986;5987,60,0,2410,13,131,,1,1,1,1,79.83524758039566,79.6569541964559,1.1502174164013674,1.4531829279743287,False,False,upstream_node_id -> downstream_node_id
134,5928,6972,5928;6943;6944;6945;6946;6947;6948;6949;6950;6951;6952;6953;6954;6955;6956;6957;6958;6959;6960;6961;6962;6963;6964;6965;6966;6967;6968;6969;6970;6971;6972,31,0,2410,13,131,,1,1,1,1,44.77657824928887,44.75071411997452,1.0321305409659136,3.180647853393056,False,False,upstream_node_id -> downstream_node_id
135,6055,6074,6055;6056;6057;6058;6059;6060;6061;6062;6063;6064;6065;6066;6067;6068;6069;6070;6071;6072;6073;6074,20,0,2410,6,90,137;138,2,2,2,3,29.200479711987544,29.18088542734391,1.0466986118882924,7.52800289513012,False,False,upstream_node_id -> downstream_node_id
136,6055,6982,6055;6973;6974;6975;6976;6977;6978;6979;6980;6981;6982,11,0,2410,6,90,169;170,2,2,2,3,14.088589021488986,14.078323611020265,1.1021356380570757,4.798704564996813,False,False,upstream_node_id -> downstream_node_id
137,6074,6092,6074;6075;6076;6077;6078;6079;6080;6081;6082;6083;6084;6085;6086;6087;6088;6089;6090;6091;6092,19,0,2410,7,135,,1,1,1,1,44.66421199774908,44.655576785185254,1.009897478819405,8.076140730225923,False,True,upstream_node_id -> downstream_node_id
138,6074,6997,6074;6997,2,0,2410,7,135,,1,1,1,1,1.4660491124106256,1.4660491124106256,1.0,8.59265,False,False,upstream_node_id -> downstream_node_id
139,6141,6157,6141;6142;6143;6144;6145;6146;6147;6148;6149;6150;6151;6152;6153;6154;6155;6156;6157,17,0,2410,8,116,141;142,2,2,2,3,30.57679270524193,30.537303995270012,1.009031928058365,6.600491935479065,False,False,upstream_node_id -> downstream_node_id
140,6141,7005,6141;6998;6999;7000;7001;7002;7003;7004;7005,9,0,2410,8,116,,1,1,1,1,8.782133664253955,8.770665383052268,1.0160076857937699,8.951593439546741,False,False,upstream_node_id -> downstream_node_id
141,6157,6161,6157;6158;6159;6160;6161,5,0,2410,9,139,,1,1,1,1,19.852194975184,19.834456391059465,1.021789952517654,5.905144824454094,False,False,upstream_node_id -> downstream_node_id
142,6157,7008,6157;7006;7007;7008,4,0,2410,9,139,,1,1,1,1,4.001206356301593,4.000603426046668,1.000726439742301,5.85848609411757,False,False,upstream_node_id -> downstream_node_id
143,6334,6342,6334;6335;6336;6337;6338;6339;6340;6341;6342,9,0,2410,9,120,145;146,3,8,14,27,13.900324361866168,13.87916082227499,1.0617332790952012,8.909636733969796,False,False,upstream_node_id -> downstream_node_id
144,6334,7057,6334;7009;7010;7011;7012;7013;7014;7015;7016;7017;7018;7019;7020;7021;7022;7023;7024;7025;7026;7027;7028;7029;7030;7031;7032;7033;7034;7035;7036;7037;7038;7039;7040;7041;7042;7043;7044;7045;7046;7047;7048;7049;7050;7051;7052;7053;7054;7055;7056;7057,50,0,2410,9,120,,1,1,1,1,84.58003416252421,84.53343688510341,1.1966308740307918,6.142602952123405,False,False,upstream_node_id -> downstream_node_id
145,6342,6350,6342;6343;6344;6345;6346;6347;6348;6349;6350,9,0,2410,10,143,147;148,2,7,7,13,25.61428044320192,25.5926104649842,1.0356563388809703,9.339453474528623,False,False,upstream_node_id -> downstream_node_id
146,6342,7117,6342;7058;7059;7060;7061;7062;7063;7064;7065;7066;7067;7068;7069;7070;7071;7072;7073;7074;7075;7076;7077;7078;7079;7080;7081;7082;7083;7084;7085;7086;7087;7088;7089;7090;7091;7092;7093;7094;7095;7096;7097;7098;7099;7100;7101;7102;7103;7104;7105;7106;7107;7108;7109;7110;7111;7112;7113;7114;7115;7116;7117,61,0,2410,10,143,171;172,3,6,7,13,79.17752937372607,78.88261676737555,1.1463953003360885,7.423470667274228,False,False,upstream_node_id -> downstream_node_id
147,6350,6355,6350;6351;6352;6353;6354;6355,6,0,2410,11,145,149;150,2,6,6,11,12.946548126153669,12.939533290853154,1.012006981082217,8.858405151958223,False,False,upstream_node_id -> downstream_node_id
148,6350,7255,6350;7243;7244;7245;7246;7247;7248;7249;7250;7251;7252;7253;7254;7255,14,0,2410,11,145,,1,1,1,1,26.06364078135044,26.0306290777153,1.1298751499646007,8.14131723813291,False,False,upstream_node_id -> downstream_node_id
149,6355,6361,6355;6356;6357;6358;6359;6360;6361,7,0,2410,12,147,151;152,2,5,5,9,14.345147473239072,14.32453827159234,1.0120303706355116,7.104111587509869,False,False,upstream_node_id -> downstream_node_id
150,6355,7259,6355;7256;7257;7258;7259,5,0,2410,12,147,,1,1,1,1,9.785862083595859,9.783904868195808,1.003051232634477,8.115656353853055,False,False,upstream_node_id -> downstream_node_id
151,6361,6433,6361;6362;6363;6364;6365;6366;6367;6368;6369;6370;6371;6372;6373;6374;6375;6376;6377;6378;6379;6380;6381;6382;6383;6384;6385;6386;6387;6388;6389;6390;6391;6392;6393;6394;6395;6396;6397;6398;6399;6400;6401;6402;6403;6404;6405;6406;6407;6408;6409;6410;6411;6412;6413;6414;6415;6416;6417;6418;6419;6420;6421;6422;6423;6424;6425;6426;6427;6428;6429;6430;6431;6432;6433,73,0,2410,13,149,153;154,2,4,4,7,106.68670968076569,106.55791889278247,1.1572931314627153,1.6397458960768292,False,False,upstream_node_id -> downstream_node_id
152,6361,7280,6361;7260;7261;7262;7263;7264;7265;7266;7267;7268;7269;7270;7271;7272;7273;7274;7275;7276;7277;7278;7279;7280,22,0,2410,13,149,,1,1,1,1,42.66835157076428,42.49583800186535,1.3948493363903611,4.508782440740354,False,False,upstream_node_id -> downstream_node_id
153,6433,6464,6433;6434;6435;6436;6437;6438;6439;6440;6441;6442;6443;6444;6445;6446;6447;6448;6449;6450;6451;6452;6453;6454;6455;6456;6457;6458;6459;6460;6461;6462;6463;6464,32,0,2410,14,151,,1,1,1,1,50.827373878963876,50.81193643126834,1.028398558438473,3.249312605455252,False,False,upstream_node_id -> downstream_node_id
154,6433,7294,6433;7281;7282;7283;7284;7285;7286;7287;7288;7289;7290;7291;7292;7293;7294,15,0,2410,14,151,179;180,2,3,3,5,21.535465139942325,21.524742402409046,1.0231421739385276,4.2066547464323785,False,False,upstream_node_id -> downstream_node_id
155,6485,6506,6485;6486;6487;6488;6489;6490;6491;6492;6493;6494;6495;6496;6497;6498;6499;6500;6501;6502;6503;6504;6505;6506,22,0,2410,11,122,157;158,2,3,3,5,34.21504284472964,34.18064312445925,1.067389957040302,6.9978427426888565,False,False,upstream_node_id -> downstream_node_id
156,6485,7479,6485;7449;7450;7451;7452;7453;7454;7455;7456;7457;7458;7459;7460;7461;7462;7463;7464;7465;7466;7467;7468;7469;7470;7471;7472;7473;7474;7475;7476;7477;7478;7479,32,0,2410,11,122,181;182,2,2,2,3,40.997499204406246,40.968060395777606,1.0660779785764214,5.899063102921671,False,False,upstream_node_id -> downstream_node_id
157,6506,6530,6506;6507;6508;6509;6510;6511;6512;6513;6514;6515;6516;6517;6518;6519;6520;6521;6522;6523;6524;6525;6526;6527;6528;6529;6530,25,0,2410,12,155,,1,1,1,1,25.312899404529055,25.277102407342248,1.0240752528402506,7.352686542861818,False,False,upstream_node_id -> downstream_node_id
158,6506,7494,6506;7493;7494,3,0,2410,12,155,183;184,2,2,2,3,3.749461585537974,3.747626357121642,1.0012163142558421,6.991479949531164,False,False,upstream_node_id -> downstream_node_id
159,6610,6635,6610;6611;6612;6613;6614;6615;6616;6617;6618;6619;6620;6621;6622;6623;6624;6625;6626;6627;6628;6629;6630;6631;6632;6633;6634;6635,26,0,2410,13,126,,1,1,1,1,43.882448219876586,43.79602145627548,1.2201511019071445,3.3358311521414774,False,False,upstream_node_id -> downstream_node_id
160,6610,7545,6610;7519;7520;7521;7522;7523;7524;7525;7526;7527;7528;7529;7530;7531;7532;7533;7534;7535;7536;7537;7538;7539;7540;7541;7542;7543;7544;7545,28,0,2410,13,126,,1,1,1,1,40.64734896142755,40.559369704885356,1.7955335318025762,2.6919872976499613,False,False,upstream_node_id -> downstream_node_id
161,6652,6681,6652;6653;6654;6655;6656;6657;6658;6659;6660;6661;6662;6663;6664;6665;6666;6667;6668;6669;6670;6671;6672;6673;6674;6675;6676;6677;6678;6679;6680;6681,30,0,2410,12,128,,1,1,1,1,52.265528474742815,52.23651223303538,1.2155724973171376,4.70052737483762,False,False,upstream_node_id -> downstream_node_id
162,6652,7591,6652;7546;7547;7548;7549;7550;7551;7552;7553;7554;7555;7556;7557;7558;7559;7560;7561;7562;7563;7564;7565;7566;7567;7568;7569;7570;7571;7572;7573;7574;7575;7576;7577;7578;7579;7580;7581;7582;7583;7584;7585;7586;7587;7588;7589;7590;7591,47,0,2410,12,128,185;186,2,2,2,3,112.76298928296451,112.6047046354117,1.0270520398349117,2.9882916712040166,False,False,upstream_node_id -> downstream_node_id
163,6688,6804,6688;6689;6690;6691;6692;6693;6694;6695;6696;6697;6698;6699;6700;6701;6702;6703;6704;6705;6706;6707;6708;6709;6710;6711;6712;6713;6714;6715;6716;6717;6718;6719;6720;6721;6722;6723;6724;6725;6726;6727;6728;6729;6730;6731;6732;6733;6734;6735;6736;6737;6738;6739;6740;6741;6742;6743;6744;6745;6746;6747;6748;6749;6750;6751;6752;6753;6754;6755;6756;6757;6758;6759;6760;6761;6762;6763;6764;6765;6766;6767;6768;6769;6770;6771;6772;6773;6774;6775;6776;6777;6778;6779;6780;6781;6782;6783;6784;6785;6786;6787;6788;6789;6790;6791;6792;6793;6794;6795;6796;6797;6798;6799;6800;6801;6802;6803;6804,117,0,2410,13,130,165;166,2,2,2,3,181.1958015020271,180.82633318403856,2.622225739071509,3.225575707368341,False,False,upstream_node_id -> downstream_node_id
164,6688,7612,6688;7598;7599;7600;7601;7602;7603;7604;7605;7606;7607;7608;7609;7610;7611;7612,16,0,2410,13,130,187;188,2,3,3,5,21.056863390224468,20.987461658069705,1.1249773432622434,2.0551047422977478,False,False,upstream_node_id -> downstream_node_id
165,6804,6813,6804;6805;6806;6807;6808;6809;6810;6811;6812;6813,10,0,2410,14,163,,1,1,1,1,27.65114989881108,27.602354561503045,1.045396449901587,8.493996043214029,False,False,upstream_node_id -> downstream_node_id
166,6804,7762,6804;7734;7735;7736;7737;7738;7739;7740;7741;7742;7743;7744;7745;7746;7747;7748;7749;7750;7751;7752;7753;7754;7755;7756;7757;7758;7759;7760;7761;7762,30,0,2410,14,163,,1,1,1,1,45.945478935561866,45.925499128803494,1.0575512364972832,5.696904598251562,False,False,upstream_node_id -> downstream_node_id
167,6903,6942,6903;6904;6905;6906;6907;6908;6909;6910;6911;6912;6913;6914;6915;6916;6917;6918;6919;6920;6921;6922;6923;6924;6925;6926;6927;6928;6929;6930;6931;6932;6933;6934;6935;6936;6937;6938;6939;6940;6941;6942,40,0,2410,13,132,,1,1,1,1,52.3299450095588,52.28888871064241,1.0958157502114931,5.197746631166449,False,False,upstream_node_id -> downstream_node_id
168,6903,7771,6903;7763;7764;7765;7766;7767;7768;7769;7770;7771,10,0,2410,13,132,,1,1,1,1,27.167997411977375,27.0875942622637,1.231366486582697,5.369800605829618,False,False,upstream_node_id -> downstream_node_id
169,6982,6996,6982;6983;6984;6985;6986;6987;6988;6989;6990;6991;6992;6993;6994;6995;6996,15,0,2410,7,136,,1,1,1,1,26.464032158548466,26.45755589717541,1.0080141991155847,4.865014503603837,False,False,upstream_node_id -> downstream_node_id
170,6982,7824,6982;7772;7773;7774;7775;7776;7777;7778;7779;7780;7781;7782;7783;7784;7785;7786;7787;7788;7789;7790;7791;7792;7793;7794;7795;7796;7797;7798;7799;7800;7801;7802;7803;7804;7805;7806;7807;7808;7809;7810;7811;7812;7813;7814;7815;7816;7817;7818;7819;7820;7821;7822;7823;7824,54,0,2410,7,136,,1,1,1,1,81.57569529837036,81.49187723553779,1.6553634990328885,3.1259693673747693,False,False,upstream_node_id -> downstream_node_id
171,7117,7160,7117;7118;7119;7120;7121;7122;7123;7124;7125;7126;7127;7128;7129;7130;7131;7132;7133;7134;7135;7136;7137;7138;7139;7140;7141;7142;7143;7144;7145;7146;7147;7148;7149;7150;7151;7152;7153;7154;7155;7156;7157;7158;7159;7160,44,0,2410,11,146,173;174,3,5,6,11,86.81203217109523,86.74702836216426,1.8849470455072002,5.033511771223507,False,False,upstream_node_id -> downstream_node_id
172,7117,7828,7117;7825;7826;7827;7828,5,0,2410,11,146,,1,1,1,1,9.58170989254577,9.578925737722884,1.0047290502944093,6.957932834396633,False,False,upstream_node_id -> downstream_node_id
173,7160,7169,7160;7161;7162;7163;7164;7165;7166;7167;7168;7169,10,0,2410,12,171,175;176,3,4,5,9,27.475646809038196,27.43601242382588,1.0662943418021387,2.9857326319776507,False,False,upstream_node_id -> downstream_node_id
174,7160,7850,7160;7829;7830;7831;7832;7833;7834;7835;7836;7837;7838;7839;7840;7841;7842;7843;7844;7845;7846;7847;7848;7849;7850,23,0,2410,12,171,,1,1,1,1,27.13710703137975,27.105248355851717,1.0399575568835,1.5527161029058594,False,False,upstream_node_id -> downstream_node_id
175,7169,7219,7169;7170;7171;7172;7173;7174;7175;7176;7177;7178;7179;7180;7181;7182;7183;7184;7185;7186;7187;7188;7189;7190;7191;7192;7193;7194;7195;7196;7197;7198;7199;7200;7201;7202;7203;7204;7205;7206;7207;7208;7209;7210;7211;7212;7213;7214;7215;7216;7217;7218;7219,51,0,2410,13,173,177;178,2,3,3,5,74.37539300772193,74.31306858732823,1.2247519475451838,3.2056069488539105,False,False,upstream_node_id -> downstream_node_id
176,7169,7851,7169;7851,2,0,2410,13,173,191;192,2,2,2,3,2.2412496514221685,2.241249651422169,1.0000000000000002,5.37825,False,False,upstream_node_id -> downstream_node_id
177,7219,7242,7219;7220;7221;7222;7223;7224;7225;7226;7227;7228;7229;7230;7231;7232;7233;7234;7235;7236;7237;7238;7239;7240;7241;7242,24,0,2410,14,175,,1,1,1,1,29.151074189562806,29.09874821325952,1.0340295869828233,1.9938591523808549,False,False,upstream_node_id -> downstream_node_id
178,7219,7877,7219;7875;7876;7877,4,0,2410,14,175,193;194,2,2,2,3,8.738430708203808,8.731669606228646,1.011162035743586,5.004572445066055,False,False,upstream_node_id -> downstream_node_id
179,7294,7448,7294;7295;7296;7297;7298;7299;7300;7301;7302;7303;7304;7305;7306;7307;7308;7309;7310;7311;7312;7313;7314;7315;7316;7317;7318;7319;7320;7321;7322;7323;7324;7325;7326;7327;7328;7329;7330;7331;7332;7333;7334;7335;7336;7337;7338;7339;7340;7341;7342;7343;7344;7345;7346;7347;7348;7349;7350;7351;7352;7353;7354;7355;7356;7357;7358;7359;7360;7361;7362;7363;7364;7365;7366;7367;7368;7369;7370;7371;7372;7373;7374;7375;7376;7377;7378;7379;7380;7381;7382;7383;7384;7385;7386;7387;7388;7389;7390;7391;7392;7393;7394;7395;7396;7397;7398;7399;7400;7401;7402;7403;7404;7405;7406;7407;7408;7409;7410;7411;7412;7413;7414;7415;7416;7417;7418;7419;7420;7421;7422;7423;7424;7425;7426;7427;7428;7429;7430;7431;7432;7433;7434;7435;7436;7437;7438;7439;7440;7441;7442;7443;7444;7445;7446;7447;7448,155,0,2410,15,154,,1,1,1,1,212.131420266808,211.92829663798784,1.2217540516600431,1.413259936018372,False,False,upstream_node_id -> downstream_node_id
180,7294,7922,7294;7883;7884;7885;7886;7887;7888;7889;7890;7891;7892;7893;7894;7895;7896;7897;7898;7899;7900;7901;7902;7903;7904;7905;7906;7907;7908;7909;7910;7911;7912;7913;7914;7915;7916;7917;7918;7919;7920;7921;7922,41,0,2410,15,154,195;196,2,2,2,3,57.886278648969366,57.70666822814449,1.5373985082487267,4.592524601504498,False,False,upstream_node_id -> downstream_node_id
181,7479,7492,7479;7480;7481;7482;7483;7484;7485;7486;7487;7488;7489;7490;7491;7492,14,0,2410,12,156,,1,1,1,1,31.049275649640364,31.044525950848783,1.0226671904333784,5.244530075535015,False,False,upstream_node_id -> downstream_node_id
182,7479,7938,7479;7928;7929;7930;7931;7932;7933;7934;7935;7936;7937;7938,12,0,2410,12,156,,1,1,1,1,13.300305171395427,13.284582028079292,1.0463931279689962,5.421769454732631,False,False,upstream_node_id -> downstream_node_id
183,7494,7518,7494;7495;7496;7497;7498;7499;7500;7501;7502;7503;7504;7505;7506;7507;7508;7509;7510;7511;7512;7513;7514;7515;7516;7517;7518,25,0,2410,13,158,,1,1,1,1,27.882673458182058,27.866893503987086,1.0433386424336788,6.088389006435665,False,False,upstream_node_id -> downstream_node_id
184,7494,7939,7494;7939,2,0,2410,13,158,,1,1,1,1,0.7996249120681528,0.7996249120681528,1.0,6.886,False,False,upstream_node_id -> downstream_node_id
185,7591,7597,7591;7592;7593;7594;7595;7596;7597,7,0,2410,13,162,,1,1,1,1,7.663508206431717,7.640489740699833,1.0337755752015705,2.5180716185599676,False,False,upstream_node_id -> downstream_node_id
186,7591,7956,7591;7940;7941;7942;7943;7944;7945;7946;7947;7948;7949;7950;7951;7952;7953;7954;7955;7956,18,0,2410,13,162,,1,1,1,1,21.761101526322925,21.734034452809084,1.0303382354117563,1.646254127089756,False,False,upstream_node_id -> downstream_node_id
187,7612,7728,7612;7613;7614;7615;7616;7617;7618;7619;7620;7621;7622;7623;7624;7625;7626;7627;7628;7629;7630;7631;7632;7633;7634;7635;7636;7637;7638;7639;7640;7641;7642;7643;7644;7645;7646;7647;7648;7649;7650;7651;7652;7653;7654;7655;7656;7657;7658;7659;7660;7661;7662;7663;7664;7665;7666;7667;7668;7669;7670;7671;7672;7673;7674;7675;7676;7677;7678;7679;7680;7681;7682;7683;7684;7685;7686;7687;7688;7689;7690;7691;7692;7693;7694;7695;7696;7697;7698;7699;7700;7701;7702;7703;7704;7705;7706;7707;7708;7709;7710;7711;7712;7713;7714;7715;7716;7717;7718;7719;7720;7721;7722;7723;7724;7725;7726;7727;7728,117,0,2410,14,164,189;190,2,2,2,3,186.7077808722682,186.08107231365844,1.7242999411079114,2.2822458020210887,False,False,upstream_node_id -> downstream_node_id
188,7612,7996,7612;7957;7958;7959;7960;7961;7962;7963;7964;7965;7966;7967;7968;7969;7970;7971;7972;7973;7974;7975;7976;7977;7978;7979;7980;7981;7982;7983;7984;7985;7986;7987;7988;7989;7990;7991;7992;7993;7994;7995;7996,41,0,2410,14,164,,1,1,1,1,56.39361961187267,56.36206787007141,1.1708922183276982,1.3021211301020055,False,False,upstream_node_id -> downstream_node_id
189,7728,7733,7728;7729;7730;7731;7732;7733,6,0,2410,15,187,,1,1,1,1,10.379738119757127,10.357320242197098,1.0769721572393025,3.5210988755166674,False,False,upstream_node_id -> downstream_node_id
190,7728,8010,7728;7997;7998;7999;8000;8001;8002;8003;8004;8005;8006;8007;8008;8009;8010,15,0,2410,15,187,,1,1,1,1,16.675028211667914,16.654822598228694,1.0466725126511802,2.3135544784468656,False,False,upstream_node_id -> downstream_node_id
191,7851,7874,7851;7852;7853;7854;7855;7856;7857;7858;7859;7860;7861;7862;7863;7864;7865;7866;7867;7868;7869;7870;7871;7872;7873;7874,24,0,2410,14,176,,1,1,1,1,30.6922570610038,30.398128586687957,1.1186025441008234,3.9705726243918296,False,False,upstream_node_id -> downstream_node_id
192,7851,8013,7851;8011;8012;8013,4,0,2410,14,176,,1,1,1,1,10.840545812283843,10.829954787199945,1.0346307240601207,5.268007091751186,False,False,upstream_node_id -> downstream_node_id
193,7877,7882,7877;7878;7879;7880;7881;7882,6,0,2410,15,178,,1,1,1,1,12.551274034094217,12.486998058976507,1.119321474210056,6.221831669366527,False,False,upstream_node_id -> downstream_node_id
194,7877,8019,7877;8014;8015;8016;8017;8018;8019,7,0,2410,15,178,,1,1,1,1,17.77598886323866,17.742099966781687,1.0391007548438078,6.52778143692434,False,False,upstream_node_id -> downstream_node_id
195,7922,7927,7922;7923;7924;7925;7926;7927,6,0,2410,16,180,,1,1,1,1,10.054805973474227,9.761840359597345,1.1814321855076113,3.5882990875236698,False,True,upstream_node_id -> downstream_node_id
196,7922,8027,7922;8020;8021;8022;8023;8024;8025;8026;8027,9,0,2410,16,180,,1,1,1,1,10.170185955545914,10.162462521676689,1.0148340782561638,3.392186532624635,False,True,upstream_node_id -> downstream_node_id
197,8077,8084,8077;8078;8079;8080;8081;8082;8083;8084,8,0,2410,8,94,,1,1,1,1,11.011474093138736,10.988855239120882,1.0680940182847352,3.390698640377079,False,False,upstream_node_id -> downstream_node_id
198,8077,8697,8077;8688;8689;8690;8691;8692;8693;8694;8695;8696;8697,11,0,2410,8,94,,1,1,1,1,16.34223164432717,16.32658816997538,1.0176693386656774,2.954573046073697,False,False,upstream_node_id -> downstream_node_id
199,8103,8132,8103;8104;8105;8106;8107;8108;8109;8110;8111;8112;8113;8114;8115;8116;8117;8118;8119;8120;8121;8122;8123;8124;8125;8126;8127;8128;8129;8130;8131;8132,30,0,2410,9,96,201;202,2,2,2,3,53.86442187849139,53.82407112552428,1.360082088306324,2.1545106198480766,False,False,upstream_node_id -> downstream_node_id
200,8103,8739,8103;8698;8699;8700;8701;8702;8703;8704;8705;8706;8707;8708;8709;8710;8711;8712;8713;8714;8715;8716;8717;8718;8719;8720;8721;8722;8723;8724;8725;8726;8727;8728;8729;8730;8731;8732;8733;8734;8735;8736;8737;8738;8739,43,0,2410,9,96,215;216,2,2,2,3,70.26202315361644,69.76011690510514,1.0722197033811398,2.1540255974850897,False,False,upstream_node_id -> downstream_node_id
201,8132,8206,8132;8133;8134;8135;8136;8137;8138;8139;8140;8141;8142;8143;8144;8145;8146;8147;8148;8149;8150;8151;8152;8153;8154;8155;8156;8157;8158;8159;8160;8161;8162;8163;8164;8165;8166;8167;8168;8169;8170;8171;8172;8173;8174;8175;8176;8177;8178;8179;8180;8181;8182;8183;8184;8185;8186;8187;8188;8189;8190;8191;8192;8193;8194;8195;8196;8197;8198;8199;8200;8201;8202;8203;8204;8205;8206,75,0,2410,10,199,,1,1,1,1,100.53916943989167,100.49064560769901,1.332375659786125,1.2699223577816163,False,False,upstream_node_id -> downstream_node_id
202,8132,8852,8132;8761;8762;8763;8764;8765;8766;8767;8768;8769;8770;8771;8772;8773;8774;8775;8776;8777;8778;8779;8780;8781;8782;8783;8784;8785;8786;8787;8788;8789;8790;8791;8792;8793;8794;8795;8796;8797;8798;8799;8800;8801;8802;8803;8804;8805;8806;8807;8808;8809;8810;8811;8812;8813;8814;8815;8816;8817;8818;8819;8820;8821;8822;8823;8824;8825;8826;8827;8828;8829;8830;8831;8832;8833;8834;8835;8836;8837;8838;8839;8840;8841;8842;8843;8844;8845;8846;8847;8848;8849;8850;8851;8852,93,0,2410,10,199,,1,1,1,1,179.75998695600538,179.3626342423664,1.9803619569898445,2.2368257359381927,False,False,upstream_node_id -> downstream_node_id
203,8306,8323,8306;8307;8308;8309;8310;8311;8312;8313;8314;8315;8316;8317;8318;8319;8320;8321;8322;8323,18,0,2410,10,98,,1,1,1,1,29.536651814882386,29.45402545464294,1.2663165778782148,1.823719267940348,False,False,upstream_node_id -> downstream_node_id
204,8306,8855,8306;8853;8854;8855,4,0,2410,10,98,217;218,2,2,2,3,7.826318496608353,7.653952324983256,1.1084794572044607,2.4733782448014336,False,False,upstream_node_id -> downstream_node_id
205,8397,8406,8397;8398;8399;8400;8401;8402;8403;8404;8405;8406,10,0,2410,10,102,207;208,2,3,3,5,12.630904965281557,12.616940730425338,1.0112166394364068,7.6810825592891065,False,False,upstream_node_id -> downstream_node_id
206,8397,8887,8397;8876;8877;8878;8879;8880;8881;8882;8883;8884;8885;8886;8887,13,0,2410,10,102,219;220,3,7,12,22,16.61331508244163,16.588503774370402,1.027686954860224,8.160855713319084,False,False,upstream_node_id -> downstream_node_id
207,8406,8432,8406;8407;8408;8409;8410;8411;8412;8413;8414;8415;8416;8417;8418;8419;8420;8421;8422;8423;8424;8425;8426;8427;8428;8429;8430;8431;8432,27,0,2410,11,205,209;210,2,2,2,3,35.5562877095489,35.243557315861416,1.1127117797180106,3.884881637907439,False,False,upstream_node_id -> downstream_node_id
208,8406,9152,8406;9118;9119;9120;9121;9122;9123;9124;9125;9126;9127;9128;9129;9130;9131;9132;9133;9134;9135;9136;9137;9138;9139;9140;9141;9142;9143;9144;9145;9146;9147;9148;9149;9150;9151;9152,36,0,2410,11,205,,1,1,1,1,64.4434189154057,64.2815860735158,1.277555654266578,4.368412500721929,False,False,upstream_node_id -> downstream_node_id
209,8432,8477,8432;8433;8434;8435;8436;8437;8438;8439;8440;8441;8442;8443;8444;8445;8446;8447;8448;8449;8450;8451;8452;8453;8454;8455;8456;8457;8458;8459;8460;8461;8462;8463;8464;8465;8466;8467;8468;8469;8470;8471;8472;8473;8474;8475;8476;8477,46,0,2410,12,207,,1,1,1,1,77.93438920996464,77.72671042352944,1.9744471086346014,3.553917864325762,False,False,upstream_node_id -> downstream_node_id
210,8432,9195,8432;9153;9154;9155;9156;9157;9158;9159;9160;9161;9162;9163;9164;9165;9166;9167;9168;9169;9170;9171;9172;9173;9174;9175;9176;9177;9178;9179;9180;9181;9182;9183;9184;9185;9186;9187;9188;9189;9190;9191;9192;9193;9194;9195,44,0,2410,12,207,,1,1,1,1,68.40048216578032,68.19623086769997,1.1363430080989079,4.8680196240800395,False,False,upstream_node_id -> downstream_node_id
211,8576,8590,8576;8577;8578;8579;8580;8581;8582;8583;8584;8585;8586;8587;8588;8589;8590,15,0,2410,13,108,213;214,2,2,2,3,17.024821471212654,17.004681198592984,1.0226829891153884,6.192859639496087,False,False,upstream_node_id -> downstream_node_id
212,8576,9226,8576;9196;9197;9198;9199;9200;9201;9202;9203;9204;9205;9206;9207;9208;9209;9210;9211;9212;9213;9214;9215;9216;9217;9218;9219;9220;9221;9222;9223;9224;9225;9226,32,0,2410,13,108,231;232,2,2,2,3,39.32475071677159,39.299874280267716,1.153591701301896,5.866753675138677,False,False,upstream_node_id -> downstream_node_id
213,8590,8651,8590;8591;8592;8593;8594;8595;8596;8597;8598;8599;8600;8601;8602;8603;8604;8605;8606;8607;8608;8609;8610;8611;8612;8613;8614;8615;8616;8617;8618;8619;8620;8621;8622;8623;8624;8625;8626;8627;8628;8629;8630;8631;8632;8633;8634;8635;8636;8637;8638;8639;8640;8641;8642;8643;8644;8645;8646;8647;8648;8649;8650;8651,62,0,2410,14,211,,1,1,1,1,77.95517866958068,77.86513958387792,1.1140277678551562,1.9832075940122804,False,False,upstream_node_id -> downstream_node_id
214,8590,9244,8590;9237;9238;9239;9240;9241;9242;9243;9244,9,0,2410,14,211,,1,1,1,1,10.111816060189037,10.104480321881873,1.0145730480033843,5.395367257437638,False,False,upstream_node_id -> downstream_node_id
215,8739,8760,8739;8740;8741;8742;8743;8744;8745;8746;8747;8748;8749;8750;8751;8752;8753;8754;8755;8756;8757;8758;8759;8760,22,0,2410,10,200,,1,1,1,1,44.18438097555921,44.14526793055451,1.221111725603682,1.9427284575590498,False,False,upstream_node_id -> downstream_node_id
216,8739,9259,8739;9245;9246;9247;9248;9249;9250;9251;9252;9253;9254;9255;9256;9257;9258;9259,16,0,2410,10,200,,1,1,1,1,16.16498525530283,16.14110844859847,1.0279607591050042,1.6810165995067552,False,False,upstream_node_id -> downstream_node_id
217,8855,8875,8855;8856;8857;8858;8859;8860;8861;8862;8863;8864;8865;8866;8867;8868;8869;8870;8871;8872;8873;8874;8875,21,0,2410,11,204,,1,1,1,1,31.197906296118795,31.14504093746343,1.0310942432230783,2.8980912357799813,False,False,upstream_node_id -> downstream_node_id
218,8855,9288,8855;9260;9261;9262;9263;9264;9265;9266;9267;9268;9269;9270;9271;9272;9273;9274;9275;9276;9277;9278;9279;9280;9281;9282;9283;9284;9285;9286;9287;9288,30,0,2410,11,204,,1,1,1,1,45.995173581520916,45.95329836019046,1.1705287968669145,2.39102147564167,False,False,upstream_node_id -> downstream_node_id
219,8887,8889,8887;8888;8889,3,0,2410,11,206,221;222,3,6,11,20,6.112097382768743,6.110743999536503,1.0020602774996576,7.969300496568626,False,False,upstream_node_id -> downstream_node_id
220,8887,9330,8887;9289;9290;9291;9292;9293;9294;9295;9296;9297;9298;9299;9300;9301;9302;9303;9304;9305;9306;9307;9308;9309;9310;9311;9312;9313;9314;9315;9316;9317;9318;9319;9320;9321;9322;9323;9324;9325;9326;9327;9328;9329;9330,43,0,2410,11,206,,1,1,1,1,66.37606805394549,66.27638338992452,1.1583445786909286,3.6469256033094655,False,False,upstream_node_id -> downstream_node_id
221,8889,8945,8889;8890;8891;8892;8893;8894;8895;8896;8897;8898;8899;8900;8901;8902;8903;8904;8905;8906;8907;8908;8909;8910;8911;8912;8913;8914;8915;8916;8917;8918;8919;8920;8921;8922;8923;8924;8925;8926;8927;8928;8929;8930;8931;8932;8933;8934;8935;8936;8937;8938;8939;8940;8941;8942;8943;8944;8945,57,0,2410,12,219,223;224,3,5,8,14,73.23086078203995,73.18083556015185,1.107098235324473,7.707516598407487,False,False,upstream_node_id -> downstream_node_id
222,8889,9334,8889;9331;9332;9333;9334,5,0,2410,12,219,233;234,2,3,3,5,5.851610661529307,5.8196015820985885,1.0267345268072603,7.160109166953413,False,False,upstream_node_id -> downstream_node_id
223,8945,8978,8945;8946;8947;8948;8949;8950;8951;8952;8953;8954;8955;8956;8957;8958;8959;8960;8961;8962;8963;8964;8965;8966;8967;8968;8969;8970;8971;8972;8973;8974;8975;8976;8977;8978,34,0,2410,13,221,225;226,3,4,7,12,51.73445686419291,51.69845257443466,1.0415801252165977,6.604326315944495,False,False,upstream_node_id -> downstream_node_id
224,8945,9441,8945;9385;9386;9387;9388;9389;9390;9391;9392;9393;9394;9395;9396;9397;9398;9399;9400;9401;9402;9403;9404;9405;9406;9407;9408;9409;9410;9411;9412;9413;9414;9415;9416;9417;9418;9419;9420;9421;9422;9423;9424;9425;9426;9427;9428;9429;9430;9431;9432;9433;9434;9435;9436;9437;9438;9439;9440;9441,58,0,2410,13,221,,1,1,1,1,128.007335281924,127.95142291802588,1.1919430767766075,9.18961533106163,False,False,upstream_node_id -> downstream_node_id
225,8978,9005,8978;8979;8980;8981;8982;8983;8984;8985;8986;8987;8988;8989;8990;8991;8992;8993;8994;8995;8996;8997;8998;8999;9000;9001;9002;9003;9004;9005,28,0,2410,14,223,227;228,2,3,3,5,39.163170955766475,39.13593526777318,1.0155553532172725,6.494899269328802,False,False,upstream_node_id -> downstream_node_id
226,8978,9450,8978;9442;9443;9444;9445;9446;9447;9448;9449;9450,10,0,2410,14,223,237;238,2,3,4,6,9.540731951798154,9.477364236413543,1.0456693090638312,6.99213170238228,False,False,upstream_node_id -> downstream_node_id
227,9005,9033,9005;9006;9007;9008;9009;9010;9011;9012;9013;9014;9015;9016;9017;9018;9019;9020;9021;9022;9023;9024;9025;9026;9027;9028;9029;9030;9031;9032;9033,29,0,2410,15,225,229;230,2,2,2,3,48.93309499754619,48.88659548189168,1.4816609895770574,7.4501672204368985,False,False,upstream_node_id -> downstream_node_id
228,9005,9548,9005;9491;9492;9493;9494;9495;9496;9497;9498;9499;9500;9501;9502;9503;9504;9505;9506;9507;9508;9509;9510;9511;9512;9513;9514;9515;9516;9517;9518;9519;9520;9521;9522;9523;9524;9525;9526;9527;9528;9529;9530;9531;9532;9533;9534;9535;9536;9537;9538;9539;9540;9541;9542;9543;9544;9545;9546;9547;9548,59,0,2410,15,225,,1,1,1,1,76.33693105594759,76.26539009973068,1.0702102818052006,5.254638580506669,False,False,upstream_node_id -> downstream_node_id
229,9033,9117,9033;9034;9035;9036;9037;9038;9039;9040;9041;9042;9043;9044;9045;9046;9047;9048;9049;9050;9051;9052;9053;9054;9055;9056;9057;9058;9059;9060;9061;9062;9063;9064;9065;9066;9067;9068;9069;9070;9071;9072;9073;9074;9075;9076;9077;9078;9079;9080;9081;9082;9083;9084;9085;9086;9087;9088;9089;9090;9091;9092;9093;9094;9095;9096;9097;9098;9099;9100;9101;9102;9103;9104;9105;9106;9107;9108;9109;9110;9111;9112;9113;9114;9115;9116;9117,85,0,2410,16,227,,1,1,1,1,141.32071415708583,141.17991231577307,1.423652071503535,5.025933878687317,False,False,upstream_node_id -> downstream_node_id
230,9033,9590,9033;9549;9550;9551;9552;9553;9554;9555;9556;9557;9558;9559;9560;9561;9562;9563;9564;9565;9566;9567;9568;9569;9570;9571;9572;9573;9574;9575;9576;9577;9578;9579;9580;9581;9582;9583;9584;9585;9586;9587;9588;9589;9590,43,0,2410,16,227,,1,1,1,1,81.6562923350306,81.58402541850579,1.6127700743662983,5.507328038509892,False,False,upstream_node_id -> downstream_node_id
231,9226,9236,9226;9227;9228;9229;9230;9231;9232;9233;9234;9235;9236,11,0,2410,14,212,,1,1,1,1,13.95627036485183,13.90387193021457,1.1642493375934122,5.858499824899465,False,False,upstream_node_id -> downstream_node_id
232,9226,9600,9226;9591;9592;9593;9594;9595;9596;9597;9598;9599;9600,11,0,2410,14,212,,1,1,1,1,13.678293321816234,13.662456347071235,1.0105397526899844,5.591496739118425,False,False,upstream_node_id -> downstream_node_id
233,9334,9335,9334;9335,2,0,2410,13,222,235;236,2,2,2,3,1.8379608265683998,1.8379608265683998,1.0,6.47475,False,False,upstream_node_id -> downstream_node_id
234,9334,9661,9334;9601;9602;9603;9604;9605;9606;9607;9608;9609;9610;9611;9612;9613;9614;9615;9616;9617;9618;9619;9620;9621;9622;9623;9624;9625;9626;9627;9628;9629;9630;9631;9632;9633;9634;9635;9636;9637;9638;9639;9640;9641;9642;9643;9644;9645;9646;9647;9648;9649;9650;9651;9652;9653;9654;9655;9656;9657;9658;9659;9660;9661,62,0,2410,13,222,,1,1,1,1,99.64387237724914,99.47888579295515,1.5117640390094667,2.3229528535532205,False,False,upstream_node_id -> downstream_node_id
235,9335,9384,9335;9336;9337;9338;9339;9340;9341;9342;9343;9344;9345;9346;9347;9348;9349;9350;9351;9352;9353;9354;9355;9356;9357;9358;9359;9360;9361;9362;9363;9364;9365;9366;9367;9368;9369;9370;9371;9372;9373;9374;9375;9376;9377;9378;9379;9380;9381;9382;9383;9384,50,0,2410,14,233,,1,1,1,1,81.8737667578897,81.79627174948675,1.1312929099629774,4.294885804566575,False,False,upstream_node_id -> downstream_node_id
236,9335,9662,9335;9662,2,0,2410,14,233,,1,1,1,1,0.8660254037844515,0.8660254037844515,1.0,6.25295,False,False,upstream_node_id -> downstream_node_id
237,9450,9490,9450;9451;9452;9453;9454;9455;9456;9457;9458;9459;9460;9461;9462;9463;9464;9465;9466;9467;9468;9469;9470;9471;9472;9473;9474;9475;9476;9477;9478;9479;9480;9481;9482;9483;9484;9485;9486;9487;9488;9489;9490,41,0,2410,15,226,,1,1,1,1,75.35014971091698,75.28338761016934,1.2530686196024872,5.20025914369501,False,False,upstream_node_id -> downstream_node_id
238,9450,9702,9450;9663;9664;9665;9666;9667;9668;9669;9670;9671;9672;9673;9674;9675;9676;9677;9678;9679;9680;9681;9682;9683;9684;9685;9686;9687;9688;9689;9690;9691;9692;9693;9694;9695;9696;9697;9698;9699;9700;9701;9702,41,0,2410,15,226,239;240;241,2,2,3,4,64.02207941427692,63.91667817846218,1.1723827422213522,5.54434761767584,False,False,upstream_node_id -> downstream_node_id
239,9702,9745,9702;9703;9704;9705;9706;9707;9708;9709;9710;9711;9712;9713;9714;9715;9716;9717;9718;9719;9720;9721;9722;9723;9724;9725;9726;9727;9728;9729;9730;9731;9732;9733;9734;9735;9736;9737;9738;9739;9740;9741;9742;9743;9744;9745,44,0,2410,16,238,,1,1,1,1,63.56440125315889,63.44721144940745,1.1759274773965662,4.816800195311283,False,False,upstream_node_id -> downstream_node_id
240,9702,9807,9702;9746;9747;9748;9749;9750;9751;9752;9753;9754;9755;9756;9757;9758;9759;9760;9761;9762;9763;9764;9765;9766;9767;9768;9769;9770;9771;9772;9773;9774;9775;9776;9777;9778;9779;9780;9781;9782;9783;9784;9785;9786;9787;9788;9789;9790;9791;9792;9793;9794;9795;9796;9797;9798;9799;9800;9801;9802;9803;9804;9805;9806;9807,63,0,2410,16,238,,1,1,1,1,86.54071036534226,86.2795893687185,1.184949493146855,4.330289204763085,False,False,upstream_node_id -> downstream_node_id
241,9702,9828,9702;9808;9809;9810;9811;9812;9813;9814;9815;9816;9817;9818;9819;9820;9821;9822;9823;9824;9825;9826;9827;9828,22,0,2410,16,238,,1,1,1,1,35.215233937626174,35.20269082905299,1.0141574128169992,5.19691522659315,False,False,upstream_node_id -> downstream_node_id
