iteration,physical_time_s,wall_clock_s,total_density
0,0.0,0.032311158,221109.0
100,2.4414062499999984e-06,2.854932283,221117.8347943
200,4.882812499999984e-06,4.733619747,221122.3705327
300,7.324218749999969e-06,6.6033367609999996,221125.8238937
400,9.765625000000029e-06,8.456745194,221128.7374578
500,1.2207031250000099e-05,10.277553988,221131.3145965
600,1.4648437500000169e-05,12.125391873,221133.657714
700,1.708984375000024e-05,13.954801136,221135.8274599
800,1.953125000000031e-05,15.819203545,221137.8634721
900,2.197265625000038e-05,17.690163744,221139.7933206
1000,2.441406250000045e-05,19.562079008,221141.6369881
1100,2.685546875000052e-05,21.402844952,221143.4093835
1200,2.929687500000059e-05,23.241073633,221145.1218774
1300,3.173828125000049e-05,25.29328441,221146.7832967
1400,3.417968750000022e-05,27.372898593,221148.4005991
1500,3.662109374999995e-05,29.420311486,221149.9793439
1600,3.906249999999968e-05,31.558175803,221151.5240286
1700,4.1503906249999413e-05,33.719344664,221153.0383341
1800,4.3945312499999145e-05,35.663134291,221154.5253062
1900,4.6386718749998876e-05,37.657762491,221155.9874914
2000,4.882812499999861e-05,39.526485339,221157.4270399
2100,5.126953124999834e-05,41.283849682,221158.8457837
2200,5.371093749999807e-05,43.243078302,221160.2452981
2300,5.61523437499978e-05,45.316480755,221161.6269486
2400,5.859374999999753e-05,47.379306346,221162.9919282
2500,6.103515624999726e-05,49.303280618,221164.3412868
2600,6.3476562499997e-05,51.165404417,221165.6759546
2700,6.591796874999672e-05,53.039890852,221166.9967613
2800,6.835937499999646e-05,54.934323747,221168.3044508
2900,7.080078124999619e-05,56.817187538,221169.5996945
3000,7.324218749999592e-05,58.606065962,221170.8831004
3100,7.568359374999565e-05,60.447257143,221172.1552225
3200,7.812499999999538e-05,62.384744325,221173.4165673
3300,8.056640624999511e-05,64.08261688,221174.6675999
3400,8.300781249999484e-05,65.910703525,221175.9087487
3500,8.544921874999457e-05,67.878476723,221177.1404097
3600,8.78906249999943e-05,69.807517894,221178.3629502
3700,9.033203124999404e-05,71.931157808,221179.5767116
3800,9.277343749999377e-05,74.120137313,221180.7820122
3900,9.52148437499935e-05,76.668343658,221181.9791494
4000,9.765624999999323e-05,79.346089594,221183.1684016
4100,0.00010009765624999296,81.887821328,221184.3500303
4200,0.00010253906249999269,84.295129994,221185.524281
4300,0.00010498046874999242,86.727638449,221186.6913851
4400,0.00010742187499999215,89.068863261,221187.8515609
4500,0.00010986328124999188,91.421591689,221189.0050146
4600,0.00011230468749999162,93.857987869,221190.1519412
4700,0.00011474609374999135,96.265532475,221191.2925255
4800,0.00011718749999999108,98.516277191,221192.4269429
4900,0.00011962890624999081,100.809784105,221193.5553598
5000,0.00012207031249999054,103.072954507,221194.6779346
5100,0.00012451171874999027,105.264556991,221195.7948178
5200,0.00012695312499999,107.416258525,221196.9061531
5300,0.00012939453124998973,109.697810962,221198.0120774
5400,0.00013183593749998946,111.927280428,221199.1127212
5500,0.0001342773437499892,114.222507498,221200.2082096
5600,0.00013671874999998893,116.784627059,221201.2986617
5700,0.00013916015624998866,119.405126435,221202.384192
5800,0.0001416015624999884,121.796288763,221203.4649097
5900,0.00014404296874998812,124.181596394,221204.5409197
6000,0.00014648437499998785,126.539279757,221205.6123225
6100,0.00014892578124998758,128.738797354,221206.6792147
6200,0.00015136718749998731,130.887204898,221207.7416889
6300,0.00015380859374998704,133.10067487,221208.799834
6400,0.00015624999999998678,135.30501528,221209.8537356
6500,0.0001586914062499865,137.440503483,221210.9034761
6600,0.00016113281249998624,139.62123198,221211.9491347
6700,0.00016357421874998597,141.766897445,221212.9907875
6800,0.0001660156249999857,144.03648694,221214.0285082
6900,0.00016845703124998543,146.295019296,221215.0623676
7000,0.00017089843749998516,148.59998379,221216.0924338
7100,0.0001733398437499849,150.787198794,221217.1187728
7200,0.00017578124999998462,153.156673126,221218.1414482
7300,0.00017822265624998436,155.508116995,221219.1605213
7400,0.0001806640624999841,157.823405828,221220.1760513
7500,0.00018310546874998382,160.114119338,221221.1880956
7600,0.00018554687499998355,162.294837167,221222.1967095
7700,0.00018798828124998328,164.521297007,221223.2019464
7800,0.000190429687499983,166.828341726,221224.2038582
7900,0.00019287109374998274,168.961154848,221225.2024948
8000,0.00019531249999998247,171.160603235,221226.1979047
8100,0.0001977539062499822,173.411557543,221227.1901349
8200,0.00020019531249998194,175.568723143,221228.1792306
8300,0.00020263671874998167,178.1293984,221229.1652359
8400,0.0002050781249999814,180.658825009,221230.1481933
8500,0.00020751953124998113,183.207783346,221231.1281442
8600,0.00020996093749998086,185.404451478,221232.1051285
8700,0.0002124023437499806,187.882786655,221233.0791849
8800,0.00021484374999998032,190.118183187,221234.0503512
8900,0.00021728515624998005,192.380140588,221235.0186638
9000,0.00021972656249997979,194.460372584,221235.9841579
9100,0.00022216796874997952,196.763139711,221236.9468681
9200,0.00022460937499997925,198.983037049,221237.9068276
9300,0.00022705078124997898,201.157506431,221238.8640686
9400,0.0002294921874999787,203.247032623,221239.8186227
9500,0.00023193359374997844,205.457533279,221240.7705203
9600,0.00023437499999997817,207.711282246,221241.719791
9700,0.0002368164062499779,209.921699418,221242.6664636
9800,0.00023925781249997763,212.184095508,221243.6105659
9900,0.00024169921874997737,214.355696641,221244.5521252
10000,0.0002441406249999771,216.623194698,221245.4911678
10100,0.00024658203124997685,218.813733937,221246.4277194
10200,0.0002490234374999766,221.082256798,221247.3618049
10300,0.0002514648437499763,223.190415179,221248.2934485
10400,0.00025390624999997605,225.431009679,221249.2226739
10500,0.0002563476562499758,227.658133205,221250.1495039
10600,0.0002587890624999755,230.085797671,221251.0739608
10700,0.00026123046874997524,232.37769317,221251.9960664
10800,0.00026367187499997497,234.66501411,221252.9158418
10900,0.0002661132812499747,237.200722572,221253.8333075
11000,0.00026855468749997443,239.805817442,221254.7484835
11100,0.00027099609374997417,242.208889781,221255.6613893
11200,0.0002734374999999739,244.634988596,221256.5720438
11300,0.00027587890624997363,247.020865896,221257.4804655
11400,0.00027832031249997336,249.326626277,221258.3866725
11500,0.0002807617187499731,251.542353985,221259.2906821
11600,0.0002832031249999728,253.791259077,221260.1925114
11700,0.00028564453124997255,256.049981448,221261.0921772
11800,0.0002880859374999723,258.263326399,221261.9896955
11900,0.000290527343749972,260.425490872,221262.8850821
12000,0.00029296874999997175,262.642669166,221263.7783525
12100,0.0002954101562499715,264.937628942,221264.6695217
12200,0.0002978515624999712,267.13316824,221265.5586042
12300,0.00030029296874997094,269.310581232,221266.4456143
12400,0.00030273437499997067,271.540694701,221267.330566
12500,0.0003051757812499704,273.851078861,221268.2134728
12600,0.00030761718749997013,276.031714179,221269.0943479
12700,0.00031005859374996986,278.315104914,221269.9732043
12800,0.0003124999999999696,280.479798511,221270.8500545
12900,0.0003149414062499693,282.77802853,221271.7249109
13000,0.00031738281249996906,284.923176004,221272.5977855
13100,0.0003198242187499688,287.191529164,221273.4686901
13200,0.0003222656249999685,289.388669393,221274.3376359
13300,0.00032470703124996825,291.494852767,221275.2046343
13400,0.000327148437499968,293.773797609,221276.0696962
13500,0.0003295898437499677,295.909846787,221276.9328322
13600,0.00033203124999996744,298.394509285,221277.7940528
13700,0.0003344726562499672,300.605194735,221278.6533681
13800,0.0003369140624999669,302.911529867,221279.5107882
13900,0.00033935546874996664,305.19237284,221280.3663227
14000,0.00034179687499996637,307.481820207,221281.2199812
14100,0.0003442382812499661,309.644852424,221282.0717731
14200,0.00034667968749996583,311.963654932,221282.9217073
14300,0.00034912109374996556,314.170417287,221283.7697929
14400,0.0003515624999999653,316.354024824,221284.6160385
14500,0.000354003906249965,318.493453755,221285.4604527
14600,0.00035644531249996475,320.680600049,221286.3030439
14700,0.0003588867187499645,322.919356898,221287.1438201
14800,0.0003613281249999642,325.031850654,221287.9827896
14900,0.00036376953124996395,327.253782319,221288.8199599
15000,0.0003662109374999637,329.375643664,221289.655339
15100,0.0003686523437499634,331.696804998,221290.4889342
15200,0.00037109374999996314,334.194443687,221291.3207531
15300,0.00037353515624996287,336.792066514,221292.1508027
15400,0.0003759765624999626,339.124566542,221292.9790902
15500,0.00037841796874996233,341.51836702,221293.8056226
15600,0.00038085937499996207,343.82744179,221294.6304067
15700,0.0003833007812499618,346.180375443,221295.4534491
15800,0.00038574218749996153,348.450640657,221296.2747565
15900,0.00038818359374996126,350.695626234,221297.0943352
16000,0.000390624999999961,352.818951428,221297.9121916
16100,0.0003930664062499607,355.102081997,221298.7283319
16200,0.00039550781249996045,357.20092203,221299.5427623
16300,0.0003979492187499602,359.412130364,221300.3554886
16400,0.0004003906249999599,361.608059865,221301.1665167
16500,0.00040283203124995965,363.728242367,221301.9758525
16600,0.0004052734374999594,365.958056763,221302.7835017
16700,0.0004077148437499591,368.078837396,221303.5894697
16800,0.00041015624999995884,370.418369358,221304.3937622
16900,0.00041259765624995857,372.576287694,221305.1963844
17000,0.0004150390624999583,374.976740884,221305.9973418
17100,0.00041748046874995803,377.131999378,221306.7966395
17200,0.00041992187499995776,379.538884785,221307.5942827
17300,0.0004223632812499575,381.650464606,221308.3902764
17400,0.0004248046874999572,383.890004352,221309.1846257
17500,0.00042724609374995696,386.309635332,221309.9773354
17600,0.0004296874999999567,388.836884595,221310.7684104
17700,0.0004321289062499564,391.251096466,221311.5578554
17800,0.00043457031249995615,393.629221567,221312.3456751
17900,0.0004370117187499559,395.881300086,221313.1318742
18000,0.0004394531249999556,398.099065333,221313.9164572
18100,0.00044189453124995534,400.260597903,221314.6994287
18200,0.0004443359374999551,402.467803398,221315.4807929
18300,0.0004467773437499548,404.722098802,221316.2605545
18400,0.00044921874999995454,406.924826372,221317.0387175
18500,0.00045166015624995427,409.261762125,221317.8152863
18600,0.000454101562499954,411.377655397,221318.5902652
18700,0.00045654296874995373,413.585333128,221319.3636582
18800,0.00045898437499995346,415.763285336,221320.1354695
18900,0.0004614257812499532,418.024694285,221320.9057031
19000,0.0004638671874999529,420.199423728,221321.674363
19100,0.00046630859374995266,422.43655612,221322.4414532
19200,0.0004687499999999524,424.596416817,221323.2069776
19300,0.0004711914062499521,426.846430656,221323.97094
19400,0.00047363281249995185,428.958252096,221324.7333442
19500,0.0004760742187499516,431.083827705,221325.4941941
19600,0.0004785156249999513,433.277882618,221326.2534934
19700,0.00048095703124995104,435.452275755,221327.0112458
19800,0.00048339843749995077,437.771899355,221327.7674549
19900,0.0004858398437499505,439.916851972,221328.5221244
20000,0.00048828124999995024,442.193944219,221329.2752578
20100,0.0004907226562499554,444.355039767,221330.0268587
20200,0.0004931640624999605,446.621162145,221330.7769306
20300,0.0004956054687499657,448.75617726,221331.5254771
20400,0.0004980468749999708,451.004699987,221332.2725014
20500,0.000500488281249976,453.182561252,221333.0180072
20600,0.0005029296874999811,455.390955497,221333.7619977
20700,0.0005053710937499863,457.520322834,221334.5044763
20800,0.0005078124999999915,459.63658121,221335.2454464
20900,0.0005102539062499966,461.847079794,221335.9849112
21000,0.0005126953125000018,464.013954446,221336.722874
21100,0.0005151367187500069,466.315871374,221337.4593382
21200,0.0005175781250000121,468.472955593,221338.1943068
21300,0.0005200195312500172,470.766803437,221338.9277831
21400,0.0005224609375000224,472.874632944,221339.6597703
21500,0.0005249023437500275,475.281691159,221340.3902715
21600,0.0005273437500000327,477.935502797,221341.1192898
21700,0.0005297851562500378,480.606117356,221341.8468284
21800,0.000532226562500043,482.922702425,221342.5728903
21900,0.0005346679687500481,485.277701737,221343.2974787
22000,0.0005371093750000533,487.591033747,221344.0205965
22100,0.0005395507812500584,489.807926903,221344.7422467
22200,0.0005419921875000636,491.982078003,221345.4624324
22300,0.0005444335937500687,494.221754014,221346.1811566
22400,0.0005468750000000739,496.40856899,221346.8984222
22500,0.000549316406250079,498.671859015,221347.6142321
22600,0.0005517578125000842,500.8251989,221348.3285894
22700,0.0005541992187500893,503.267470454,221349.0414968
22800,0.0005566406250000945,505.502702885,221349.7529574
22900,0.0005590820312500996,507.64477684,221350.462974
23000,0.0005615234375001048,509.878530523,221351.1715494
23100,0.00056396484375011,512.061265624,221351.8786865
23200,0.0005664062500001151,514.325769439,221352.5843882
23300,0.0005688476562501203,516.555974026,221353.2886572
23400,0.0005712890625001254,518.822377628,221353.9914965
23500,0.0005737304687501306,521.042067934,221354.6929087
23600,0.0005761718750001357,523.283305755,221355.3928966
23700,0.0005786132812501409,525.585918175,221356.0914631
23800,0.000581054687500146,527.970236046,221356.7886108
23900,0.0005834960937501512,530.212541472,221357.4843426
24000,0.0005859375000001563,532.430003471,221358.1786611
24100,0.0005883789062501615,534.71460515,221358.8715691
24200,0.0005908203125001666,536.93302862,221359.5630693
24300,0.0005932617187501718,539.18862903,221360.2531644
24400,0.0005957031250001769,541.356663206,221360.941857
24500,0.0005981445312501821,543.582827413,221361.6291499
24600,0.0006005859375001872,545.784237891,221362.3150457
24700,0.0006030273437501924,547.954548025,221362.9995471
24800,0.0006054687500001975,550.132487874,221363.6826567
24900,0.0006079101562502027,552.370442347,221364.3643772
25000,0.0006103515625002078,554.553058127,221365.0447111
25100,0.000612792968750213,556.77086378,221365.7236612
25200,0.0006152343750002181,558.917602341,221366.40123
25300,0.0006176757812502233,561.125952931,221367.0774201
25400,0.0006201171875002285,563.33469317,221367.7522341
25500,0.0006225585937502336,565.79990849,221368.4256746
25600,0.0006250000000002388,568.397057706,221369.0977441
25700,0.0006274414062502439,570.846679616,221369.7684454
25800,0.0006298828125002491,573.303694904,221370.4377808
25900,0.0006323242187502542,575.580691734,221371.105753
26000,0.0006347656250002594,577.7923952,221371.7723645
26100,0.0006372070312502645,579.910095739,221372.4376179
26200,0.0006396484375002697,582.142183967,221373.1015156
26300,0.0006420898437502748,584.211574429,221373.7640603
26400,0.00064453125000028,586.474237235,221374.4252543
26500,0.0006469726562502851,588.53695275,221375.0851003
26600,0.0006494140625002903,590.758027047,221375.7436008
26700,0.0006518554687502954,592.916622842,221376.4007582
26800,0.0006542968750003006,595.321707805,221377.0565751
26900,0.0006567382812503057,597.563285885,221377.7110539
27000,0.0006591796875003109,599.964483743,221378.364197
27100,0.000661621093750316,602.228709458,221379.0160071
27200,0.0006640625000003212,604.547352698,221379.6664866
27300,0.0006665039062503263,607.137815076,221380.3156378
27400,0.0006689453125003315,609.691072939,221380.9634633
27500,0.0006713867187503366,611.888634799,221381.6099656
27600,0.0006738281250003418,614.2271481,221382.255147
27700,0.000676269531250347,616.43720259,221382.8990101
27800,0.0006787109375003521,618.558190373,221383.5415572
27900,0.0006811523437503573,620.801033694,221384.1827908
28000,0.0006835937500003624,622.964831666,221384.8227134
28100,0.0006860351562503676,625.2534289,221385.4613272
28200,0.0006884765625003727,627.378502916,221386.0986349
28300,0.0006909179687503779,629.655327998,221386.7346387
28400,0.000693359375000383,631.808659623,221387.3693411
28500,0.0006958007812503882,634.075789403,221388.0027444
28600,0.0006982421875003933,636.129916073,221388.6348512
28700,0.0007006835937503985,638.335752848,221389.2656637
28800,0.0007031250000004036,640.460812755,221389.8951844
28900,0.0007055664062504088,642.671842051,221390.5234156
29000,0.0007080078125004139,644.873745786,221391.1503598
29100,0.0007104492187504191,647.019528967,221391.7760193
29200,0.0007128906250004242,649.295928767,221392.4003965
29300,0.0007153320312504294,651.368687465,221393.0234937
29400,0.0007177734375004345,653.543674943,221393.6453133
29500,0.0007202148437504397,655.677274306,221394.2658578
29600,0.0007226562500004448,657.895795424,221394.8851293
29700,0.00072509765625045,659.993231682,221395.5031303
29800,0.0007275390625004551,662.288106647,221396.1198632
29900,0.0007299804687504603,664.502568478,221396.7353303
30000,0.0007324218750004654,666.664581594,221397.3495338
30100,0.0007348632812504706,668.998426935,221397.9624762
30200,0.0007373046875004758,671.064607829,221398.5741599
30300,0.0007397460937504809,673.263230252,221399.184587
30400,0.0007421875000004861,675.450328164,221399.79376
30500,0.0007446289062504912,677.805269108,221400.4016811
30600,0.0007470703125004964,679.952769746,221401.0083527
30700,0.0007495117187505015,682.139957181,221401.6137771
30800,0.0007519531250005067,684.282192929,221402.2179566
30900,0.0007543945312505118,686.472262685,221402.8208936
31000,0.000756835937500517,688.535904235,221403.4225902
31100,0.0007592773437505221,690.762062502,221404.0230489
31200,0.0007617187500005273,693.53612042,221404.6222719
31300,0.0007641601562505324,695.874625409,221405.2202615
31400,0.0007666015625005376,698.064389897,221405.8170201
31500,0.0007690429687505427,700.218945793,221406.4125498
31600,0.0007714843750005479,702.508604874,221407.0068529
31700,0.000773925781250553,704.642607113,221407.5999319
31800,0.0007763671875005582,707.396670639,221408.1917888
31900,0.0007788085937505633,710.004513398,221408.7824261
32000,0.0007812500000005685,712.552018625,221409.3718459
32100,0.0007836914062505736,714.985975862,221409.9600506
32200,0.0007861328125005788,717.245384047,221410.5470423
32300,0.000788574218750584,719.477122444,221411.1328235
32400,0.0007910156250005891,721.718991579,221411.7173962
32500,0.0007934570312505943,724.029413167,221412.3007628
32600,0.0007958984375005994,726.393613926,221412.8829256
32700,0.0007983398437506046,728.685670053,221413.4638867
32800,0.0008007812500006097,730.984250029,221414.0436484
32900,0.0008032226562506149,733.231307475,221414.622213
33000,0.00080566406250062,735.590798084,221415.1995826
33100,0.0008081054687506252,737.796674642,221415.7757596
33200,0.0008105468750006303,740.06587372,221416.3507462
33300,0.0008129882812506355,742.329890992,221416.9245445
33400,0.0008154296875006406,744.649080645,221417.4971569
33500,0.0008178710937506458,747.195301123,221418.0685854
33600,0.0008203125000006509,749.766685333,221418.6388325
33700,0.0008227539062506561,752.085655376,221419.2079002
33800,0.0008251953125006612,754.47281503,221419.7757907
33900,0.0008276367187506664,756.801727358,221420.3425064
34000,0.0008300781250006715,759.186270941,221420.9080493
34100,0.0008325195312506767,761.519708668,221421.4724218
34200,0.0008349609375006818,763.910375544,221422.0356259
34300,0.000837402343750687,766.236842171,221422.597664
34400,0.0008398437500006921,768.685044657,221423.1585381
34500,0.0008422851562506973,770.952567962,221423.7182505
34600,0.0008447265625007024,773.224291232,221424.2768034
34700,0.0008471679687507076,775.422835002,221424.8341989
34800,0.0008496093750007128,777.720897784,221425.3904393
34900,0.0008520507812507179,779.827716075,221425.9455266
35000,0.0008544921875007231,782.054518004,221426.4994632
35100,0.0008569335937507282,784.237654905,221427.0522511
35200,0.0008593750000007334,786.544531846,221427.6038925
35300,0.0008618164062507385,788.757289627,221428.1543897
35400,0.0008642578125007437,791.05383001,221428.7037447
35500,0.0008666992187507488,793.321822329,221429.2519597
35600,0.000869140625000754,795.561282148,221429.7990369
35700,0.0008715820312507591,797.80656704,221430.3449784
35800,0.0008740234375007643,799.965600609,221430.8897864
35900,0.0008764648437507694,802.264959359,221431.433463
36000,0.0008789062500007746,804.453672342,221431.9760105
36100,0.0008813476562507797,806.729849557,221432.5174308
36200,0.0008837890625007849,808.88856686,221433.0577262
36300,0.00088623046875079,811.144628352,221433.5968988
36400,0.0008886718750007952,813.569323454,221434.1349507
36500,0.0008911132812508003,815.852534146,221434.671884
36600,0.0008935546875008055,817.994793595,221435.207701
36700,0.0008959960937508106,820.250202487,221435.7424036
36800,0.0008984375000008158,822.396296446,221436.2759941
36900,0.0009008789062508209,824.737993736,221436.8084746
37000,0.0009033203125008261,827.006794208,221437.339847
37100,0.0009057617187508312,829.196382534,221437.8701137
37200,0.0009082031250008364,831.489811172,221438.3992767
37300,0.0009106445312508416,833.650615437,221438.927338
37400,0.0009130859375008467,836.203740203,221439.4542999
37500,0.0009155273437508519,838.715470203,221439.9801643
37600,0.000917968750000857,841.311765078,221440.5049334
37700,0.0009204101562508622,843.744287297,221441.0286093
37800,0.0009228515625008673,846.087200511,221441.5511941
37900,0.0009252929687508725,848.27173743,221442.0726898
38000,0.0009277343750008776,850.53745576,221442.5930986
38100,0.0009301757812508828,852.832018583,221443.1124225
38200,0.0009326171875008879,855.240902978,221443.6306636
38300,0.0009350585937508931,857.476881597,221444.1478241
38400,0.0009375000000008982,859.738209318,221444.6639058
38500,0.0009399414062509034,861.972371524,221445.178911
38600,0.0009423828125009085,864.288283577,221445.6928417
38700,0.0009448242187509137,866.50358371,221446.2056999
38800,0.0009472656250009188,868.772056829,221446.7174878
38900,0.000949707031250924,870.906588403,221447.2282074
39000,0.0009521484375009291,873.253688583,221447.7378606
39100,0.0009545898437509343,875.442727195,221448.2464497
39200,0.0009570312500009394,877.738364228,221448.7539766
39300,0.0009594726562509446,879.917645789,221449.2604433
39400,0.0009619140625009497,882.118581739,221449.765852
39500,0.0009643554687509549,884.314902817,221450.2702047
39600,0.00096679687500096,886.778909595,221450.7735033
39700,0.0009692382812509652,888.950437427,221451.27575
39800,0.0009716796875009704,891.333872909,221451.7769467
39900,0.0009741210937509755,893.492715626,221452.2770955
40000,0.0009765625000009806,895.783774819,221452.7761984
40100,0.0009790039062509749,898.137422816,221453.2742575
40200,0.0009814453125009692,900.75779865,221453.7712747
40300,0.0009838867187509635,903.292774147,221454.2672521
40400,0.0009863281250009578,905.840943523,221454.7621917
40500,0.000988769531250952,908.447623277,221455.2560955
40600,0.0009912109375009464,910.909084112,221455.7489654
40700,0.0009936523437509407,913.147794694,221456.2408036
40800,0.000996093750000935,915.45167359,221456.7316119
40900,0.0009985351562509293,917.699456594,221457.2213925
41000,0.0010009765625009237,920.014701969,221457.7101472
41100,0.001003417968750918,922.257573883,221458.1978782
41200,0.0010058593750009123,924.517056297,221458.6845873
41300,0.0010083007812509066,926.729669762,221459.1702765
41400,0.001010742187500901,928.882774302,221459.6549479
41500,0.0010131835937508952,931.053913431,221460.1386034
41600,0.0010156250000008895,933.188510534,221460.621245
41700,0.0010180664062508838,935.41323981,221461.1028747
41800,0.0010205078125008781,937.524198286,221461.5834944
41900,0.0010229492187508724,939.695368815,221462.0631061
42000,0.0010253906250008668,941.819297249,221462.5417118
42100,0.001027832031250861,944.044685034,221463.0193134
42200,0.0010302734375008554,946.249412396,221463.4959129
42300,0.0010327148437508497,948.349520284,221463.9715123
42400,0.001035156250000844,950.587883465,221464.4461134
42500,0.0010375976562508383,952.868052658,221464.9197183
42600,0.0010400390625008326,955.253558494,221465.3923288
42700,0.001042480468750827,957.652223019,221465.863947
42800,0.0010449218750008212,960.11932304,221466.3345748
42900,0.0010473632812508155,962.411337576,221466.8042141
43000,0.0010498046875008099,964.820530627,221467.2728668
43100,0.0010522460937508042,967.005981341,221467.7405349
43200,0.0010546875000007985,969.271942558,221468.2072202
43300,0.0010571289062507928,971.341486294,221468.6729248
43400,0.001059570312500787,973.5445753,221469.1376506
43500,0.0010620117187507814,975.698265181,221469.6013994
43600,0.0010644531250007757,978.403253767,221470.0641732
43700,0.00106689453125077,980.726073791,221470.5259739
43800,0.0010693359375007643,982.988501371,221470.9868033
43900,0.0010717773437507586,985.187797919,221471.4466635
44000,0.001074218750000753,987.423502864,221471.9055563
44100,0.0010766601562507473,989.611124608,221472.3634836
44200,0.0010791015625007416,991.850426786,221472.8204473
44300,0.0010815429687507359,994.018642299,221473.2764493
44400,0.0010839843750007302,996.298282108,221473.7314915
44500,0.0010864257812507245,998.436278979,221474.1855758
44600,0.0010888671875007188,1000.531637634,221474.638704
44700,0.0010913085937507131,1002.675005991,221475.0908781
44800,0.0010937500000007074,1004.808095764,221475.5420999
44900,0.0010961914062507017,1007.081104136,221475.9923713
45000,0.001098632812500696,1009.163191988,221476.4416942
45100,0.0011010742187506904,1011.3480986,221476.8900704
45200,0.0011035156250006847,1013.496727232,221477.3375018
45300,0.001105957031250679,1016.001347423,221477.7839903
45400,0.0011083984375006733,1018.442620882,221478.2295378
45500,0.0011108398437506676,1020.879108711,221478.674146
45600,0.001113281250000662,1023.111500362,221479.1178169
45700,0.0011157226562506562,1025.520448512,221479.5605522
45800,0.0011181640625006505,1027.709234018,221480.002354
45900,0.0011206054687506448,1029.873297102,221480.4432239
46000,0.0011230468750006392,1031.964981159,221480.8831638
46100,0.0011254882812506335,1034.097782823,221481.3221756
46200,0.0011279296875006278,1036.291184033,221481.7602612
46300,0.001130371093750622,1038.380977901,221482.1974222
46400,0.0011328125000006164,1040.568669363,221482.6336607
46500,0.0011352539062506107,1042.694032771,221483.0689783
46600,0.001137695312500605,1044.855209677,221483.503377
46700,0.0011401367187505993,1047.002346349,221483.9368585
46800,0.0011425781250005936,1049.411276033,221484.3694247
46900,0.001145019531250588,1051.611344834,221484.8010774
47000,0.0011474609375005823,1053.824422351,221485.2318184
47100,0.0011499023437505766,1056.01412933,221485.6616494
47200,0.0011523437500005709,1058.148663784,221486.0905724
47300,0.0011547851562505652,1060.353286515,221486.5185891
47400,0.0011572265625005595,1062.490595727,221486.9457013
47500,0.0011596679687505538,1064.699910427,221487.3719108
47600,0.0011621093750005481,1066.882560484,221487.7972194
47700,0.0011645507812505424,1069.181836447,221488.2216289
47800,0.0011669921875005367,1071.38131553,221488.6451411
47900,0.001169433593750531,1073.551591372,221489.0677578
48000,0.0011718750000005254,1075.879292215,221489.4894807
48100,0.0011743164062505197,1078.356713843,221489.9103117
48200,0.001176757812500514,1080.760768886,221490.3302524
48300,0.0011791992187505083,1083.146689981,221490.7493047
48400,0.0011816406250005026,1085.594543751,221491.1674704
48500,0.001184082031250497,1087.927459257,221491.5847512
48600,0.0011865234375004912,1090.064991267,221492.0011489
48700,0.0011889648437504855,1092.215373388,221492.4166652
48800,0.0011914062500004798,1094.444602118,221492.8313019
48900,0.0011938476562504742,1096.804637232,221493.2450608
49000,0.0011962890625004685,1099.000287936,221493.6579436
49100,0.0011987304687504628,1101.274068749,221494.0699521
49200,0.001201171875000457,1103.401708354,221494.4810879
49300,0.0012036132812504514,1105.554882801,221494.8913529
49400,0.0012060546875004457,1107.721809973,221495.3007488
49500,0.00120849609375044,1109.788813191,221495.7092773
49600,0.0012109375000004343,1112.084253606,221496.1169402
49700,0.0012133789062504286,1114.33854988,221496.5237392
49800,0.001215820312500423,1116.804928517,221496.929676
49900,0.0012182617187504173,1119.263615198,221497.3347523
50000,0.0012207031250004116,1121.639744045,221497.7389699
50100,0.0012231445312504059,1123.866090114,221498.1423305
50200,0.0012255859375004002,1126.215554059,221498.5448358
50300,0.0012280273437503945,1128.425006208,221498.9464875
50400,0.0012304687500003888,1130.628300859,221499.3472873
50500,0.0012329101562503831,1132.722797628,221499.747237
50600,0.0012353515625003774,1134.923133894,221500.1463382
50700,0.0012377929687503717,1137.107234591,221500.5445927
50800,0.001240234375000366,1139.109575653,221500.9420021
50900,0.0012426757812503604,1141.273566456,221501.3385682
51000,0.0012451171875003547,1143.49421527,221501.7342925
51100,0.001247558593750349,1145.81536037,221502.1291769
51200,0.0012500000000003433,1148.290442027,221502.5232231
51300,0.0012524414062503376,1150.749698537,221502.9164326
51400,0.001254882812500332,1152.921673616,221503.3088071
51500,0.0012573242187503262,1155.117049837,221503.7003485
51600,0.0012597656250003205,1157.226087571,221504.0910582
51700,0.0012622070312503148,1159.461359652,221504.4809381
51800,0.0012646484375003091,1161.596652013,221504.8699897
51900,0.0012670898437503035,1163.967856669,221505.2582148
52000,0.0012695312500002978,1166.471117429,221505.645615
52100,0.001271972656250292,1168.963942804,221506.0321919
52200,0.0012744140625002864,1171.226132646,221506.4179472
52300,0.0012768554687502807,1173.645858779,221506.8028827
52400,0.001279296875000275,1176.030687356,221507.1869998
52500,0.0012817382812502693,1178.340467575,221507.5703003
52600,0.0012841796875002636,1180.508863402,221507.9527859
52700,0.001286621093750258,1182.603198378,221508.3344581
52800,0.0012890625000002522,1184.997426548,221508.7153186
52900,0.0012915039062502466,1187.296658582,221509.0953691
53000,0.0012939453125002409,1189.473044941,221509.4746112
53100,0.0012963867187502352,1191.549441494,221509.8530464
53200,0.0012988281250002295,1193.841049766,221510.2306765
53300,0.0013012695312502238,1195.960339744,221510.6075031
53400,0.001303710937500218,1198.142958515,221510.9835277
53500,0.0013061523437502124,1200.176656891,221511.3587521
53600,0.0013085937500002067,1202.44269841,221511.7331778
53700,0.001311035156250201,1204.515091627,221512.1068064
53800,0.0013134765625001953,1206.720623537,221512.4796396
53900,0.0013159179687501897,1209.014436331,221512.8516789
54000,0.001318359375000184,1211.120048925,221513.222926
54100,0.0013208007812501783,1213.402683278,221513.5933825
54200,0.0013232421875001726,1215.644344753,221513.96305
54300,0.001325683593750167,1218.163175715,221514.33193
54400,0.0013281250000001612,1220.370398581,221514.7000242
54500,0.0013305664062501555,1222.727602951,221515.0673341
54600,0.0013330078125001498,1225.244916977,221515.4338614
54700,0.0013354492187501441,1227.873303916,221515.7996076
54800,0.0013378906250001384,1230.213834467,221516.1645743
54900,0.0013403320312501328,1232.559575016,221516.5287631
55000,0.001342773437500127,1234.788805366,221516.8921756
55100,0.0013452148437501214,1237.114411215,221517.2548133
55200,0.0013476562500001157,1239.260605888,221517.6166779
55300,0.00135009765625011,1241.596794565,221517.9777708
55400,0.0013525390625001043,1243.807532375,221518.3380937
55500,0.0013549804687500986,1246.14807152,221518.6976481
55600,0.001357421875000093,1248.243495129,221519.0564355
55700,0.0013598632812500872,1250.533353363,221519.4144576
55800,0.0013623046875000815,1252.886333796,221519.7717159
55900,0.0013647460937500759,1255.312065933,221520.128212
56000,0.0013671875000000702,1257.388502721,221520.4839473
56100,0.0013696289062500645,1259.765116144,221520.8389234
56200,0.0013720703125000588,1262.038157009,221521.193142
56300,0.001374511718750053,1264.184941414,221521.5466044
56400,0.0013769531250000474,1266.404813157,221521.8993124
56500,0.0013793945312500417,1268.572066082,221522.2512673
56600,0.001381835937500036,1270.880292524,221522.6024707
56700,0.0013842773437500303,1273.054014735,221522.9529242
56800,0.0013867187500000247,1275.314599507,221523.3026293
56900,0.001389160156250019,1277.640627909,221523.6515874
57000,0.0013916015625000133,1279.8995542,221523.9998002
57100,0.0013940429687500076,1282.05231424,221524.3472692
57200,0.0013964843750000019,1284.307479946,221524.6939958
57300,0.0013989257812499962,1286.382123062,221525.0399816
57400,0.0014013671874999905,1288.638490652,221525.3852281
57500,0.0014038085937499848,1290.820205161,221525.7297368
57600,0.0014062499999999791,1293.038615251,221526.0735091
57700,0.0014086914062499734,1295.235478826,221526.4165467
57800,0.0014111328124999678,1297.390218492,221526.758851
57900,0.001413574218749962,1299.624919359,221527.1004234
58000,0.0014160156249999564,1301.658396093,221527.4412656
58100,0.0014184570312499507,1303.843979298,221527.7813789
58200,0.001420898437499945,1306.112821639,221528.120765
58300,0.0014233398437499393,1308.340755373,221528.4594251
58400,0.0014257812499999336,1310.430895273,221528.7973609
58500,0.001428222656249928,1312.638854575,221529.1345738
58600,0.0014306640624999222,1314.853969267,221529.4710654
58700,0.0014331054687499165,1317.314291993,221529.8068369
58800,0.0014355468749999109,1319.788626226,221530.1418901
58900,0.0014379882812499052,1322.157895748,221530.4762262
59000,0.0014404296874998995,1325.144042554,221530.8098468
59100,0.0014428710937498938,1327.73285037,221531.1427534
59200,0.001445312499999888,1329.931486373,221531.4749474
59300,0.0014477539062498824,1332.260652724,221531.8064302
59400,0.0014501953124998767,1334.527238773,221532.1372034
59500,0.001452636718749871,1336.907680947,221532.4672683
59600,0.0014550781249998653,1339.285047364,221532.7966264
59700,0.0014575195312498596,1341.757550114,221533.1252792
59800,0.001459960937499854,1344.289082892,221533.4532282
59900,0.0014624023437498483,1346.637453446,221533.7804747
60000,0.0014648437499998426,1348.910828367,221534.1070201
60100,0.0014672851562498369,1351.246465429,221534.432866
60200,0.0014697265624998312,1353.435861646,221534.7580138
60300,0.0014721679687498255,1355.853079852,221535.0824649
60400,0.0014746093749998198,1358.015876755,221535.4062207
60500,0.0014770507812498141,1360.264926876,221535.7292827
60600,0.0014794921874998084,1362.456040236,221536.0516522
60700,0.0014819335937498027,1364.760904667,221536.3733308
60800,0.001484374999999797,1367.055803236,221536.6943198
60900,0.0014868164062497914,1369.470853526,221537.0146206
61000,0.0014892578124997857,1371.845862678,221537.3342346
61100,0.00149169921874978,1374.089034054,221537.6531633
61200,0.0014941406249997743,1376.338526979,221537.9714081
61300,0.0014965820312497686,1378.734110678,221538.2889703
61400,0.001499023437499763,1381.320702011,221538.6058514
61500,0.0015014648437497572,1383.76904477,221538.9220528
61600,0.0015039062499997515,1386.204595737,221539.2375759
61700,0.0015063476562497458,1388.651025333,221539.552422
61800,0.0015087890624997402,1391.144640867,221539.8665926
61900,0.0015112304687497345,1393.391319236,221540.1800891
62000,0.0015136718749997288,1395.678862014,221540.4929128
62100,0.001516113281249723,1397.807681886,221540.8050651
62200,0.0015185546874997174,1400.080502129,221541.1165474
62300,0.0015209960937497117,1402.459376468,221541.427361
62400,0.001523437499999706,1404.881368736,221541.7375075
62500,0.0015258789062497003,1407.061817368,221542.046988
62600,0.0015283203124996946,1409.639840624,221542.3558041
62700,0.001530761718749689,1411.943122913,221542.6639571
62800,0.0015332031249996833,1414.216001576,221542.9714482
62900,0.0015356445312496776,1416.385525306,221543.278279
63000,0.0015380859374996719,1418.660794227,221543.5844508
63100,0.0015405273437496662,1420.836479399,221543.8899649
63200,0.0015429687499996605,1423.028633975,221544.1948226
63300,0.0015454101562496548,1425.132953028,221544.4990254
63400,0.0015478515624996491,1427.361817851,221544.8025746
63500,0.0015502929687496434,1429.521582683,221545.1054715
63600,0.0015527343749996377,1431.660527284,221545.4077174
63700,0.001555175781249632,1433.8883686,221545.7093138
63800,0.0015576171874996264,1436.337562855,221546.010262
63900,0.0015600585937496207,1438.845543001,221546.3105633
64000,0.001562499999999615,1441.21709737,221546.610219
64100,0.0015649414062496093,1443.635838785,221546.9092304
64200,0.0015673828124996036,1446.024223658,221547.207599
64300,0.001569824218749598,1448.388413489,221547.505326
64400,0.0015722656249995922,1450.978950868,221547.8024127
64500,0.0015747070312495865,1453.339452135,221548.0988605
64600,0.0015771484374995808,1455.495633972,221548.3946708
64700,0.0015795898437495751,1457.772648077,221548.6898447
64800,0.0015820312499995695,1459.947845829,221548.9843837
64900,0.0015844726562495638,1462.243675139,221549.278289
65000,0.001586914062499558,1464.438389194,221549.5715619
65100,0.0015893554687495524,1466.739778556,221549.8642038
65200,0.0015917968749995467,1469.157164626,221550.156216
65300,0.001594238281249541,1471.574307225,221550.4475998
65400,0.0015966796874995353,1473.906760604,221550.7383564
65500,0.0015991210937495296,1476.314554049,221551.0284873
65600,0.001601562499999524,1478.505600516,221551.3179935
65700,0.0016040039062495182,1480.810611068,221551.6068766
65800,0.0016064453124995126,1483.266350067,221551.8951377
65900,0.0016088867187495069,1485.780658913,221552.1827781
66000,0.0016113281249995012,1488.122614325,221552.4697991
66100,0.0016137695312494955,1490.598523045,221552.7562021
66200,0.0016162109374994898,1492.841656157,221553.0419882
66300,0.0016186523437494841,1494.99954747,221553.3271589
66400,0.0016210937499994784,1497.233329209,221553.6117152
66500,0.0016235351562494727,1499.634541362,221553.8956586
66600,0.001625976562499467,1501.965946358,221554.1789903
66700,0.0016284179687494614,1504.189195662,221554.4617115
66800,0.0016308593749994557,1506.524097946,221554.7438235
66900,0.00163330078124945,1508.852861368,221555.0253277
67000,0.0016357421874994443,1511.208334066,221555.3062252
67100,0.0016381835937494386,1513.839736111,221555.5865173
67200,0.001640624999999433,1516.495799575,221555.8662052
67300,0.0016430664062494272,1518.967504583,221556.1452903
67400,0.0016455078124994215,1521.66909359,221556.4237738
67500,0.0016479492187494158,1524.169954225,221556.7016569
67600,0.0016503906249994101,1526.67673632,221556.9789408
67700,0.0016528320312494045,1529.290961347,221557.2556269
67800,0.0016552734374993988,1531.971592528,221557.5317163
67900,0.001657714843749393,1534.671012022,221557.8072103
68000,0.0016601562499993874,1537.199833269,221558.0821101
68100,0.0016625976562493817,1539.614398286,221558.3564171
68200,0.001665039062499376,1542.018657751,221558.6301323
68300,0.0016674804687493703,1544.608328587,221558.903257
68400,0.0016699218749993646,1546.966726815,221559.1757925
68500,0.001672363281249359,1549.242232264,221559.44774
68600,0.0016748046874993532,1551.391965536,221559.7191007
68700,0.0016772460937493476,1553.683172574,221559.9898759
68800,0.0016796874999993419,1556.097826994,221560.2600666
68900,0.0016821289062493362,1558.774471133,221560.5296743
69000,0.0016845703124993305,1561.474908029,221560.7987
69100,0.0016870117187493248,1564.056056767,221561.067145
69200,0.001689453124999319,1566.520583451,221561.3350106
69300,0.0016918945312493134,1569.03499557,221561.6022978
69400,0.0016943359374993077,1571.398432009,221561.8690079
69500,0.001696777343749302,1573.807650722,221562.1351422
69600,0.0016992187499992963,1576.026289014,221562.4007017
69700,0.0017016601562492907,1578.438194836,221562.6656878
69800,0.001704101562499285,1580.823038049,221562.9301016
69900,0.0017065429687492793,1583.164794184,221563.1939442
70000,0.0017089843749992736,1585.693309378,221563.457217
70100,0.001711425781249268,1588.128083708,221563.7199211
70200,0.0017138671874992622,1590.35844656,221563.9820576
70300,0.0017163085937492565,1592.710756414,221564.2436277
70400,0.0017187499999992508,1594.990519874,221564.5046327
70500,0.0017211914062492451,1597.456883398,221564.7650737
70600,0.0017236328124992394,1599.977024875,221565.0249519
70700,0.0017260742187492338,1602.25266655,221565.2842684
70800,0.001728515624999228,1604.401429677,221565.5430245
70900,0.0017309570312492224,1606.887124361,221565.8012213
71000,0.0017333984374992167,1609.173915282,221566.0588599
71100,0.001735839843749211,1611.501141679,221566.3159416
71200,0.0017382812499992053,1613.662095904,221566.5724675
71300,0.0017407226562491996,1615.955097435,221566.8284388
71400,0.001743164062499194,1618.092819932,221567.0838565
71500,0.0017456054687491882,1620.274215346,221567.338722
71600,0.0017480468749991825,1622.365057786,221567.5930362
71700,0.0017504882812491769,1624.485383275,221567.8468005
71800,0.0017529296874991712,1626.682557635,221568.1000159
71900,0.0017553710937491655,1628.937428537,221568.3526835
72000,0.0017578124999991598,1631.204198125,221568.6048046
72100,0.001760253906249154,1633.543602273,221568.8563803
72200,0.0017626953124991484,1635.878082588,221569.1074116
72300,0.0017651367187491427,1638.036585507,221569.3578999
72400,0.001767578124999137,1640.274258146,221569.607846
72500,0.0017700195312491313,1642.359946291,221569.8572514
72600,0.0017724609374991256,1644.606312676,221570.1061169
72700,0.00177490234374912,1646.73114681,221570.3544438
72800,0.0017773437499991143,1648.950372721,221570.6022333
72900,0.0017797851562491086,1651.050753807,221570.8494864
73000,0.0017822265624991029,1653.184643907,221571.0962042
73100,0.0017846679687490972,1655.410232175,221571.3423879
73200,0.0017871093749990915,1657.513484259,221571.5880386
73300,0.0017895507812490858,1659.762615066,221571.8331574
73400,0.0017919921874990801,1661.936191472,221572.0777454
73500,0.0017944335937490744,1664.219558388,221572.3218038
73600,0.0017968749999990687,1666.565791816,221572.5653336
73700,0.001799316406249063,1668.864041121,221572.808336
73800,0.0018017578124990574,1670.966583639,221573.0508121
73900,0.0018041992187490517,1673.150174178,221573.2927629
74000,0.001806640624999046,1675.419845491,221573.5341895
74100,0.0018090820312490403,1677.907977315,221573.7750931
74200,0.0018115234374990346,1680.364972177,221574.0154748
74300,0.001813964843749029,1682.645529302,221574.2553357
74400,0.0018164062499990232,1684.910213155,221574.4946768
74500,0.0018188476562490175,1687.146374494,221574.7334992
74600,0.0018212890624990118,1689.34328798,221574.9718041
74700,0.0018237304687490062,1691.388600549,221575.2095925
74800,0.0018261718749990005,1693.675179853,221575.4468654
74900,0.0018286132812489948,1695.852053256,221575.6836241
75000,0.001831054687498989,1698.141891617,221575.9198695
75100,0.0018334960937489834,1700.271869827,221576.1556027
75200,0.0018359374999989777,1702.494159955,221576.3908249
75300,0.001838378906248972,1704.623795186,221576.6255371
75400,0.0018408203124989663,1706.839900034,221576.8597403
75500,0.0018432617187489606,1708.980961844,221577.0934356
75600,0.001845703124998955,1711.035468473,221577.3266241
75700,0.0018481445312489493,1713.242947677,221577.5593069
75800,0.0018505859374989436,1715.335919908,221577.7914851
75900,0.0018530273437489379,1717.554450502,221578.0231595
76000,0.0018554687499989322,1719.609421058,221578.2543315
76100,0.0018579101562489265,1721.805469219,221578.4850019
76200,0.0018603515624989208,1723.954486488,221578.7151719
76300,0.0018627929687489151,1726.241287092,221578.9448425
76400,0.0018652343749989094,1728.398204133,221579.1740148
76500,0.0018676757812489037,1730.766682095,221579.4026897
76600,0.001870117187498898,1733.174398815,221579.6308684
76700,0.0018725585937488924,1735.49059373,221579.8585519
76800,0.0018749999999988867,1737.713011667,221580.0857413
76900,0.001877441406248881,1739.955958427,221580.3124375
77000,0.0018798828124988753,1742.052077881,221580.5386416
77100,0.0018823242187488696,1744.206272755,221580.7643547
77200,0.001884765624998864,1746.483222628,221580.9895778
77300,0.0018872070312488582,1748.799693502,221581.2143118
77400,0.0018896484374988525,1751.144282674,221581.438558
77500,0.0018920898437488468,1753.362819803,221581.6623172
77600,0.0018945312499988412,1755.672766871,221581.8855905
77700,0.0018969726562488355,1758.253600024,221582.1083789
77800,0.0018994140624988298,1760.634327098,221582.3306835
77900,0.001901855468748824,1762.799536978,221582.5525052
78000,0.0019042968749988184,1765.030579853,221582.7738451
78100,0.0019067382812488127,1767.078276132,221582.9947043
78200,0.001909179687498807,1769.128629443,221583.2150836
78300,0.0019116210937488013,1771.036612186,221583.4349841
78400,0.0019140624999987956,1772.942610538,221583.6544069
78500,0.00191650390624879,1774.940272802,221583.873353
78600,0.0019189453124987843,1776.927344774,221584.0918232
78700,0.0019213867187487786,1779.029090333,221584.3098188
78800,0.0019238281249987729,1781.22716662,221584.5273405
78900,0.0019262695312487672,1783.31656418,221584.7443896
79000,0.0019287109374987615,1785.316373321,221584.9609668
79100,0.0019311523437487558,1787.381366114,221585.1770733
79200,0.0019335937499987501,1789.53602444,221585.3927101
79300,0.0019360351562487444,1791.589341154,221585.6078781
79400,0.0019384765624987387,1793.784080212,221585.8225783
79500,0.001940917968748733,1796.157743926,221586.0368117
79600,0.0019433593749987274,1798.98785672,221586.2505793
79700,0.0019458007812487217,1801.801675518,221586.4638821
79800,0.001948242187498716,1804.080298734,221586.676721
79900,0.0019506835937487103,1806.140318211,221586.8890971
80000,0.0019531249999987046,1808.372267573,221587.1010113
80100,0.001955566406248699,1810.28030877,221587.3124646
80200,0.001958007812498693,1812.38571393,221587.5234579
80300,0.0019604492187486875,1814.592206223,221587.7339923
80400,0.001962890624998682,1816.569233028,221587.9440687
80500,0.001965332031248676,1818.533574294,221588.153688
80600,0.0019677734374986705,1820.49092352,221588.3628513
80700,0.0019702148437486648,1822.493644415,221588.5715596
80800,0.001972656249998659,1824.627499245,221588.7798136
80900,0.0019750976562486534,1826.865465419,221588.9876145
81000,0.0019775390624986477,1828.900786272,221589.1949632
81100,0.001979980468748642,1831.001449636,221589.4018607
81200,0.0019824218749986363,1833.110858864,221589.6083078
81300,0.0019848632812486306,1835.236828103,221589.8143056
81400,0.001987304687498625,1837.319459727,221590.019855
81500,0.0019897460937486192,1839.287734143,221590.224957
81600,0.0019921874999986136,1841.284054686,221590.4296124
81700,0.001994628906248608,1843.33865139,221590.6338223
81800,0.001997070312498602,1845.696067691,221590.8375876
81900,0.0019995117187485965,1847.677340354,221591.0409092
82000,0.002001953124998591,1849.691738196,221591.2437881
82100,0.002004394531248585,1851.658502515,221591.4462251
82200,0.0020068359374985794,1853.545701917,221591.6482214
82300,0.0020092773437485737,1855.713653272,221591.8497776
82400,0.002011718749998568,1857.627613617,221592.050895
82500,0.0020141601562485623,1859.619440775,221592.2515742
82600,0.0020166015624985567,1861.58753586,221592.4518163
82700,0.002019042968748551,1863.471678051,221592.6516222
82800,0.0020214843749985453,1865.514604285,221592.8509928
82900,0.0020239257812485396,1867.461120903,221593.0499291
83000,0.002026367187498534,1869.469132585,221593.2484319
83100,0.002028808593748528,1871.372172932,221593.4465022
83200,0.0020312499999985225,1873.357206539,221593.6441408
83300,0.002033691406248517,1875.500791456,221593.8413488
83400,0.002036132812498511,1877.448746535,221594.0381271
83500,0.0020385742187485054,1879.5235373,221594.2344764
83600,0.0020410156249984998,1881.562470421,221594.4303978
83700,0.002043457031248494,1883.677989043,221594.6258922
83800,0.0020458984374984884,1885.64278172,221594.8209604
83900,0.0020483398437484827,1887.622074486,221595.0156034
84000,0.002050781249998477,1889.695875808,221595.209822
84100,0.0020532226562484713,1891.579490711,221595.4036173
84200,0.0020556640624984656,1893.920156929,221595.5969899
84300,0.00205810546874846,1896.119585708,221595.789941
84400,0.0020605468749984542,1898.194066396,221595.9824713
84500,0.0020629882812484486,1900.289750238,221596.1745817
84600,0.002065429687498443,1902.328785881,221596.3662732
84700,0.002067871093748437,1904.368241926,221596.5575467
84800,0.0020703124999984315,1906.388427179,221596.7484029
84900,0.002072753906248426,1908.440049768,221596.9388429
85000,0.00207519531249842,1910.334306289,221597.1288675
85100,0.0020776367187484144,1912.288176638,221597.3184775
85200,0.0020800781249984087,1914.20464171,221597.5076739
85300,0.002082519531248403,1916.073500563,221597.6964575
85400,0.0020849609374983973,1918.189844895,221597.8848292
85500,0.0020874023437483917,1920.204330342,221598.0727899
85600,0.002089843749998386,1922.317059807,221598.2603405
85700,0.0020922851562483803,1924.352064667,221598.4474818
85800,0.0020947265624983746,1926.328901534,221598.6342148
85900,0.002097167968748369,1928.360252721,221598.8205402
86000,0.002099609374998363,1930.336286882,221599.0064589
86100,0.0021020507812483575,1932.363070767,221599.1919718
86200,0.002104492187498352,1934.414765035,221599.3770798
86300,0.002106933593748346,1936.573361628,221599.5617837
86400,0.0021093749999983404,1938.446705707,221599.7460845
86500,0.0021118164062483348,1940.389884857,221599.9299828
86600,0.002114257812498329,1942.49259305,221600.1134797
86700,0.0021166992187483234,1944.327524952,221600.2965759
86800,0.0021191406249983177,1946.345589033,221600.4792723
86900,0.002121582031248312,1948.21047338,221600.6615698
87000,0.0021240234374983063,1950.124339752,221600.8434692
87100,0.0021264648437483006,1952.253947819,221601.0249714
87200,0.002128906249998295,1954.224600975,221601.2060771
87300,0.0021313476562482892,1956.239311112,221601.3867874
87400,0.0021337890624982835,1958.187340114,221601.5671029
87500,0.002136230468748278,1960.141001756,221601.7470245
87600,0.002138671874998272,1962.1689674,221601.9265531
87700,0.0021411132812482665,1964.134846855,221602.1056895
87800,0.002143554687498261,1966.186102159,221602.2844346
87900,0.002145996093748255,1968.188684725,221602.4627891
88000,0.0021484374999982494,1970.09529351,221602.6407539
88100,0.0021508789062482437,1972.051455592,221602.8183299
88200,0.002153320312498238,1973.977390879,221602.9955178
88300,0.0021557617187482323,1975.932129788,221603.1723186
88400,0.0021582031249982266,1978.008374202,221603.348733
88500,0.002160644531248221,1980.309177199,221603.5247618
88600,0.0021630859374982153,1982.584440554,221603.7004058
88700,0.0021655273437482096,1984.661177524,221603.875666
88800,0.002167968749998204,1986.765142814,221604.0505431
88900,0.002170410156248198,1988.912350025,221604.2250379
89000,0.0021728515624981925,1990.891904426,221604.3991512
89100,0.002175292968748187,1992.88731066,221604.5728839
89200,0.002177734374998181,1994.848558238,221604.7462367
89300,0.0021801757812481754,1996.783363429,221604.9192106
89400,0.0021826171874981697,1998.729883212,221605.0918062
89500,0.002185058593748164,2000.605469994,221605.2640244
89600,0.0021874999999981584,2002.532221333,221605.435866
89700,0.0021899414062481527,2004.49498355,221605.6073318
89800,0.002192382812498147,2006.380214562,221605.7784226
89900,0.0021948242187481413,2008.457732002,221605.9491392
90000,0.0021972656249981356,2010.27695054,221606.1194824
90100,0.00219970703124813,2012.2072043,221606.289453
90200,0.0022021484374981242,2014.748049652,221606.4590518
90300,0.0022045898437481185,2017.118904531,221606.6282796
90400,0.002207031249998113,2019.642762805,221606.7971372
90500,0.002209472656248107,2022.155689821,221606.9656254
90600,0.0022119140624981015,2024.586735887,221607.1337449
90700,0.0022143554687480958,2026.696434868,221607.3014966
90800,0.00221679687499809,2029.174090237,221607.4688812
90900,0.0022192382812480844,2032.149724201,221607.6358995
91000,0.0022216796874980787,2035.002863739,221607.8025524
91100,0.002224121093748073,2037.810820264,221607.9688405
91200,0.0022265624999980673,2039.864647849,221608.1347647
91300,0.0022290039062480616,2042.202238058,221608.3003257
91400,0.002231445312498056,2044.307810848,221608.4655244
91500,0.0022338867187480503,2046.588713539,221608.6303614
91600,0.0022363281249980446,2048.799038057,221608.7948376
91700,0.002238769531248039,2050.70688803,221608.9589538
91800,0.002241210937498033,2052.814229326,221609.1227106
91900,0.0022436523437480275,2054.806299124,221609.286109
92000,0.002246093749998022,2057.00559107,221609.4491496
92100,0.002248535156248016,2059.066670073,221609.6118332
92200,0.0022509765624980104,2061.155331537,221609.7741605
92300,0.0022534179687480047,2063.031231698,221609.9361324
92400,0.002255859374997999,2065.266138178,221610.0977497
92500,0.0022583007812479934,2067.67984934,221610.2590129
92600,0.0022607421874979877,2069.783808063,221610.419923
92700,0.002263183593747982,2071.893743429,221610.5804807
92800,0.0022656249999979763,2073.942701402,221610.7406866
92900,0.0022680664062479706,2076.267794396,221610.9005417
93000,0.002270507812497965,2078.688380909,221611.0600466
93100,0.0022729492187479592,2081.096356109,221611.219202
93200,0.0022753906249979535,2083.273465008,221611.3780088
93300,0.002277832031247948,2085.879890607,221611.5364677
93400,0.002280273437497942,2088.199462723,221611.6945794
93500,0.0022827148437479365,2090.488070896,221611.8523446
93600,0.0022851562499979308,2092.554231934,221612.0097642
93700,0.002287597656247925,2094.576290844,221612.1668388
93800,0.0022900390624979194,2096.645501061,221612.3235692
93900,0.0022924804687479137,2098.649169447,221612.4799561
94000,0.002294921874997908,2100.692553502,221612.6360003
94100,0.0022973632812479023,2102.827754978,221612.7917024
94200,0.0022998046874978966,2104.919904836,221612.9470633
94300,0.002302246093747891,2106.849444622,221613.1020837
94400,0.0023046874999978853,2108.977986729,221613.2567642
94500,0.0023071289062478796,2111.023293056,221613.4111057
94600,0.002309570312497874,2113.005558974,221613.5651088
94700,0.002312011718747868,2115.092732679,221613.7187743
94800,0.0023144531249978625,2117.168104092,221613.8721028
94900,0.002316894531247857,2119.337361627,221614.0250952
95000,0.002319335937497851,2121.563653276,221614.1777521
95100,0.0023217773437478454,2123.784796516,221614.3300743
95200,0.0023242187499978397,2126.090742157,221614.4820625
95300,0.002326660156247834,2128.338888747,221614.6337173
95400,0.0023291015624978284,2130.359444579,221614.7850396
95500,0.0023315429687478227,2132.217722628,221614.93603
95600,0.002333984374997817,2134.256238116,221615.0866892
95700,0.0023364257812478113,2136.520378959,221615.237018
95800,0.0023388671874978056,2138.594036286,221615.387017
95900,0.0023413085937478,2140.793890904,221615.536687
96000,0.002343749999997794,2142.990215737,221615.6860286
96100,0.0023461914062477885,2145.144538945,221615.8350426
96200,0.002348632812497783,2147.350291342,221615.9837297
96300,0.002351074218747777,2149.485783272,221616.1320906
96400,0.0023535156249977715,2151.469844239,221616.280126
96500,0.0023559570312477658,2153.637335786,221616.4278365
96600,0.00235839843749776,2155.69759789,221616.5752229
96700,0.0023608398437477544,2158.067346183,221616.7222859
96800,0.0023632812499977487,2160.369033955,221616.8690262
96900,0.002365722656247743,2162.597604844,221617.0154444
97000,0.0023681640624977373,2164.751735477,221617.1615413
97100,0.0023706054687477316,2166.834295451,221617.3073175
97200,0.002373046874997726,2168.908711917,221617.4527737
97300,0.0023754882812477202,2170.969628681,221617.5979107
97400,0.0023779296874977146,2173.389519465,221617.7427291
97500,0.002380371093747709,2175.478780408,221617.8872295
97600,0.002382812499997703,2177.982850866,221618.0314128
97700,0.0023852539062476975,2180.257391409,221618.1752795
97800,0.002387695312497692,2182.602528013,221618.3188303
97900,0.002390136718747686,2184.869645805,221618.462066
98000,0.0023925781249976804,2186.965255959,221618.6049871
98100,0.0023950195312476747,2189.242795907,221618.7475945
98200,0.002397460937497669,2191.525935309,221618.8898886
98300,0.0023999023437476633,2193.756512719,221619.0318703
98400,0.0024023437499976577,2196.128251564,221619.1735402
98500,0.002404785156247652,2198.104794101,221619.314899
98600,0.0024072265624976463,2200.400409715,221619.4559472
98700,0.0024096679687476406,2202.501794073,221619.5966857
98800,0.002412109374997635,2204.736691161,221619.7371151
98900,0.002414550781247629,2207.012392938,221619.8772359
99000,0.0024169921874976235,2209.365151317,221620.017049
99100,0.002419433593747618,2211.775133241,221620.156555
99200,0.002421874999997612,2213.7509209,221620.2957544
99300,0.0024243164062476064,2216.117392677,221620.4346481
99400,0.0024267578124976008,2218.382658417,221620.5732365
99500,0.002429199218747595,2220.800524946,221620.7115205
99600,0.0024316406249975894,2223.063070789,221620.8495006
99700,0.0024340820312475837,2225.613836792,221620.9871776
99800,0.002436523437497578,2227.897566076,221621.1245519
99900,0.0024389648437475723,2230.244448475,221621.2616244
100000,0.0024414062499975666,2232.506807628,221621.3983957
100100,0.002443847656247561,2234.776140143,221621.5348664
100200,0.0024462890624975552,2237.059986742,221621.6710371
100300,0.0024487304687475495,2239.426962368,221621.8069085
100400,0.002451171874997544,2241.939903531,221621.9424813
100500,0.002453613281247538,2244.241688971,221622.0777561
100600,0.0024560546874975325,2246.652141994,221622.2127335
100700,0.002458496093747527,2249.104985032,221622.3474142
100800,0.002460937499997521,2251.346288371,221622.4817988
100900,0.0024633789062475154,2253.747315352,221622.6158879
101000,0.0024658203124975097,2255.96898779,221622.7496823
101100,0.002468261718747504,2258.359551977,221622.8831824
101200,0.0024707031249974983,2260.616860702,221623.016389
101300,0.0024731445312474926,2262.955315946,221623.1493028
101400,0.002475585937497487,2265.298373603,221623.2819242
101500,0.0024780273437474813,2267.469742061,221623.414254
101600,0.0024804687499974756,2269.325001118,221623.5462928
101700,0.00248291015624747,2271.338134697,221623.6780412
101800,0.002485351562497464,2273.45006861,221623.8094998
101900,0.0024877929687474585,2275.66312152,221623.9406693
102000,0.002490234374997453,2278.306619355,221624.0715503
102100,0.002492675781247447,2280.669540841,221624.2021433
102200,0.0024951171874974414,2283.214858911,221624.3324492
102300,0.0024975585937474357,2285.449738207,221624.4624683
102400,0.00249999999999743,2287.647558339,221624.5922015
102500,0.0025024414062474244,2289.57390715,221624.7216492
102600,0.0025048828124974187,2291.56806233,221624.8508121
102700,0.002507324218747413,2293.601197493,221624.9796908
102800,0.0025097656249974073,2295.652621193,221625.108286
102900,0.0025122070312474016,2297.596814781,221625.2365982
103000,0.002514648437497396,2299.615135286,221625.3646281
103100,0.0025170898437473902,2301.725905464,221625.4923762
103200,0.0025195312499973845,2303.651719627,221625.6198432
103300,0.002521972656247379,2305.780445099,221625.7470297
103400,0.002524414062497373,2307.954463916,221625.8739363
103500,0.0025268554687473675,2310.075508543,221626.0005635
103600,0.0025292968749973618,2312.411704355,221626.1269121
103700,0.002531738281247356,2314.497804754,221626.2529825
103800,0.0025341796874973504,2316.607223144,221626.3787754
103900,0.0025366210937473447,2318.6181214,221626.5042915
104000,0.002539062499997339,2320.870477851,221626.6295312
104100,0.0025415039062473333,2322.938601995,221626.7544952
104200,0.0025439453124973276,2325.175863246,221626.8791841
104300,0.002546386718747322,2327.402861606,221627.0035985
104400,0.0025488281249973163,2329.560554252,221627.1277389
104500,0.0025512695312473106,2331.486733954,221627.2516061
104600,0.002553710937497305,2333.376269092,221627.3752004
104700,0.002556152343747299,2335.350122454,221627.4985227
104800,0.0025585937499972935,2337.333535684,221627.6215733
104900,0.002561035156247288,2339.469816293,221627.744353
105000,0.002563476562497282,2341.436001939,221627.8668623
105100,0.0025659179687472764,2343.539529556,221627.9891018
105200,0.0025683593749972707,2345.476430408,221628.111072
105300,0.002570800781247265,2347.418312068,221628.2327736
105400,0.0025732421874972594,2349.547323049,221628.3542072
105500,0.0025756835937472537,2351.555044841,221628.4753732
105600,0.002578124999997248,2353.517230538,221628.5962724
105700,0.0025805664062472423,2355.453182816,221628.7169053
105800,0.0025830078124972366,2357.496834243,221628.8372723
105900,0.002585449218747231,2359.579985397,221628.9573743
106000,0.0025878906249972252,2361.589197261,221629.0772116
106100,0.0025903320312472195,2363.630556239,221629.1967849
106200,0.002592773437497214,2365.697219774,221629.3160947
106300,0.002595214843747208,2368.516793745,221629.4351417
106400,0.0025976562499972025,2371.516909237,221629.5539263
106500,0.0026000976562471968,2374.407264201,221629.6724492
106600,0.002602539062497191,2376.964610481,221629.7907109
106700,0.0026049804687471854,2379.106745591,221629.908712
106800,0.0026074218749971797,2381.045297718,221630.026453
106900,0.002609863281247174,2383.012256487,221630.1439346
107000,0.0026123046874971683,2384.883178597,221630.2611572
107100,0.0026147460937471626,2386.880980176,221630.3781214
107200,0.002617187499997157,2388.789664689,221630.4948279
107300,0.0026196289062471513,2390.654811811,221630.611277
107400,0.0026220703124971456,2392.637088227,221630.7274695
107500,0.00262451171874714,2394.46050118,221630.8434059
107600,0.002626953124997134,2396.554451383,221630.9590867
107700,0.0026293945312471285,2398.598668855,221631.0745124
107800,0.002631835937497123,2400.727606162,221631.1896837
107900,0.002634277343747117,2402.831869848,221631.3046011
108000,0.0026367187499971114,2404.764289124,221631.419265
108100,0.0026391601562471057,2406.73669546,221631.5336762
108200,0.0026416015624971,2408.69142125,221631.6478351
108300,0.0026440429687470944,2410.610439631,221631.7617422
108400,0.0026464843749970887,2412.509558822,221631.8753982
108500,0.002648925781247083,2414.388752111,221631.9888035
108600,0.0026513671874970773,2416.300825352,221632.1019588
108700,0.0026538085937470716,2418.132281915,221632.2148644
108800,0.002656249999997066,2420.020091188,221632.3275211
108900,0.00265869140624706,2421.942608449,221632.4399293
109000,0.0026611328124970545,2423.76920169,221632.5520895
109100,0.002663574218747049,2425.870019225,221632.6640024
109200,0.002666015624997043,2427.967787753,221632.7756684
109300,0.0026684570312470375,2429.989676251,221632.887088
109400,0.0026708984374970318,2432.048053333,221632.9982619
109500,0.002673339843747026,2434.308040053,221633.1091905
109600,0.0026757812499970204,2436.446012398,221633.2198744
109700,0.0026782226562470147,2438.345447479,221633.3303141
109800,0.002680664062497009,2440.310082803,221633.4405102
109900,0.0026831054687470033,2442.211069504,221633.5504631
110000,0.0026855468749969976,2444.011970896,221633.6601734
110100,0.002687988281246992,2446.148882008,221633.7696416
110200,0.0026904296874969862,2448.068988691,221633.8788682
110300,0.0026928710937469806,2450.044368379,221633.9878538
110400,0.002695312499996975,2452.042703999,221634.0965989
110500,0.002697753906246969,2453.966575487,221634.2051041
110600,0.0027001953124969635,2455.877938426,221634.3133697
110700,0.002702636718746958,2457.809047806,221634.4213964
110800,0.002705078124996952,2459.711591507,221634.5291847
110900,0.0027075195312469464,2461.528630283,221634.6367351
111000,0.0027099609374969407,2463.440206081,221634.744048
111100,0.002712402343746935,2465.383243822,221634.8511241
111200,0.0027148437499969293,2467.363177453,221634.9579638
111300,0.0027172851562469237,2469.389970048,221635.0645677
111400,0.002719726562496918,2471.344777548,221635.1709363
111500,0.0027221679687469123,2473.202072632,221635.27707
111600,0.0027246093749969066,2475.162548783,221635.3829694
111700,0.002727050781246901,2477.06947301,221635.4886349
111800,0.002729492187496895,2479.119927501,221635.5940672
111900,0.0027319335937468895,2480.967208682,221635.6992667
112000,0.002734374999996884,2482.889528789,221635.8042339
112100,0.002736816406246878,2484.796368711,221635.9089693
112200,0.0027392578124968724,2486.703562426,221636.0134735
112300,0.0027416992187468668,2488.6832531,221636.1177468
112400,0.002744140624996861,2490.469688691,221636.2217899
112500,0.0027465820312468554,2492.361606901,221636.3256032
112600,0.0027490234374968497,2494.289520472,221636.4291872
112700,0.002751464843746844,2496.198706451,221636.5325425
112800,0.0027539062499968383,2498.234370896,221636.6356694
112900,0.0027563476562468326,2500.112466491,221636.7385686
113000,0.002758789062496827,2502.01346227,221636.8412405
113100,0.0027612304687468212,2504.008101032,221636.9436856
113200,0.0027636718749968156,2506.117757197,221637.0459044
113300,0.00276611328124681,2508.412189498,221637.1478974
113400,0.002768554687496804,2510.527728474,221637.2496651
113500,0.0027709960937467985,2512.578324267,221637.3512079
113600,0.002773437499996793,2514.610050955,221637.4525264
113700,0.002775878906246787,2516.762669461,221637.5536211
113800,0.0027783203124967814,2518.736814914,221637.6544924
113900,0.0027807617187467757,2520.640906402,221637.7551408
114000,0.00278320312499677,2522.578000756,221637.8555668
114100,0.0027856445312467643,2524.407049999,221637.9557709
114200,0.0027880859374967587,2526.437617106,221638.0557536
114300,0.002790527343746753,2528.417698687,221638.1555153
114400,0.0027929687499967473,2530.572626176,221638.2550565
114500,0.0027954101562467416,2533.73171361,221638.3543778
114600,0.002797851562496736,2536.293340598,221638.4534796
114700,0.00280029296874673,2538.51426633,221638.5523623
114800,0.0028027343749967245,2540.757105717,221638.6510265
114900,0.002805175781246719,2543.098417908,221638.7494726
115000,0.002807617187496713,2545.421698398,221638.8477011
115100,0.0028100585937467074,2547.977157766,221638.9457125
115200,0.0028124999999967018,2550.44560541,221639.0435072
115300,0.002814941406246696,2552.76398119,221639.1410857
115400,0.0028173828124966904,2554.879837229,221639.2384486
115500,0.0028198242187466847,2557.140969329,221639.3355961
115600,0.002822265624996679,2559.224344405,221639.4325289
115700,0.0028247070312466733,2561.5949122,221639.5292474
115800,0.0028271484374966676,2563.933525333,221639.6257521
115900,0.002829589843746662,2566.181216542,221639.7220434
116000,0.0028320312499966562,2568.361874826,221639.8181217
116100,0.0028344726562466505,2570.552867401,221639.9139877
116200,0.002836914062496645,2572.564204305,221640.0096416
116300,0.002839355468746639,2574.526751124,221640.105084
116400,0.0028417968749966335,2576.642186767,221640.2003154
116500,0.002844238281246628,2578.907309741,221640.2953361
116600,0.002846679687496622,2581.17070935,221640.3901467
116700,0.0028491210937466164,2583.20781134,221640.4847476
116800,0.0028515624999966107,2585.36487193,221640.5791393
116900,0.002854003906246605,2587.424226537,221640.6733223
117000,0.0028564453124965993,2589.813431088,221640.7672969
117100,0.0028588867187465936,2592.000292638,221640.8610636
117200,0.002861328124996588,2594.335351623,221640.9546229
117300,0.0028637695312465823,2596.668088005,221641.0479753
117400,0.0028662109374965766,2599.04350563,221641.1411212
117500,0.002868652343746571,2601.392144325,221641.234061
117600,0.002871093749996565,2603.758348629,221641.3267952
117700,0.0028735351562465595,2605.903036336,221641.4193242
117800,0.002875976562496554,2608.027915249,221641.5116485
117900,0.002878417968746548,2610.188754902,221641.6037686
118000,0.0028808593749965424,2612.10643654,221641.6956848
118100,0.0028833007812465367,2614.282193284,221641.7873977
118200,0.002885742187496531,2616.26509774,221641.8789076
118300,0.0028881835937465254,2618.544640068,221641.9702151
118400,0.0028906249999965197,2620.738312944,221642.0613204
118500,0.002893066406246514,2623.06684255,221642.1522242
118600,0.0028955078124965083,2625.238817836,221642.2429268
118700,0.0028979492187465026,2627.645434497,221642.3334287
118800,0.002900390624996497,2630.023536513,221642.4237303
118900,0.0029028320312464912,2632.342981163,221642.5138321
119000,0.0029052734374964855,2634.627844569,221642.6037344
119100,0.00290771484374648,2637.224891609,221642.6934377
119200,0.002910156249996474,2639.736295167,221642.7829425
119300,0.0029125976562464685,2642.283410043,221642.8722492
119400,0.0029150390624964628,2644.702937731,221642.9613582
119500,0.002917480468746457,2647.084816516,221643.0502699
119600,0.0029199218749964514,2649.276444819,221643.1389848
119700,0.0029223632812464457,2651.452258336,221643.2275033
119800,0.00292480468749644,2653.52562759,221643.3158259
119900,0.0029272460937464343,2655.706897866,221643.4039529
120000,0.0029296874999964286,2657.689808056,221643.4918848
120100,0.002932128906246423,2659.680597785,221643.5796221
120200,0.0029345703124964173,2661.956362999,221643.667165
120300,0.0029370117187464116,2664.163550008,221643.7545142
120400,0.002939453124996406,2666.236673554,221643.8416699
120500,0.0029418945312464,2668.168242473,221643.9286326
120600,0.0029443359374963945,2670.185431162,221644.0154028
120700,0.002946777343746389,2672.129913367,221644.1019808
120800,0.002949218749996383,2674.00874747,221644.1883671
120900,0.0029516601562463774,2676.061988909,221644.2745621
121000,0.0029541015624963717,2677.920238028,221644.3605662
121100,0.002956542968746366,2679.994836862,221644.4463798
121200,0.0029589843749963604,2681.950183246,221644.5320034
121300,0.0029614257812463547,2683.813375227,221644.6174373
121400,0.002963867187496349,2685.980716563,221644.702682
121500,0.0029663085937463433,2687.992180162,221644.7877379
121600,0.0029687499999963376,2690.049668624,221644.8726054
121700,0.002971191406246332,2692.113969755,221644.9572849
121800,0.0029736328124963262,2694.239363513,221645.0417768
121900,0.0029760742187463205,2696.293098144,221645.1260815
122000,0.002978515624996315,2698.223001254,221645.2101995
122100,0.002980957031246309,2700.363668994,221645.2941311
122200,0.0029833984374963035,2702.427760084,221645.3778768
122300,0.0029858398437462978,2704.638725295,221645.461437
122400,0.002988281249996292,2706.795456664,221645.544812
122500,0.0029907226562462864,2709.013492166,221645.6280023
122600,0.0029931640624962807,2711.363225684,221645.7110082
122700,0.002995605468746275,2713.67008828,221645.7938302
122800,0.0029980468749962693,2715.805600275,221645.8764688
122900,0.0030004882812462636,2717.81125717,221645.9589241
123000,0.003002929687496258,2720.001998234,221646.0411968
123100,0.0030053710937462523,2722.248069414,221646.1232872
123200,0.0030078124999962466,2724.496697716,221646.2051956
123300,0.003010253906246241,2726.57367465,221646.2869225
123400,0.003012695312496235,2728.820536743,221646.3684683
123500,0.0030151367187462295,2730.836323545,221646.4498334
123600,0.003017578124996224,2732.848344904,221646.5310181
123700,0.003020019531246218,2734.824492374,221646.6120229
123800,0.0030224609374962124,2736.770421971,221646.6928481
123900,0.0030249023437462067,2738.949589178,221646.7734942
124000,0.003027343749996201,2740.879370431,221646.8539616
124100,0.0030297851562461954,2742.858582425,221646.9342505
124200,0.0030322265624961897,2744.877641252,221647.0143615
124300,0.003034667968746184,2746.859980909,221647.0942949
124400,0.0030371093749961783,2748.779018277,221647.1740511
124500,0.0030395507812461726,2750.790704629,221647.2536304
124600,0.003041992187496167,2752.983078501,221647.3330334
124700,0.003044433593746161,2755.238423795,221647.4122603
124800,0.0030468749999961555,2758.185842369,221647.4913115
124900,0.00304931640624615,2760.786947804,221647.5701875
125000,0.003051757812496144,2763.298451159,221647.6488886
125100,0.0030541992187461385,2765.689996926,221647.7274151
125200,0.0030566406249961328,2768.05165386,221647.8057676
125300,0.003059082031246127,2770.308001981,221647.8839463
125400,0.0030615234374961214,2772.609812329,221647.9619517
125500,0.0030639648437461157,2774.747683977,221648.039784
125600,0.00306640624999611,2776.968352916,221648.1174438
125700,0.0030688476562461043,2779.249583759,221648.1949313
125800,0.0030712890624960986,2781.511812602,221648.272247
125900,0.003073730468746093,2783.756655695,221648.3493912
126000,0.0030761718749960872,2786.202394375,221648.4263644
126100,0.0030786132812460816,2788.520679675,221648.5031668
126200,0.003081054687496076,2790.596828243,221648.5797988
126300,0.00308349609374607,2792.487921981,221648.6562609
126400,0.0030859374999960645,2794.449678032,221648.7325534
126500,0.003088378906246059,2796.439564716,221648.8086766
126600,0.003090820312496053,2798.377737472,221648.884631
126700,0.0030932617187460474,2800.410078214,221648.9604169
126800,0.0030957031249960417,2802.303834261,221649.0360347
126900,0.003098144531246036,2804.313495242,221649.1114847
127000,0.0031005859374960303,2806.408205799,221649.1867673
127100,0.0031030273437460247,2808.404253008,221649.2618829
127200,0.003105468749996019,2810.344142803,221649.3368319
127300,0.0031079101562460133,2812.35996442,221649.4116145
127400,0.0031103515624960076,2814.367641938,221649.4862313
127500,0.003112792968746002,2816.595126342,221649.5606825
127600,0.003115234374995996,2818.833599322,221649.6349685
127700,0.0031176757812459905,2820.950365958,221649.7090896
127800,0.003120117187495985,2823.069251856,221649.7830463
127900,0.003122558593745979,2825.268780227,221649.8568389
128000,0.0031249999999959734,2827.195979577,221649.9304677
128100,0.0031274414062459678,2829.26807722,221650.0039331
128200,0.003129882812495962,2831.261437815,221650.0772355
128300,0.0031323242187459564,2833.186377082,221650.1503752
128400,0.0031347656249959507,2835.223852735,221650.2233526
128500,0.003137207031245945,2837.121285354,221650.296168
128600,0.0031396484374959393,2839.119974046,221650.3688218
128700,0.0031420898437459336,2841.052018091,221650.4413143
128800,0.003144531249995928,2843.040523926,221650.513646
128900,0.0031469726562459222,2844.959363432,221650.585817
129000,0.0031494140624959165,2846.900283879,221650.6578279
129100,0.003151855468745911,2848.945136369,221650.729679
129200,0.003154296874995905,2850.989815628,221650.8013705
129300,0.0031567382812458995,2852.99327438,221650.8729029
129400,0.003159179687495894,2855.006922276,221650.9442765
129500,0.003161621093745888,2857.089643854,221651.0154917
129600,0.0031640624999958824,2858.939232872,221651.0865487
129700,0.0031665039062458767,2861.030591862,221651.157448
129800,0.003168945312495871,2863.697556477,221651.2281899
129900,0.0031713867187458653,2866.093141,221651.2987747
130000,0.0031738281249958596,2868.237381079,221651.3692028
130100,0.003176269531245854,2870.295370323,221651.4394746
130200,0.0031787109374958483,2872.882869246,221651.5095903
130300,0.0031811523437458426,2875.583621406,221651.5795503
130400,0.003183593749995837,2878.32435679,221651.6493549
130500,0.003186035156245831,2880.907731731,221651.7190046
130600,0.0031884765624958255,2883.125794407,221651.7884996
130700,0.00319091796874582,2885.28911383,221651.8578402
130800,0.003193359374995814,2887.545779921,221651.9270269
130900,0.0031958007812458084,2889.621331205,221651.9960599
131000,0.0031982421874958027,2891.790011207,221652.0649396
131100,0.003200683593745797,2893.834659942,221652.1336663
131200,0.0032031249999957914,2895.997182845,221652.2022404
131300,0.0032055664062457857,2898.240542369,221652.2706622
131400,0.00320800781249578,2900.421557494,221652.338932
131500,0.0032104492187457743,2902.384333262,221652.4070501
131600,0.0032128906249957686,2904.478852103,221652.475017
131700,0.003215332031245763,2906.600253305,221652.5428329
131800,0.0032177734374957572,2908.629354033,221652.6104981
131900,0.0032202148437457515,2910.697790378,221652.6780131
132000,0.003222656249995746,2912.794036641,221652.745378
132100,0.00322509765624574,2914.913981491,221652.8125933
132200,0.0032275390624957345,2916.953120235,221652.8796593
132300,0.0032299804687457288,2919.114508321,221652.9465763
132400,0.003232421874995723,2921.374874803,221653.0133446
132500,0.0032348632812457174,2923.430647007,221653.0799646
132600,0.0032373046874957117,2925.578249311,221653.1464366
132700,0.003239746093745706,2927.581356901,221653.2127608
132800,0.0032421874999957003,2929.721631637,221653.2789377
132900,0.0032446289062456946,2931.749346935,221653.3449676
133000,0.003247070312495689,2933.833352617,221653.4108507
133100,0.0032495117187456833,2935.962719455,221653.4765875
133200,0.0032519531249956776,2938.086817982,221653.5421782
133300,0.003254394531245672,2940.260945474,221653.6076231
133400,0.003256835937495666,2942.174650068,221653.6729226
133500,0.0032592773437456605,2944.295453351,221653.738077
133600,0.003261718749995655,2946.381843244,221653.8030865
133700,0.003264160156245649,2948.490941747,221653.8679516
133800,0.0032666015624956434,2950.779037287,221653.9326726
133900,0.0032690429687456377,2953.31329519,221653.9972497
134000,0.003271484374995632,2955.841775243,221654.0616833
134100,0.0032739257812456264,2958.45359339,221654.1259736
134200,0.0032763671874956207,2960.717411652,221654.1901211
134300,0.003278808593745615,2963.280341518,221654.254126
134400,0.0032812499999956093,2965.889252815,221654.3179886
134500,0.0032836914062456036,2968.872593563,221654.3817092
134600,0.003286132812495598,2971.41876198,221654.4452883
134700,0.0032885742187455922,2973.686567617,221654.5087259
134800,0.0032910156249955865,2975.926598771,221654.5720226
134900,0.003293457031245581,2978.165741602,221654.6351786
135000,0.003295898437495575,2980.123304506,221654.6981941
135100,0.0032983398437455695,2982.245689665,221654.7610696
135200,0.0033007812499955638,2984.291614946,221654.8238052
135300,0.003303222656245558,2986.413025532,221654.8864014
135400,0.0033056640624955524,2988.38912304,221654.9488585
135500,0.0033081054687455467,2990.394916937,221655.0111766
135600,0.003310546874995541,2992.467934317,221655.0733562
135700,0.0033129882812455353,2994.424448889,221655.1353975
135800,0.0033154296874955296,2996.552762973,221655.1973009
135900,0.003317871093745524,2998.496344993,221655.2590667
136000,0.0033203124999955183,3000.514811409,221655.3206951
136100,0.0033227539062455126,3002.522989003,221655.3821864
136200,0.003325195312495507,3004.54592802,221655.4435411
136300,0.003327636718745501,3006.787399753,221655.5047592
136400,0.0033300781249954955,3008.998177693,221655.5658413
136500,0.00333251953124549,3011.23927699,221655.6267875
136600,0.003334960937495484,3013.403052067,221655.6875981
136700,0.0033374023437454784,3015.637438665,221655.7482735
136800,0.0033398437499954727,3017.954844156,221655.808814
136900,0.003342285156245467,3020.339316209,221655.8692198
137000,0.0033447265624954614,3022.359294518,221655.9294913
137100,0.0033471679687454557,3024.541049825,221655.9896287
137200,0.00334960937499545,3026.600501012,221656.0496323
137300,0.0033520507812454443,3028.570079308,221656.1095025
137400,0.0033544921874954386,3030.686840267,221656.1692395
137500,0.003356933593745433,3032.597658894,221656.2288437
137600,0.0033593749999954272,3034.782221786,221656.2883152
137700,0.0033618164062454215,3036.947722475,221656.3476544
137800,0.003364257812495416,3039.019476667,221656.4068617
137900,0.00336669921874541,3041.092317454,221656.4659372
138000,0.0033691406249954045,3043.132277902,221656.5248813
138100,0.0033715820312453988,3045.329411594,221656.5836943
138200,0.003374023437495393,3047.737362134,221656.6423764
138300,0.0033764648437453874,3049.904834001,221656.700928
138400,0.0033789062499953817,3051.92125951,221656.7593492
138500,0.003381347656245376,3054.061921587,221656.8176406
138600,0.0033837890624953703,3056.112018019,221656.8758022
138700,0.0033862304687453646,3058.120983645,221656.9338344
138800,0.003388671874995359,3060.148598722,221656.9917374
138900,0.0033911132812453532,3062.228582935,221657.0495117
139000,0.0033935546874953476,3064.286281425,221657.1071573
139100,0.003395996093745342,3066.381480587,221657.1646747
139200,0.003398437499995336,3068.471869258,221657.2220641
139300,0.0034008789062453305,3070.419060746,221657.2793258
139400,0.003403320312495325,3072.410041752,221657.3364601
139500,0.003405761718745319,3074.450677933,221657.3934672
139600,0.0034082031249953134,3076.493768493,221657.4503475
139700,0.0034106445312453077,3078.968600051,221657.5071011
139800,0.003413085937495302,3081.277081542,221657.5637285
139900,0.0034155273437452963,3083.662124125,221657.6202298
140000,0.0034179687499952907,3085.886389333,221657.6766053
140100,0.003420410156245285,3088.191311299,221657.7328554
140200,0.0034228515624952793,3090.351441179,221657.7889803
140300,0.0034252929687452736,3092.594133283,221657.8449803
140400,0.003427734374995268,3094.814953309,221657.9008556
140500,0.003430175781245262,3097.135102464,221657.9566065
140600,0.0034326171874952565,3099.440828731,221658.0122334
140700,0.003435058593745251,3101.769896109,221658.0677364
140800,0.003437499999995245,3104.041815176,221658.1231158
140900,0.0034399414062452395,3106.424790121,221658.178372
141000,0.0034423828124952338,3108.691610552,221658.2335051
141100,0.003444824218745228,3111.031494253,221658.2885156
141200,0.0034472656249952224,3113.246574879,221658.3434035
141300,0.0034497070312452167,3115.796139274,221658.3981693
141400,0.003452148437495211,3118.47803534,221658.4528131
141500,0.0034545898437452053,3121.013420276,221658.5073353
141600,0.0034570312499951996,3123.414031306,221658.561736
141700,0.003459472656245194,3125.866268719,221658.6160157
141800,0.0034619140624951882,3128.085297918,221658.6701745
141900,0.0034643554687451826,3130.341063064,221658.7242127
142000,0.003466796874995177,3132.682710192,221658.7781305
142100,0.003469238281245171,3134.989203805,221658.8319284
142200,0.0034716796874951655,3137.222799611,221658.8856064
142300,0.00347412109374516,3139.511026621,221658.9391649
142400,0.003476562499995154,3141.898688665,221658.9926041
142500,0.0034790039062451484,3144.25374333,221659.0459243
142600,0.0034814453124951427,3146.599496807,221659.0991258
142700,0.003483886718745137,3148.8281132,221659.1522088
142800,0.0034863281249951313,3151.207098606,221659.2051736
142900,0.0034887695312451257,3153.502530963,221659.2580204
143000,0.00349121093749512,3155.951084389,221659.3107495
143100,0.0034936523437451143,3158.242726663,221659.3633612
143200,0.0034960937499951086,3160.648621188,221659.4158557
143300,0.003498535156245103,3162.881497292,221659.4682333
143400,0.003500976562495097,3165.132322656,221659.5204942
143500,0.0035034179687450915,3167.498567928,221659.5726387
143600,0.003505859374995086,3169.773190914,221659.6246671
143700,0.00350830078124508,3171.961584871,221659.6765796
143800,0.0035107421874950744,3174.311875826,221659.7283764
143900,0.0035131835937450688,3176.635081364,221659.7800579
144000,0.003515624999995063,3179.432702388,221659.8316242
144100,0.0035180664062450574,3182.175001523,221659.8830757
144200,0.0035205078124950517,3184.764638449,221659.9344125
144300,0.003522949218745046,3187.229702194,221659.985635
144400,0.0035253906249950403,3189.658718202,221660.0367434
144500,0.0035278320312450346,3191.935954491,221660.0877379
144600,0.003530273437495029,3194.117660841,221660.1386188
144700,0.0035327148437450232,3196.340363824,221660.1893863
144800,0.0035351562499950175,3198.497145254,221660.2400407
144900,0.003537597656245012,3200.88357419,221660.2905823
145000,0.003540039062495006,3203.06451639,221660.3410113
145100,0.0035424804687450005,3205.220741847,221660.3913279
145200,0.003544921874994995,3207.601022794,221660.4415323
145300,0.003547363281244989,3209.899052134,221660.4916249
145400,0.0035498046874949834,3212.172992183,221660.5416059
145500,0.0035522460937449777,3214.305843636,221660.5914756
145600,0.003554687499994972,3216.695261581,221660.6412341
145700,0.0035571289062449663,3218.904537511,221660.6908817
145800,0.0035595703124949606,3221.131954793,221660.7404187
145900,0.003562011718744955,3223.263249059,221660.7898452
146000,0.0035644531249949493,3225.674819334,221660.8391617
146100,0.0035668945312449436,3227.942368524,221660.8883682
146200,0.003569335937494938,3230.146039002,221660.9374651
146300,0.003571777343744932,3232.291897716,221660.9864525
146400,0.0035742187499949265,3234.688268457,221661.0353308
146500,0.003576660156244921,3237.147949775,221661.0841001
146600,0.003579101562494915,3239.722890888,221661.1327608
146700,0.0035815429687449094,3242.234784973,221661.1813129
146800,0.0035839843749949037,3244.802670291,221661.2297569
146900,0.003586425781244898,3247.117596009,221661.2780929
147000,0.0035888671874948924,3249.600640456,221661.3263211
147100,0.0035913085937448867,3251.862066003,221661.3744419
147200,0.003593749999994881,3254.154640915,221661.4224554
147300,0.0035961914062448753,3256.355773409,221661.4703618
147400,0.0035986328124948696,3258.676405299,221661.5181615
147500,0.003601074218744864,3260.763269601,221661.5658546
147600,0.0036035156249948582,3262.998688495,221661.6134413
147700,0.0036059570312448525,3265.246918805,221661.6609221
147800,0.003608398437494847,3267.653134574,221661.7082969
147900,0.003610839843744841,3269.808695055,221661.7555661
148000,0.0036132812499948355,3272.130720798,221661.80273
148100,0.0036157226562448298,3274.369721327,221661.8497887
148200,0.003618164062494824,3276.831446471,221661.8967425
148300,0.0036206054687448184,3279.206920649,221661.9435916
148400,0.0036230468749948127,3281.489821054,221661.9903362
148500,0.003625488281244807,3283.670102365,221662.0369766
148600,0.0036279296874948013,3286.135530492,221662.0835131
148700,0.0036303710937447956,3288.247884802,221662.1299457
148800,0.00363281249999479,3290.520587266,221662.1762749
148900,0.0036352539062447843,3292.752061911,221662.2225007
149000,0.0036376953124947786,3294.916121543,221662.2686234
149100,0.003640136718744773,3297.168011852,221662.3146433
149200,0.003642578124994767,3299.309792401,221662.3605606
149300,0.0036450195312447615,3301.55494063,221662.4063755
149400,0.003647460937494756,3303.759839396,221662.4520882
149500,0.00364990234374475,3306.097282451,221662.497699
149600,0.0036523437499947444,3308.226275528,221662.543208
149700,0.0036547851562447387,3310.538681599,221662.5886156
149800,0.003657226562494733,3312.742525008,221662.6339219
149900,0.0036596679687447274,3315.04951588,221662.6791272
150000,0.0036621093749947217,3317.20729909,221662.7242316
150100,0.003664550781244716,3319.612674548,221662.7692354
150200,0.0036669921874947103,3322.061012224,221662.8141389
150300,0.0036694335937447046,3324.450883622,221662.8589422
150400,0.003671874999994699,3326.716686462,221662.9036456
150500,0.0036743164062446932,3329.025597041,221662.9482492
150600,0.0036767578124946875,3331.235771543,221662.9927534
150700,0.003679199218744682,3333.576408493,221663.0371583
150800,0.003681640624994676,3335.870282507,221663.0814642
150900,0.0036840820312446705,3338.499821409,221663.1256712
151000,0.0036865234374946648,3340.85642603,221663.1697796
151100,0.003688964843744659,3343.266258245,221663.2137896
151200,0.0036914062499946534,3345.56359967,221663.2577015
151300,0.0036938476562446477,3347.948054184,221663.3015154
151400,0.003696289062494642,3350.174352552,221663.3452315
151500,0.0036987304687446363,3352.469222709,221663.3888501
151600,0.0037011718749946306,3354.742588031,221663.4323714
151700,0.003703613281244625,3357.274118058,221663.4757956
151800,0.0037060546874946193,3359.815132327,221663.519123
151900,0.0037084960937446136,3362.252870317,221663.5623536
152000,0.003710937499994608,3364.580523215,221663.6054878
152100,0.003713378906244602,3366.975183042,221663.6485258
152200,0.0037158203124945965,3369.223129678,221663.6914677
152300,0.003718261718744591,3371.563411646,221663.7343139
152400,0.003720703124994585,3374.046471283,221663.7770644
152500,0.0037231445312445794,3376.114170076,221663.8197195
152600,0.0037255859374945737,3378.386282451,221663.8622795
152700,0.003728027343744568,3380.389568784,221663.9047445
152800,0.0037304687499945624,3382.418679842,221663.9471147
152900,0.0037329101562445567,3384.46750342,221663.9893904
153000,0.003735351562494551,3386.796074363,221664.0315718
153100,0.0037377929687445453,3388.862575421,221664.073659
153200,0.0037402343749945396,3390.905667862,221664.1156523
153300,0.003742675781244534,3392.967428153,221664.1575519
153400,0.003745117187494528,3395.176259078,221664.1993579
153500,0.0037475585937445225,3397.458138618,221664.2410707
153600,0.003749999999994517,3399.498795856,221664.2826904
153700,0.003752441406244511,3401.706205997,221664.3242172
153800,0.0037548828124945055,3403.769222041,221664.3656513
153900,0.0037573242187444998,3405.910276006,221664.406993
154000,0.003759765624994494,3407.772453511,221664.4482423
154100,0.0037622070312444884,3409.745674412,221664.4893996
154200,0.0037646484374944827,3411.957428553,221664.5304651
154300,0.003767089843744477,3413.852604789,221664.5714388
154400,0.0037695312499944713,3416.078800893,221664.6123212
154500,0.0037719726562444656,3418.176018845,221664.6531122
154600,0.00377441406249446,3420.380100198,221664.6938123
154700,0.0037768554687444542,3422.40528045,221664.7344214
154800,0.0037792968749944486,3424.557280614,221664.7749399
154900,0.003781738281244443,3426.574699225,221664.815368
155000,0.003784179687494437,3428.564780033,221664.8557058
155100,0.0037866210937444315,3430.63146689,221664.8959536
155200,0.003789062499994426,3432.637428289,221664.9361115
155300,0.00379150390624442,3434.773087097,221664.9761798
155400,0.0037939453124944144,3436.799163077,221665.0161586
155500,0.0037963867187444087,3438.881618778,221665.0560482
155600,0.003798828124994403,3441.013942389,221665.0958487
155700,0.0038012695312443973,3442.99970134,221665.1355604
155800,0.0038037109374943917,3445.146099411,221665.1751834
155900,0.003806152343744386,3447.158196803,221665.2147179
156000,0.0038085937499943803,3449.233705466,221665.2541642
156100,0.0038110351562443746,3451.186728257,221665.2935224
156200,0.003813476562494369,3453.30264771,221665.3327927
156300,0.003815917968744363,3455.31975233,221665.3719753
156400,0.0038183593749943575,3457.20853914,221665.4110705
156500,0.003820800781244352,3459.29601868,221665.4500783
156600,0.003823242187494346,3461.333684697,221665.4889991
156700,0.0038256835937443404,3463.438786522,221665.5278329
156800,0.0038281249999943348,3465.498633555,221665.56658
156900,0.003830566406244329,3467.632238192,221665.6052406
157000,0.0038330078124943234,3469.662220728,221665.6438149
157100,0.0038354492187443177,3471.609652477,221665.682303
157200,0.003837890624994312,3473.66454219,221665.7207052
157300,0.0038403320312443063,3475.698747744,221665.7590216
157400,0.0038427734374943006,3477.981048249,221665.7972525
157500,0.003845214843744295,3480.536396859,221665.8353979
157600,0.0038476562499942892,3483.153156474,221665.8734582
157700,0.0038500976562442835,3485.516405847,221665.9114335
157800,0.003852539062494278,3487.810663047,221665.9493239
157900,0.003854980468744272,3489.938783664,221665.9871298
158000,0.0038574218749942665,3492.127843163,221666.0248512
158100,0.003859863281244261,3494.250701772,221666.0624883
158200,0.003862304687494255,3496.498315973,221666.1000414
158300,0.0038647460937442494,3498.635348385,221666.1375106
158400,0.0038671874999942437,3500.81639075,221666.1748961
158500,0.003869628906244238,3503.023963638,221666.2121982
158600,0.0038720703124942323,3505.179499517,221666.2494168
158700,0.0038745117187442266,3507.427341313,221666.2865524
158800,0.003876953124994221,3509.771930185,221666.323605
158900,0.0038793945312442153,3512.266795076,221666.3605748
159000,0.0038818359374942096,3514.497908318,221666.3974621
159100,0.003884277343744204,3516.817138339,221666.4342669
159200,0.003886718749994198,3519.081626073,221666.4709896
159300,0.0038891601562441925,3521.619142836,221666.5076302
159400,0.003891601562494187,3523.859824499,221666.5441889
159500,0.003894042968744181,3526.200063793,221666.580666
159600,0.0038964843749941754,3528.476489334,221666.6170616
159700,0.0038989257812441698,3530.852305964,221666.6533758
159800,0.003901367187494164,3533.241608284,221666.689609
159900,0.0039038085937441584,3535.627418126,221666.7257612
160000,0.0039062499999941527,3538.028669096,221666.7618326
160100,0.003908691406244147,3540.546738403,221666.7978234
160200,0.003911132812494142,3543.007758163,221666.8337338
160300,0.003913574218744136,3545.825688396,221666.869564
160400,0.00391601562499413,3548.488969183,221666.9053141
160500,0.003918457031244125,3551.294139124,221666.9409844
160600,0.003920898437494119,3554.09339235,221666.9765749
160700,0.003923339843744113,3556.589390343,221667.0120859
160800,0.003925781249994108,3559.061125781,221667.0475176
160900,0.003928222656244102,3561.500581082,221667.0828701
161000,0.003930664062494096,3564.001072387,221667.1181436
161100,0.0039331054687440905,3566.433006409,221667.1533383
161200,0.003935546874994085,3569.030603141,221667.1884543
161300,0.003937988281244079,3571.609600499,221667.2234919
161400,0.0039404296874940735,3573.988589597,221667.2584511
161500,0.003942871093744068,3576.316286316,221667.2933323
161600,0.003945312499994062,3578.609721011,221667.3281355
161700,0.003947753906244056,3580.849080745,221667.3628609
161800,0.003950195312494051,3583.166562354,221667.3975087
161900,0.003952636718744045,3585.389874565,221667.432079
162000,0.003955078124994039,3588.135034726,221667.4665722
162100,0.003957519531244034,3590.675397237,221667.5009882
162200,0.003959960937494028,3593.280598417,221667.5353273
162300,0.003962402343744022,3595.703023067,221667.5695896
162400,0.0039648437499940166,3598.288905628,221667.6037754
162464,0.003966406249994013,3600.01945221,221667.6256142
