classification,location_evidence,cell_index,tree_id,direction_index_zero_based,direction,q_seeder,q_oracle,triangle_aabb_candidate_count,port_boundary_labels,x_m,y_m,z_m
SEEDER_ONLY_INTERSECTION,BOUNDARY_CAP_CELL,0,20969928,3,1 0 0,1.0,,2,outlet_02,8.118277157903459e-05,7.877635942453768e-05,0.00011210639894086849
SEEDER_ONLY_INTERSECTION,BOUNDARY_CAP_CELL,0,20969928,7,0 -1 1,1.0,,0,outlet_02,8.118277157903459e-05,7.877635942453768e-05,0.00011210639894086849
SEEDER_ONLY_INTERSECTION,BOUNDARY_CAP_CELL,1,20970022,3,1 0 0,1.0,,1,outlet_02,8.118277157903459e-05,7.937635942453769e-05,0.00011170639894086849
SEEDER_ONLY_INTERSECTION,BOUNDARY_CAP_CELL,1,20970022,16,1 -1 0,1.0,,1,outlet_02,8.118277157903459e-05,7.937635942453769e-05,0.00011170639894086849
SEEDER_ONLY_INTERSECTION,BOUNDARY_CAP_CELL,3,20971684,1,0 -1 0,1.0,,0,outlet_02,8.118277157903459e-05,7.877635942453768e-05,0.00011230639894086849
SEEDER_ONLY_INTERSECTION,BOUNDARY_CAP_CELL,4,20971686,2,0 0 -1,1.0,,1,outlet_02,8.118277157903459e-05,7.857635942453769e-05,0.00011250639894086848
SEEDER_ONLY_INTERSECTION,BOUNDARY_CAP_CELL,4,20971686,3,1 0 0,1.0,,1,outlet_02,8.118277157903459e-05,7.857635942453769e-05,0.00011250639894086848
SEEDER_ONLY_INTERSECTION,BOUNDARY_CAP_CELL,4,20971686,11,1 0 -1,1.0,,1,outlet_02,8.118277157903459e-05,7.857635942453769e-05,0.00011250639894086848
SEEDER_ONLY_INTERSECTION,BOUNDARY_CAP_CELL,4,20971686,13,1 0 1,1.0,,3,outlet_02,8.118277157903459e-05,7.857635942453769e-05,0.00011250639894086848
SEEDER_ONLY_INTERSECTION,BOUNDARY_CAP_CELL,20,20971936,1,0 -1 0,1.0,,0,outlet_02,8.078277157903459e-05,7.877635942453768e-05,0.00011330639894086849
SEEDER_ONLY_INTERSECTION,BOUNDARY_CAP_CELL,20,20971936,5,0 0 1,1.0,,2,outlet_02,8.078277157903459e-05,7.877635942453768e-05,0.00011330639894086849
SEEDER_ONLY_INTERSECTION,BOUNDARY_CAP_CELL,21,20971937,5,0 0 1,1.0,,1,outlet_02,8.09827715790346e-05,7.857635942453769e-05,0.00011310639894086848
SEEDER_ONLY_INTERSECTION,BOUNDARY_CAP_CELL,21,20971937,12,-1 0 1,1.0,,1,outlet_02,8.09827715790346e-05,7.857635942453769e-05,0.00011310639894086848
SEEDER_ONLY_INTERSECTION,BOUNDARY_CAP_CELL,23,20971943,14,-1 -1 0,1.0,,3,outlet_02,8.09827715790346e-05,7.877635942453768e-05,0.00011330639894086849
SEEDER_ONLY_INTERSECTION,BOUNDARY_CAP_CELL,41,20972074,12,-1 0 1,1.0,,2,outlet_02,8.078277157903459e-05,7.897635942453768e-05,0.00011350639894086849
SEEDER_ONLY_INTERSECTION,BOUNDARY_CAP_CELL,42,20972079,1,0 -1 0,1.0,,1,outlet_02,8.05827715790346e-05,7.917635942453769e-05,0.00011370639894086848
SEEDER_ONLY_INTERSECTION,BOUNDARY_CAP_CELL,43,20972080,14,-1 -1 0,1.0,,5,outlet_02,8.078277157903459e-05,7.917635942453769e-05,0.00011370639894086848
SEEDER_ONLY_INTERSECTION,BOUNDARY_CAP_CELL,54,20972093,12,-1 0 1,1.0,,2,outlet_02,8.05827715790346e-05,7.937635942453769e-05,0.00011370639894086848
SEEDER_ONLY_INTERSECTION,BOUNDARY_CAP_CELL,380,24565157,3,1 0 0,1.0,,1,outlet_02,8.09827715790346e-05,8.017635942453769e-05,0.00011170639894086849
SEEDER_ONLY_INTERSECTION,BOUNDARY_CAP_CELL,380,24565157,4,0 1 0,1.0,,0,outlet_02,8.09827715790346e-05,8.017635942453769e-05,0.00011170639894086849
SEEDER_ONLY_INTERSECTION,BOUNDARY_CAP_CELL,380,24565157,17,1 1 0,1.0,,1,outlet_02,8.09827715790346e-05,8.017635942453769e-05,0.00011170639894086849
SEEDER_ONLY_INTERSECTION,BOUNDARY_CAP_CELL,385,24565187,0,-1 0 0,1.0,,0,outlet_02,8.09827715790346e-05,8.037635942453769e-05,0.00011190639894086848
SEEDER_ONLY_INTERSECTION,BOUNDARY_CAP_CELL,389,24565294,2,0 0 -1,1.0,,1,outlet_02,8.078277157903459e-05,8.05763594245377e-05,0.00011210639894086849
SEEDER_ONLY_INTERSECTION,BOUNDARY_CAP_CELL,389,24565294,6,0 -1 -1,1.0,,1,outlet_02,8.078277157903459e-05,8.05763594245377e-05,0.00011210639894086849
SEEDER_ONLY_INTERSECTION,BOUNDARY_CAP_CELL,389,24565294,15,-1 1 0,1.0,,2,outlet_02,8.078277157903459e-05,8.05763594245377e-05,0.00011210639894086849
SEEDER_ONLY_INTERSECTION,BOUNDARY_CAP_CELL,424,24567051,2,0 0 -1,1.0,,0,outlet_02,8.05827715790346e-05,8.077635942453769e-05,0.00011230639894086849
SEEDER_ONLY_INTERSECTION,BOUNDARY_CAP_CELL,424,24567051,3,1 0 0,1.0,,1,outlet_02,8.05827715790346e-05,8.077635942453769e-05,0.00011230639894086849
SEEDER_ONLY_INTERSECTION,BOUNDARY_CAP_CELL,424,24567051,11,1 0 -1,1.0,,1,outlet_02,8.05827715790346e-05,8.077635942453769e-05,0.00011230639894086849
SEEDER_ONLY_INTERSECTION,BOUNDARY_CAP_CELL,426,24567055,12,-1 0 1,1.0,,1,outlet_02,8.05827715790346e-05,8.077635942453769e-05,0.00011250639894086848
SEEDER_ONLY_INTERSECTION,BOUNDARY_CAP_CELL,437,24567083,0,-1 0 0,1.0,,0,outlet_02,8.05827715790346e-05,8.077635942453769e-05,0.00011270639894086849
SEEDER_ONLY_INTERSECTION,BOUNDARY_CAP_CELL,440,24567087,10,-1 0 -1,1.0,,3,outlet_02,8.05827715790346e-05,8.077635942453769e-05,0.00011290639894086848
SEEDER_ONLY_INTERSECTION,BOUNDARY_CAP_CELL,451,24567158,7,0 -1 1,1.0,,3,outlet_02,8.03827715790346e-05,7.977635942453769e-05,0.00011370639894086848
SEEDER_ONLY_INTERSECTION,BOUNDARY_CAP_CELL,509,24567250,8,0 1 -1,1.0,,3,outlet_02,8.03827715790346e-05,8.05763594245377e-05,0.00011310639894086848
SEEDER_ONLY_INTERSECTION,BOUNDARY_CAP_CELL,142308,85600925,0,-1 0 0,1.0,,2,outlet_03,0.0001781827715790346,0.0001377763594245377,0.00012850639894086848
SEEDER_ONLY_INTERSECTION,BOUNDARY_CAP_CELL,142308,85600925,14,-1 -1 0,1.0,,2,outlet_03,0.0001781827715790346,0.0001377763594245377,0.00012850639894086848
SEEDER_ONLY_INTERSECTION,BOUNDARY_CAP_CELL,142310,85600939,1,0 -1 0,1.0,,1,outlet_03,0.0001781827715790346,0.0001375763594245377,0.00012870639894086848
SEEDER_ONLY_INTERSECTION,BOUNDARY_CAP_CELL,142353,85601037,10,-1 0 -1,1.0,,2,outlet_03,0.0001781827715790346,0.00013817635942453769,0.00012850639894086848
SEEDER_ONLY_INTERSECTION,BOUNDARY_CAP_CELL,142480,85601906,8,0 1 -1,1.0,,1,outlet_03,0.00017798277157903458,0.00013897635942453768,0.00012870639894086848
SEEDER_ONLY_INTERSECTION,BOUNDARY_CAP_CELL,142482,85601908,2,0 0 -1,1.0,,0,outlet_03,0.00017798277157903458,0.00013917635942453768,0.00012870639894086848
SEEDER_ONLY_INTERSECTION,BOUNDARY_CAP_CELL,142482,85601908,4,0 1 0,1.0,,0,outlet_03,0.00017798277157903458,0.00013917635942453768,0.00012870639894086848
SEEDER_ONLY_INTERSECTION,BOUNDARY_CAP_CELL,142482,85601908,6,0 -1 -1,1.0,,1,outlet_03,0.00017798277157903458,0.00013917635942453768,0.00012870639894086848
SEEDER_ONLY_INTERSECTION,BOUNDARY_CAP_CELL,142485,85601926,2,0 0 -1,1.0,,0,outlet_03,0.00017798277157903458,0.0001393763594245377,0.0001289063989408685
SEEDER_ONLY_INTERSECTION,BOUNDARY_CAP_CELL,142485,85601926,10,-1 0 -1,1.0,,3,outlet_03,0.00017798277157903458,0.0001393763594245377,0.0001289063989408685
SEEDER_ONLY_INTERSECTION,BOUNDARY_CAP_CELL,142504,85602148,0,-1 0 0,1.0,,0,outlet_03,0.00017798277157903458,0.0001395763594245377,0.0001291063989408685
SEEDER_ONLY_INTERSECTION,BOUNDARY_CAP_CELL,143556,85615647,0,-1 0 0,1.0,,0,outlet_03,0.0001781827715790346,0.00013877635942453767,0.00013090639894086848
SEEDER_ONLY_INTERSECTION,BOUNDARY_CAP_CELL,143556,85615647,4,0 1 0,1.0,,0,outlet_03,0.0001781827715790346,0.00013877635942453767,0.00013090639894086848
SEEDER_ONLY_INTERSECTION,BOUNDARY_CAP_CELL,143556,85615647,15,-1 1 0,1.0,,0,outlet_03,0.0001781827715790346,0.00013877635942453767,0.00013090639894086848
SEEDER_ONLY_INTERSECTION,BOUNDARY_CAP_CELL,143578,85616232,5,0 0 1,1.0,,0,outlet_03,0.00017798277157903458,0.0001395763594245377,0.0001301063989408685
SEEDER_ONLY_INTERSECTION,BOUNDARY_CAP_CELL,143599,85616466,13,1 0 1,1.0,,2,outlet_03,0.00017798277157903458,0.00013897635942453768,0.00013070639894086848
SEEDER_ONLY_INTERSECTION,BOUNDARY_CAP_CELL,153014,87763044,5,0 0 1,1.0,,0,inlet,0.0001027827715790346,5.637635942453769e-05,0.00015870639894086848
SEEDER_ONLY_INTERSECTION,BOUNDARY_CAP_CELL,153014,87763044,7,0 -1 1,1.0,,3,inlet,0.0001027827715790346,5.637635942453769e-05,0.00015870639894086848
SEEDER_ONLY_INTERSECTION,BOUNDARY_CAP_CELL,153014,87763044,12,-1 0 1,1.0,,2,inlet,0.0001027827715790346,5.637635942453769e-05,0.00015870639894086848
SEEDER_ONLY_INTERSECTION,BOUNDARY_CAP_CELL,153015,87763097,5,0 0 1,1.0,,2,inlet,0.00010298277157903459,5.6176359424537685e-05,0.00015870639894086848
SEEDER_ONLY_INTERSECTION,BOUNDARY_CAP_CELL,153016,87763098,7,0 -1 1,1.0,,2,inlet,0.0001031827715790346,5.6176359424537685e-05,0.00015870639894086848
SEEDER_ONLY_INTERSECTION,BOUNDARY_CAP_CELL,153016,87763098,12,-1 0 1,1.0,,2,inlet,0.0001031827715790346,5.6176359424537685e-05,0.00015870639894086848
SEEDER_ONLY_INTERSECTION,BOUNDARY_CAP_CELL,153017,87763148,5,0 0 1,1.0,,0,inlet,0.00010238277157903459,5.6776359424537686e-05,0.00015870639894086848
SEEDER_ONLY_INTERSECTION,BOUNDARY_CAP_CELL,153017,87763148,7,0 -1 1,1.0,,2,inlet,0.00010238277157903459,5.6776359424537686e-05,0.00015870639894086848
SEEDER_ONLY_INTERSECTION,BOUNDARY_CAP_CELL,153018,87763153,5,0 0 1,1.0,,0,inlet,0.00010258277157903459,5.657635942453769e-05,0.00015870639894086848
SEEDER_ONLY_INTERSECTION,BOUNDARY_CAP_CELL,153018,87763153,7,0 -1 1,1.0,,3,inlet,0.00010258277157903459,5.657635942453769e-05,0.00015870639894086848
SEEDER_ONLY_INTERSECTION,BOUNDARY_CAP_CELL,153018,87763153,12,-1 0 1,1.0,,2,inlet,0.00010258277157903459,5.657635942453769e-05,0.00015870639894086848
SEEDER_ONLY_INTERSECTION,BOUNDARY_CAP_CELL,153019,87763163,5,0 0 1,1.0,,0,inlet,0.0001021827715790346,5.717635942453769e-05,0.00015870639894086848
SEEDER_ONLY_INTERSECTION,BOUNDARY_CAP_CELL,153019,87763163,9,0 1 1,1.0,,0,inlet,0.0001021827715790346,5.717635942453769e-05,0.00015870639894086848
SEEDER_ONLY_INTERSECTION,BOUNDARY_CAP_CELL,153020,87770185,5,0 0 1,1.0,,0,inlet,0.0001021827715790346,5.737635942453769e-05,0.00015870639894086848
SEEDER_ONLY_INTERSECTION,BOUNDARY_CAP_CELL,153020,87770185,7,0 -1 1,1.0,,0,inlet,0.0001021827715790346,5.737635942453769e-05,0.00015870639894086848
SEEDER_ONLY_INTERSECTION,BOUNDARY_CAP_CELL,153021,87770187,7,0 -1 1,1.0,,0,inlet,0.0001021827715790346,5.7576359424537685e-05,0.00015870639894086848
SEEDER_ONLY_INTERSECTION,BOUNDARY_CAP_CELL,153024,87770316,5,0 0 1,1.0,,0,inlet,0.00010238277157903459,5.8376359424537684e-05,0.00015870639894086848
SEEDER_ONLY_INTERSECTION,BOUNDARY_CAP_CELL,153025,87770337,9,0 1 1,1.0,,3,inlet,0.00010258277157903459,5.857635942453769e-05,0.00015870639894086848
SEEDER_ONLY_INTERSECTION,BOUNDARY_CAP_CELL,153025,87770337,12,-1 0 1,1.0,,2,inlet,0.00010258277157903459,5.857635942453769e-05,0.00015870639894086848
SEEDER_ONLY_INTERSECTION,BOUNDARY_CAP_CELL,153026,87770340,5,0 0 1,1.0,,0,inlet,0.0001027827715790346,5.877635942453769e-05,0.00015870639894086848
SEEDER_ONLY_INTERSECTION,BOUNDARY_CAP_CELL,153026,87770340,12,-1 0 1,1.0,,2,inlet,0.0001027827715790346,5.877635942453769e-05,0.00015870639894086848
SEEDER_ONLY_INTERSECTION,BOUNDARY_CAP_CELL,153027,87771274,5,0 0 1,1.0,,0,inlet,0.0001031827715790346,5.8976359424537685e-05,0.00015870639894086848
SEEDER_ONLY_INTERSECTION,BOUNDARY_CAP_CELL,162402,89560673,5,0 0 1,1.0,,0,inlet,0.00010418277157903459,5.6176359424537685e-05,0.00015870639894086848
SEEDER_ONLY_INTERSECTION,BOUNDARY_CAP_CELL,162402,89560673,7,0 -1 1,1.0,,3,inlet,0.00010418277157903459,5.6176359424537685e-05,0.00015870639894086848
SEEDER_ONLY_INTERSECTION,BOUNDARY_CAP_CELL,162402,89560673,13,1 0 1,1.0,,1,inlet,0.00010418277157903459,5.6176359424537685e-05,0.00015870639894086848
SEEDER_ONLY_INTERSECTION,BOUNDARY_CAP_CELL,162403,89560674,5,0 0 1,1.0,,1,inlet,0.0001043827715790346,5.6176359424537685e-05,0.00015870639894086848
SEEDER_ONLY_INTERSECTION,BOUNDARY_CAP_CELL,162403,89560674,12,-1 0 1,1.0,,1,inlet,0.0001043827715790346,5.6176359424537685e-05,0.00015870639894086848
SEEDER_ONLY_INTERSECTION,BOUNDARY_CAP_CELL,162405,89560842,13,1 0 1,1.0,,2,inlet,0.00010478277157903459,5.657635942453769e-05,0.00015870639894086848
SEEDER_ONLY_INTERSECTION,BOUNDARY_CAP_CELL,162406,89560851,5,0 0 1,1.0,,0,inlet,0.0001049827715790346,5.6776359424537686e-05,0.00015870639894086848
SEEDER_ONLY_INTERSECTION,BOUNDARY_CAP_CELL,162406,89560851,7,0 -1 1,1.0,,2,inlet,0.0001049827715790346,5.6776359424537686e-05,0.00015870639894086848
SEEDER_ONLY_INTERSECTION,BOUNDARY_CAP_CELL,162407,89560868,5,0 0 1,1.0,,1,inlet,0.00010518277157903459,5.717635942453769e-05,0.00015870639894086848
SEEDER_ONLY_INTERSECTION,BOUNDARY_CAP_CELL,162408,89567890,7,0 -1 1,1.0,,1,inlet,0.00010518277157903459,5.737635942453769e-05,0.00015870639894086848
SEEDER_ONLY_INTERSECTION,BOUNDARY_CAP_CELL,162408,89567890,9,0 1 1,1.0,,0,inlet,0.00010518277157903459,5.737635942453769e-05,0.00015870639894086848
SEEDER_ONLY_INTERSECTION,BOUNDARY_CAP_CELL,162409,89567892,5,0 0 1,1.0,,0,inlet,0.00010518277157903459,5.7576359424537685e-05,0.00015870639894086848
SEEDER_ONLY_INTERSECTION,BOUNDARY_CAP_CELL,162409,89567892,9,0 1 1,1.0,,0,inlet,0.00010518277157903459,5.7576359424537685e-05,0.00015870639894086848
SEEDER_ONLY_INTERSECTION,BOUNDARY_CAP_CELL,162410,89567906,5,0 0 1,1.0,,0,inlet,0.00010518277157903459,5.777635942453769e-05,0.00015870639894086848
SEEDER_ONLY_INTERSECTION,BOUNDARY_CAP_CELL,162410,89567906,7,0 -1 1,1.0,,0,inlet,0.00010518277157903459,5.777635942453769e-05,0.00015870639894086848
SEEDER_ONLY_INTERSECTION,BOUNDARY_CAP_CELL,162410,89567906,9,0 1 1,1.0,,2,inlet,0.00010518277157903459,5.777635942453769e-05,0.00015870639894086848
SEEDER_ONLY_INTERSECTION,BOUNDARY_CAP_CELL,162411,89567908,5,0 0 1,1.0,,2,inlet,0.00010518277157903459,5.797635942453769e-05,0.00015870639894086848
SEEDER_ONLY_INTERSECTION,BOUNDARY_CAP_CELL,162411,89567908,7,0 -1 1,1.0,,2,inlet,0.00010518277157903459,5.797635942453769e-05,0.00015870639894086848
SEEDER_ONLY_INTERSECTION,BOUNDARY_CAP_CELL,162412,89568017,5,0 0 1,1.0,,0,inlet,0.0001049827715790346,5.8176359424537686e-05,0.00015870639894086848
SEEDER_ONLY_INTERSECTION,BOUNDARY_CAP_CELL,162412,89568017,9,0 1 1,1.0,,1,inlet,0.0001049827715790346,5.8176359424537686e-05,0.00015870639894086848
SEEDER_ONLY_INTERSECTION,BOUNDARY_CAP_CELL,162412,89568017,13,1 0 1,1.0,,2,inlet,0.0001049827715790346,5.8176359424537686e-05,0.00015870639894086848
SEEDER_ONLY_INTERSECTION,BOUNDARY_CAP_CELL,162413,89568019,5,0 0 1,1.0,,1,inlet,0.0001049827715790346,5.8376359424537684e-05,0.00015870639894086848
SEEDER_ONLY_INTERSECTION,BOUNDARY_CAP_CELL,162413,89568019,7,0 -1 1,1.0,,1,inlet,0.0001049827715790346,5.8376359424537684e-05,0.00015870639894086848
SEEDER_ONLY_INTERSECTION,BOUNDARY_CAP_CELL,162414,89568026,5,0 0 1,1.0,,0,inlet,0.00010478277157903459,5.857635942453769e-05,0.00015870639894086848
SEEDER_ONLY_INTERSECTION,BOUNDARY_CAP_CELL,162414,89568026,9,0 1 1,1.0,,2,inlet,0.00010478277157903459,5.857635942453769e-05,0.00015870639894086848
SEEDER_ONLY_INTERSECTION,BOUNDARY_CAP_CELL,162415,89568027,5,0 0 1,1.0,,0,inlet,0.00010458277157903459,5.877635942453769e-05,0.00015870639894086848
SEEDER_ONLY_INTERSECTION,BOUNDARY_CAP_CELL,162416,89568849,5,0 0 1,1.0,,0,inlet,0.00010418277157903459,5.8976359424537685e-05,0.00015870639894086848
SEEDER_ONLY_INTERSECTION,BOUNDARY_CAP_CELL,181945,135147240,9,0 1 1,1.0,,4,outlet_01,0.0001139827715790346,0.0001531763594245377,0.0001669063989408685
SEEDER_ONLY_INTERSECTION,BOUNDARY_CAP_CELL,181955,135147295,9,0 1 1,1.0,,2,outlet_01,0.00011418277157903459,0.0001531763594245377,0.0001669063989408685
SEEDER_ONLY_INTERSECTION,BOUNDARY_CAP_CELL,181963,135147304,9,0 1 1,1.0,,2,outlet_01,0.00011478277157903459,0.0001531763594245377,0.0001669063989408685
SEEDER_ONLY_INTERSECTION,BOUNDARY_CAP_CELL,181966,135147740,9,0 1 1,1.0,,3,outlet_01,0.0001151827715790346,0.0001531763594245377,0.00016670639894086849
SEEDER_ONLY_INTERSECTION,BOUNDARY_CAP_CELL,181967,135147743,17,1 1 0,1.0,,6,outlet_01,0.0001149827715790346,0.0001531763594245377,0.0001669063989408685
SEEDER_ONLY_INTERSECTION,BOUNDARY_CAP_CELL,182091,135152343,9,0 1 1,1.0,,4,outlet_01,0.0001137827715790346,0.00015437635942453767,0.00016530639894086848
SEEDER_ONLY_INTERSECTION,BOUNDARY_CAP_CELL,182093,135152358,12,-1 0 1,1.0,,1,outlet_01,0.0001139827715790346,0.00015457635942453768,0.00016530639894086848
SEEDER_ONLY_INTERSECTION,BOUNDARY_CAP_CELL,182096,135152368,0,-1 0 0,1.0,,0,outlet_01,0.00011358277157903459,0.00015437635942453767,0.0001657063989408685
SEEDER_ONLY_INTERSECTION,BOUNDARY_CAP_CELL,182096,135152368,8,0 1 -1,1.0,,3,outlet_01,0.00011358277157903459,0.00015437635942453767,0.0001657063989408685
SEEDER_ONLY_INTERSECTION,BOUNDARY_CAP_CELL,182099,135152371,4,0 1 0,1.0,,0,outlet_01,0.0001137827715790346,0.00015437635942453767,0.00016550639894086848
SEEDER_ONLY_INTERSECTION,BOUNDARY_CAP_CELL,182099,135152371,15,-1 1 0,1.0,,3,outlet_01,0.0001137827715790346,0.00015437635942453767,0.00016550639894086848
SEEDER_ONLY_INTERSECTION,BOUNDARY_CAP_CELL,182119,135152422,3,1 0 0,1.0,,1,outlet_01,0.00011478277157903459,0.00015457635942453768,0.00016530639894086848
SEEDER_ONLY_INTERSECTION,BOUNDARY_CAP_CELL,182166,135152509,7,0 -1 1,1.0,,3,outlet_01,0.00011338277157903458,0.00015377635942453769,0.00016650639894086848
SEEDER_ONLY_INTERSECTION,BOUNDARY_CAP_CELL,182203,135152585,8,0 1 -1,1.0,,2,outlet_01,0.00011338277157903458,0.00015417635942453767,0.00016590639894086847
SEEDER_ONLY_INTERSECTION,BOUNDARY_CAP_CELL,182264,135152876,4,0 1 0,1.0,,0,outlet_01,0.0001151827715790346,0.00015437635942453767,0.00016550639894086848
SEEDER_ONLY_INTERSECTION,BOUNDARY_CAP_CELL,182266,135152885,17,1 1 0,1.0,,4,outlet_01,0.00011538277157903459,0.00015417635942453767,0.0001657063989408685
SEEDER_ONLY_INTERSECTION,BOUNDARY_CAP_CELL,182267,135152887,3,1 0 0,1.0,,0,outlet_01,0.00011538277157903459,0.00015437635942453767,0.0001657063989408685
SEEDER_ONLY_INTERSECTION,BOUNDARY_CAP_CELL,182306,135153030,7,0 -1 1,1.0,,1,outlet_01,0.00011558277157903458,0.00015377635942453769,0.00016650639894086848
SEEDER_ONLY_INTERSECTION,BOUNDARY_CAP_CELL,182307,135153106,8,0 1 -1,1.0,,3,outlet_01,0.00011558277157903458,0.00015417635942453767,0.00016590639894086847
SEEDER_ONLY_INTERSECTION,BOUNDARY_CAP_CELL,182309,135154252,5,0 0 1,1.0,,0,outlet_01,0.00011358277157903459,0.00015357635942453768,0.00016670639894086849
SEEDER_ONLY_INTERSECTION,BOUNDARY_CAP_CELL,182312,135154261,13,1 0 1,1.0,,2,outlet_01,0.0001137827715790346,0.0001533763594245377,0.0001669063989408685
SEEDER_ONLY_INTERSECTION,BOUNDARY_CAP_CELL,182312,135154261,15,-1 1 0,1.0,,2,outlet_01,0.0001137827715790346,0.0001533763594245377,0.0001669063989408685
SEEDER_ONLY_INTERSECTION,BOUNDARY_CAP_CELL,182313,135154262,5,0 0 1,1.0,,0,outlet_01,0.0001139827715790346,0.0001533763594245377,0.0001669063989408685
SEEDER_ONLY_INTERSECTION,BOUNDARY_CAP_CELL,182313,135154262,13,1 0 1,1.0,,0,outlet_01,0.0001139827715790346,0.0001533763594245377,0.0001669063989408685
SEEDER_ONLY_INTERSECTION,BOUNDARY_CAP_CELL,182317,135154762,5,0 0 1,1.0,,1,outlet_01,0.0001151827715790346,0.0001533763594245377,0.00016670639894086849
SEEDER_ONLY_INTERSECTION,BOUNDARY_CAP_CELL,182318,135154765,3,1 0 0,1.0,,1,outlet_01,0.0001149827715790346,0.0001533763594245377,0.0001669063989408685
SEEDER_ONLY_INTERSECTION,BOUNDARY_CAP_CELL,182318,135154765,5,0 0 1,1.0,,0,outlet_01,0.0001149827715790346,0.0001533763594245377,0.0001669063989408685
SEEDER_ONLY_INTERSECTION,BOUNDARY_CAP_CELL,182318,135154765,12,-1 0 1,1.0,,0,outlet_01,0.0001149827715790346,0.0001533763594245377,0.0001669063989408685
SEEDER_ONLY_INTERSECTION,BOUNDARY_CAP_CELL,182319,135154771,3,1 0 0,1.0,,0,outlet_01,0.00011538277157903459,0.00015357635942453768,0.00016670639894086849
SEEDER_ONLY_INTERSECTION,BOUNDARY_CAP_CELL,182319,135154771,7,0 -1 1,1.0,,4,outlet_01,0.00011538277157903459,0.00015357635942453768,0.00016670639894086849
