quantile,rbc_id,r,shape_i,shape_j,gap
0.05,25666,0.14994539353681108,"{""type"": ""Ellipsoid"", ""center_m"": [0.0, 0.0, 0.0], ""axes_m"": [4.3706271367709265e-06, 4.3706271367709265e-06, 6.553554060257823e-07], ""rotation"": [[1.0, -0.0, 0.0], [0.0, 1.0, 0.0], [-0.0, 0.0, 1.0]], ""mode"": ""FREE_OBLATE""}","{""type"": ""Sphere"", ""center_m"": [4.593235706340461e-06, 1.8372942825361845e-06, 1.255972433594807e-07], ""radius_m"": 5.88015722765549e-07, ""mode"": ""SPHERE_MB""}","{""particle_i_id"": 10, ""particle_j_id"": 99, ""shape_i"": ""FREE_OBLATE"", ""shape_j"": ""SPHERE_MB"", ""gap_m"": 5.494116655171649e-22, ""state"": ""TOUCHING"", ""point_i_m"": [4.056453247129802e-06, 1.6225812988519212e-06, 1.8240751517348935e-08], ""point_j_m"": [4.056453247129802e-06, 1.622581298851921e-06, 1.8240751517349004e-08], ""normal_j_to_i"": [-0.9128709291752769, -0.3651483716701108, -0.18257418583505527], ""distance_m"": 5.494116655171649e-22, ""geometry_iterations"": 135, ""roundoff_budget_m"": 5.221904423638603e-19, ""canonical_pair_id"": [10, 99]}"
0.05,25666,0.14994539353681108,"{""type"": ""Ellipsoid"", ""center_m"": [0.0, 0.0, 0.0], ""axes_m"": [4.3706271367709265e-06, 4.3706271367709265e-06, 6.553554060257823e-07], ""rotation"": [[-2.220446049250313e-16, -0.0, 1.0000000000000002], [0.0, 1.0, 0.0], [-1.0000000000000002, 0.0, -2.220446049250313e-16]], ""mode"": ""FREE_OBLATE""}","{""type"": ""Sphere"", ""center_m"": [7.451168622267603e-07, 3.921133806531308e-06, 1.9605669032656565e-06], ""radius_m"": 5.88015722765549e-07, ""mode"": ""SPHERE_MB""}","{""particle_i_id"": 10, ""particle_j_id"": 99, ""shape_i"": ""FREE_OBLATE"", ""shape_j"": ""SPHERE_MB"", ""gap_m"": -2.468487462568507e-22, ""state"": ""TOUCHING"", ""point_i_m"": [2.0833440301610167e-07, 3.706420822847044e-06, 1.8532104114235244e-06], ""point_j_m"": [2.083344030161014e-07, 3.7064208228470445e-06, 1.8532104114235248e-06], ""normal_j_to_i"": [-0.9128709291752771, -0.3651483716701106, -0.18257418583505527], ""distance_m"": 2.468487462568507e-22, ""geometry_iterations"": 134, ""roundoff_budget_m"": 4.968827780397676e-19, ""canonical_pair_id"": [10, 99]}"
0.05,25666,0.14994539353681108,"{""type"": ""Ellipsoid"", ""center_m"": [0.0, 0.0, 0.0], ""axes_m"": [4.3706271367709265e-06, 4.3706271367709265e-06, 6.553554060257823e-07], ""rotation"": [[0.9603567451474546, -0.07928650970509074, 0.2672612419124244], [-0.07928650970509074, 0.8414269805898185, 0.5345224838248488], [-0.2672612419124244, -0.5345224838248488, 0.8017837257372731]], ""mode"": ""FREE_OBLATE""}","{""type"": ""Sphere"", ""center_m"": [4.609987876609911e-06, 5.320428928798374e-07, -1.3739188757652393e-06], ""radius_m"": 5.88015722765549e-07, ""mode"": ""SPHERE_MB""}","{""particle_i_id"": 10, ""particle_j_id"": 99, ""shape_i"": ""FREE_OBLATE"", ""shape_j"": ""SPHERE_MB"", ""gap_m"": 1.074629615102754e-21, ""state"": ""TOUCHING"", ""point_i_m"": [4.073205417399252e-06, 3.1732990919557364e-07, -1.4812753676073707e-06], ""point_j_m"": [4.073205417399252e-06, 3.1732990919557396e-07, -1.481275367607371e-06], ""normal_j_to_i"": [-0.912870929175277, -0.36514837167011066, -0.18257418583505533], ""distance_m"": 1.074629615102754e-21, ""geometry_iterations"": 137, ""roundoff_budget_m"": 5.240949436267682e-19, ""canonical_pair_id"": [10, 99]}"
0.25,24026,0.21813435177371987,"{""type"": ""Ellipsoid"", ""center_m"": [0.0, 0.0, 0.0], ""axes_m"": [3.3612770933694242e-06, 3.3612770933694242e-06, 7.332099998939926e-07], ""rotation"": [[1.0, -0.0, 0.0], [0.0, 1.0, 0.0], [-0.0, 0.0, 1.0]], ""mode"": ""FREE_OBLATE""}","{""type"": ""Sphere"", ""center_m"": [3.655092711296616e-06, 1.4620370845186463e-06, 1.370319508682737e-07], ""radius_m"": 5.88015722765549e-07, ""mode"": ""SPHERE_MB""}","{""particle_i_id"": 11, ""particle_j_id"": 99, ""shape_i"": ""FREE_OBLATE"", ""shape_j"": ""SPHERE_MB"", ""gap_m"": -4.373212451765953e-22, ""state"": ""TOUCHING"", ""point_i_m"": [3.118310252085957e-06, 1.2473241008343828e-06, 2.967545902614199e-08], ""point_j_m"": [3.118310252085957e-06, 1.2473241008343828e-06, 2.967545902614185e-08], ""normal_j_to_i"": [-0.9128709291752769, -0.36514837167011077, -0.18257418583505558], ""distance_m"": 4.373212451765953e-22, ""geometry_iterations"": 136, ""roundoff_budget_m"": 4.1553593192663993e-19, ""canonical_pair_id"": [11, 99]}"
0.25,24026,0.21813435177371987,"{""type"": ""Ellipsoid"", ""center_m"": [0.0, 0.0, 0.0], ""axes_m"": [3.3612770933694242e-06, 3.3612770933694242e-06, 7.332099998939926e-07], ""rotation"": [[-2.220446049250313e-16, -0.0, 1.0000000000000002], [0.0, 1.0, 0.0], [-1.0000000000000002, 0.0, -2.220446049250313e-16]], ""mode"": ""FREE_OBLATE""}","{""type"": ""Sphere"", ""center_m"": [8.582168844936224e-07, 2.9168306165747634e-06, 1.4584153082873838e-06], ""radius_m"": 5.88015722765549e-07, ""mode"": ""SPHERE_MB""}","{""particle_i_id"": 11, ""particle_j_id"": 99, ""shape_i"": ""FREE_OBLATE"", ""shape_j"": ""SPHERE_MB"", ""gap_m"": -7.487682628538834e-22, ""state"": ""TOUCHING"", ""point_i_m"": [3.21434425282964e-07, 2.7021176328904997e-06, 1.3510588164452517e-06], ""point_j_m"": [3.214344252829635e-07, 2.7021176328905e-06, 1.3510588164452522e-06], ""normal_j_to_i"": [-0.912870929175277, -0.3651483716701104, -0.18257418583505516], ""distance_m"": 7.487682628538834e-22, ""geometry_iterations"": 151, ""roundoff_budget_m"": 3.8213296345127495e-19, ""canonical_pair_id"": [11, 99]}"
0.25,24026,0.21813435177371987,"{""type"": ""Ellipsoid"", ""center_m"": [0.0, 0.0, 0.0], ""axes_m"": [3.3612770933694242e-06, 3.3612770933694242e-06, 7.332099998939926e-07], ""rotation"": [[0.9603567451474546, -0.07928650970509074, 0.2672612419124244], [-0.07928650970509074, 0.8414269805898185, 0.5345224838248488], [-0.2672612419124244, -0.5345224838248488, 0.8017837257372731]], ""mode"": ""FREE_OBLATE""}","{""type"": ""Sphere"", ""center_m"": [3.6653340851401075e-06, 4.893703992393878e-07, -9.762688439011245e-07], ""radius_m"": 5.88015722765549e-07, ""mode"": ""SPHERE_MB""}","{""particle_i_id"": 11, ""particle_j_id"": 99, ""shape_i"": ""FREE_OBLATE"", ""shape_j"": ""SPHERE_MB"", ""gap_m"": 4.246114426687738e-22, ""state"": ""TOUCHING"", ""point_i_m"": [3.1285516259294486e-06, 2.7465741555512405e-07, -1.083625335743256e-06], ""point_j_m"": [3.1285516259294486e-06, 2.746574155551244e-07, -1.0836253357432562e-06], ""normal_j_to_i"": [-0.9128709291752769, -0.36514837167011066, -0.1825741858350553], ""distance_m"": 4.246114426687738e-22, ""geometry_iterations"": 192, ""roundoff_budget_m"": 4.1670024133283135e-19, ""canonical_pair_id"": [11, 99]}"
0.5,41310,0.29025223872388284,"{""type"": ""Ellipsoid"", ""center_m"": [0.0, 0.0, 0.0], ""axes_m"": [3.2875785225588278e-06, 3.2875785225588278e-06, 9.542270261532548e-07], ""rotation"": [[1.0, -0.0, 0.0], [0.0, 1.0, 0.0], [-0.0, 0.0, 1.0]], ""mode"": ""FREE_OBLATE""}","{""type"": ""Sphere"", ""center_m"": [3.58479838287948e-06, 1.433919353151792e-06, 1.5871334247090968e-07], ""radius_m"": 5.88015722765549e-07, ""mode"": ""SPHERE_MB""}","{""particle_i_id"": 12, ""particle_j_id"": 99, ""shape_i"": ""FREE_OBLATE"", ""shape_j"": ""SPHERE_MB"", ""gap_m"": 4.290131345349064e-22, ""state"": ""TOUCHING"", ""point_i_m"": [3.0480159236688207e-06, 1.2192063694675283e-06, 5.135685062877794e-08], ""point_j_m"": [3.048015923668821e-06, 1.2192063694675286e-06, 5.13568506287779e-08], ""normal_j_to_i"": [-0.9128709291752769, -0.3651483716701108, -0.18257418583505544], ""distance_m"": 4.290131345349064e-22, ""geometry_iterations"": 148, ""roundoff_budget_m"": 4.07544392019131e-19, ""canonical_pair_id"": [12, 99]}"
0.5,41310,0.29025223872388284,"{""type"": ""Ellipsoid"", ""center_m"": [0.0, 0.0, 0.0], ""axes_m"": [3.2875785225588278e-06, 3.2875785225588278e-06, 9.542270261532548e-07], ""rotation"": [[-2.220446049250313e-16, -0.0, 1.0000000000000002], [0.0, 1.0, 0.0], [-1.0000000000000002, 0.0, -2.220446049250313e-16]], ""mode"": ""FREE_OBLATE""}","{""type"": ""Sphere"", ""center_m"": [1.0562756187520613e-06, 2.6812558548033042e-06, 1.3406279274016538e-06], ""radius_m"": 5.88015722765549e-07, ""mode"": ""SPHERE_MB""}","{""particle_i_id"": 12, ""particle_j_id"": 99, ""shape_i"": ""FREE_OBLATE"", ""shape_j"": ""SPHERE_MB"", ""gap_m"": 1.8249726855039826e-22, ""state"": ""TOUCHING"", ""point_i_m"": [5.194931595414023e-07, 2.4665428711190414e-06, 1.233271435559522e-06], ""point_j_m"": [5.194931595414026e-07, 2.4665428711190405e-06, 1.233271435559522e-06], ""normal_j_to_i"": [-0.9128709291752768, -0.3651483716701109, -0.1825741858350554], ""distance_m"": 1.8249726855039826e-22, ""geometry_iterations"": 134, ""roundoff_budget_m"": 3.7375440599121564e-19, ""canonical_pair_id"": [12, 99]}"
0.5,41310,0.29025223872388284,"{""type"": ""Ellipsoid"", ""center_m"": [0.0, 0.0, 0.0], ""axes_m"": [3.2875785225588278e-06, 3.2875785225588278e-06, 9.542270261532548e-07], ""rotation"": [[0.9603567451474546, -0.07928650970509074, 0.2672612419124244], [-0.07928650970509074, 0.8414269805898185, 0.5345224838248488], [-0.2672612419124244, -0.5345224838248488, 0.8017837257372731]], ""mode"": ""FREE_OBLATE""}","{""type"": ""Sphere"", ""center_m"": [3.591347785738548e-06, 5.264233310776237e-07, -8.744330634834317e-07], ""radius_m"": 5.88015722765549e-07, ""mode"": ""SPHERE_MB""}","{""particle_i_id"": 12, ""particle_j_id"": 99, ""shape_i"": ""FREE_OBLATE"", ""shape_j"": ""SPHERE_MB"", ""gap_m"": 8.290187389732891e-22, ""state"": ""TOUCHING"", ""point_i_m"": [3.054565326527889e-06, 3.1171034739336005e-07, -9.817895553255637e-07], ""point_j_m"": [3.0545653265278893e-06, 3.1171034739336037e-07, -9.817895553255632e-07], ""normal_j_to_i"": [-0.912870929175277, -0.36514837167011044, -0.18257418583505491], ""distance_m"": 8.290187389732891e-22, ""geometry_iterations"": 144, ""roundoff_budget_m"": 4.082889729191434e-19, ""canonical_pair_id"": [12, 99]}"
0.75,89788,0.39244557833269283,"{""type"": ""Ellipsoid"", ""center_m"": [0.0, 0.0, 0.0], ""axes_m"": [3.0869291072655684e-06, 3.0869291072655684e-06, 1.2114516787728591e-06], ""rotation"": [[1.0, -0.0, 0.0], [0.0, 1.0, 0.0], [-0.0, 0.0, 1.0]], ""mode"": ""FREE_OBLATE""}","{""type"": ""Sphere"", ""center_m"": [3.39534359356627e-06, 1.358137437426508e-06, 1.954079111632005e-07], ""radius_m"": 5.88015722765549e-07, ""mode"": ""SPHERE_MB""}","{""particle_i_id"": 13, ""particle_j_id"": 99, ""shape_i"": ""FREE_OBLATE"", ""shape_j"": ""SPHERE_MB"", ""gap_m"": -4.0657633907504683e-22, ""state"": ""TOUCHING"", ""point_i_m"": [2.858561134355611e-06, 1.1434244537422444e-06, 8.805141932106875e-08], ""point_j_m"": [2.858561134355611e-06, 1.1434244537422444e-06, 8.805141932106875e-08], ""normal_j_to_i"": [-0.9128709291752769, -0.36514837167011077, -0.18257418583505539], ""distance_m"": 4.0657633907504683e-22, ""geometry_iterations"": 137, ""roundoff_budget_m"": 3.8600587613089714e-19, ""canonical_pair_id"": [13, 99]}"
0.75,89788,0.39244557833269283,"{""type"": ""Ellipsoid"", ""center_m"": [0.0, 0.0, 0.0], ""axes_m"": [3.0869291072655684e-06, 3.0869291072655684e-06, 1.2114516787728591e-06], ""rotation"": [[-2.220446049250313e-16, -0.0, 1.0000000000000002], [0.0, 1.0, 0.0], [-1.0000000000000002, 0.0, -2.220446049250313e-16]], ""mode"": ""FREE_OBLATE""}","{""type"": ""Sphere"", ""center_m"": [1.3358354932376705e-06, 2.289993055234003e-06, 1.1449965276170028e-06], ""radius_m"": 5.88015722765549e-07, ""mode"": ""SPHERE_MB""}","{""particle_i_id"": 13, ""particle_j_id"": 99, ""shape_i"": ""FREE_OBLATE"", ""shape_j"": ""SPHERE_MB"", ""gap_m"": 3.4271797702718136e-22, ""state"": ""TOUCHING"", ""point_i_m"": [7.990530340270117e-07, 2.0752800715497393e-06, 1.0376400357748707e-06], ""point_j_m"": [7.990530340270118e-07, 2.0752800715497393e-06, 1.037640035774871e-06], ""normal_j_to_i"": [-0.9128709291752769, -0.3651483716701108, -0.18257418583505539], ""distance_m"": 3.4271797702718136e-22, ""geometry_iterations"": 136, ""roundoff_budget_m"": 3.509432084758337e-19, ""canonical_pair_id"": [13, 99]}"
0.75,89788,0.39244557833269283,"{""type"": ""Ellipsoid"", ""center_m"": [0.0, 0.0, 0.0], ""axes_m"": [3.0869291072655684e-06, 3.0869291072655684e-06, 1.2114516787728591e-06], ""rotation"": [[0.9603567451474546, -0.07928650970509074, 0.2672612419124244], [-0.07928650970509074, 0.8414269805898185, 0.5345224838248488], [-0.2672612419124244, -0.5345224838248488, 0.8017837257372731]], ""mode"": ""FREE_OBLATE""}","{""type"": ""Sphere"", ""center_m"": [3.3961876207640806e-06, 5.824253726191728e-07, -6.788494082984875e-07], ""radius_m"": 5.88015722765549e-07, ""mode"": ""SPHERE_MB""}","{""particle_i_id"": 13, ""particle_j_id"": 99, ""shape_i"": ""FREE_OBLATE"", ""shape_j"": ""SPHERE_MB"", ""gap_m"": 3.899103608519215e-22, ""state"": ""TOUCHING"", ""point_i_m"": [2.8594051615534213e-06, 3.6771238893490905e-07, -7.862059001406191e-07], ""point_j_m"": [2.8594051615534218e-06, 3.677123889349093e-07, -7.862059001406192e-07], ""normal_j_to_i"": [-0.912870929175277, -0.3651483716701107, -0.18257418583505539], ""distance_m"": 3.899103608519215e-22, ""geometry_iterations"": 141, ""roundoff_budget_m"": 3.861018309139673e-19, ""canonical_pair_id"": [13, 99]}"
0.95,19400,0.6171984508263605,"{""type"": ""Ellipsoid"", ""center_m"": [0.0, 0.0, 0.0], ""axes_m"": [2.696391622431901e-06, 2.696391622431901e-06, 1.664208732186146e-06], ""rotation"": [[1.0, -0.0, 0.0], [0.0, 1.0, 0.0], [-0.0, 0.0, 1.0]], ""mode"": ""FREE_OBLATE""}","{""type"": ""Sphere"", ""center_m"": [3.0240366724586516e-06, 1.2096146689834606e-06, 2.9685239517154145e-07], ""radius_m"": 5.88015722765549e-07, ""mode"": ""SPHERE_MB""}","{""particle_i_id"": 14, ""particle_j_id"": 99, ""shape_i"": ""FREE_OBLATE"", ""shape_j"": ""SPHERE_MB"", ""gap_m"": -3.6309702358133053e-22, ""state"": ""TOUCHING"", ""point_i_m"": [2.4872542132479927e-06, 9.94901685299197e-07, 1.8949590332940972e-07], ""point_j_m"": [2.4872542132479927e-06, 9.94901685299197e-07, 1.894959033294097e-07], ""normal_j_to_i"": [-0.9128709291752769, -0.36514837167011077, -0.1825741858350554], ""distance_m"": 3.6309702358133053e-22, ""geometry_iterations"": 135, ""roundoff_budget_m"": 3.4379316644602245e-19, ""canonical_pair_id"": [14, 99]}"
0.95,19400,0.6171984508263605,"{""type"": ""Ellipsoid"", ""center_m"": [0.0, 0.0, 0.0], ""axes_m"": [2.696391622431901e-06, 2.696391622431901e-06, 1.664208732186146e-06], ""rotation"": [[-2.220446049250313e-16, -0.0, 1.0000000000000002], [0.0, 1.0, 0.0], [-1.0000000000000002, 0.0, -2.220446049250313e-16]], ""mode"": ""FREE_OBLATE""}","{""type"": ""Sphere"", ""center_m"": [1.8844080620189226e-06, 1.629788412576876e-06, 8.148942062884386e-07], ""radius_m"": 5.88015722765549e-07, ""mode"": ""SPHERE_MB""}","{""particle_i_id"": 14, ""particle_j_id"": 99, ""shape_i"": ""FREE_OBLATE"", ""shape_j"": ""SPHERE_MB"", ""gap_m"": 0.0, ""state"": ""TOUCHING"", ""point_i_m"": [1.347625602808264e-06, 1.4150754288926125e-06, 7.075377144463067e-07], ""point_j_m"": [1.3476256028082638e-06, 1.4150754288926125e-06, 7.07537714446307e-07], ""normal_j_to_i"": [-0.9128709291752769, -0.3651483716701107, -0.1825741858350553], ""distance_m"": 0.0, ""geometry_iterations"": 166, ""roundoff_budget_m"": 3.0654423681334047e-19, ""canonical_pair_id"": [14, 99]}"
0.95,19400,0.6171984508263605,"{""type"": ""Ellipsoid"", ""center_m"": [0.0, 0.0, 0.0], ""axes_m"": [2.696391622431901e-06, 2.696391622431901e-06, 1.664208732186146e-06], ""rotation"": [[0.9603567451474546, -0.07928650970509074, 0.2672612419124244], [-0.07928650970509074, 0.8414269805898185, 0.5345224838248488], [-0.2672612419124244, -0.5345224838248488, 0.8017837257372731]], ""mode"": ""FREE_OBLATE""}","{""type"": ""Sphere"", ""center_m"": [3.0157735805689693e-06, 7.353986116096474e-07, -2.209392199676014e-07], ""radius_m"": 5.88015722765549e-07, ""mode"": ""SPHERE_MB""}","{""particle_i_id"": 14, ""particle_j_id"": 99, ""shape_i"": ""FREE_OBLATE"", ""shape_j"": ""SPHERE_MB"", ""gap_m"": 0.0, ""state"": ""TOUCHING"", ""point_i_m"": [2.4789911213583104e-06, 5.20685627925384e-07, -3.282957118097334e-07], ""point_j_m"": [2.4789911213583104e-06, 5.206856279253839e-07, -3.282957118097331e-07], ""normal_j_to_i"": [-0.9128709291752769, -0.36514837167011077, -0.1825741858350553], ""distance_m"": 0.0, ""geometry_iterations"": 135, ""roundoff_budget_m"": 3.4285376165928133e-19, ""canonical_pair_id"": [14, 99]}"
