swc_component_id,node_count,edge_count,total_length_um,bbox_x_um,bbox_y_um,bbox_z_um,bbox_diagonal_um,root_count,root_ids,source_index_min,source_index_max,length_rank,selected_for_analysis,decision,decision_reason
0,28,27,52.15442061708622,17.90000000000002,11.99,23.539999999999992,31.91083985106002,1,1,0,27,24,False,REFERENCE_ONLY,preserved in reference_swc but outside the current single-network analysis
1,55,54,80.30945329855189,45.02,43.03,18.019999999999982,64.83133270263693,1,29,28,82,15,False,REFERENCE_ONLY,preserved in reference_swc but outside the current single-network analysis
2,92,91,138.08232551867283,99.36000000000001,42.660000000000025,81.28,135.27277479226927,1,84,83,174,8,False,REFERENCE_ONLY,preserved in reference_swc but outside the current single-network analysis
3,61,60,121.20378419803103,49.05,14.19,66.92000000000002,84.1756793854377,1,176,175,235,10,False,REFERENCE_ONLY,preserved in reference_swc but outside the current single-network analysis
4,95,94,139.4349888455243,88.87,42.639999999999986,48.96000000000001,110.0596570047354,1,237,236,330,7,False,REFERENCE_ONLY,preserved in reference_swc but outside the current single-network analysis
5,27,26,50.331623033984236,10.390000000000015,21.830000000000013,36.0,43.36474374419848,1,332,331,357,25,False,REFERENCE_ONLY,preserved in reference_swc but outside the current single-network analysis
6,97,96,160.25001426239763,59.34,78.82,60.660000000000004,115.81650832243217,1,359,358,454,4,False,REFERENCE_ONLY,preserved in reference_swc but outside the current single-network analysis
7,452,451,692.0707001970775,127.82,186.53,114.62,253.51358484310066,1,456,455,906,2,False,REFERENCE_ONLY,preserved in reference_swc but outside the current single-network analysis
8,108,107,151.8001995702374,25.430000000000007,71.50000000000001,34.95999999999998,83.55319563008946,1,908,907,1014,6,False,REFERENCE_ONLY,preserved in reference_swc but outside the current single-network analysis
9,35,34,65.647829699895,31.580000000000002,26.810000000000002,12.16,43.17334941836225,1,1016,1015,1049,18,False,REFERENCE_ONLY,preserved in reference_swc but outside the current single-network analysis
10,14,13,15.129896011695601,12.959999999999994,0.3499999999999943,7.719999999999999,15.089151732287664,1,1051,1050,1063,37,False,REFERENCE_ONLY,preserved in reference_swc but outside the current single-network analysis
11,43,42,69.8846642894552,33.94,21.75,18.379999999999995,44.3036172338106,1,1065,1064,1106,17,False,REFERENCE_ONLY,preserved in reference_swc but outside the current single-network analysis
12,13,12,13.298835543501086,12.189999999999998,0.7099999999999795,4.899999999999977,13.157134946484348,1,1108,1107,1119,38,False,REFERENCE_ONLY,preserved in reference_swc but outside the current single-network analysis
13,15,14,23.680862915632293,12.790000000000006,10.080000000000013,15.32,22.358284817937186,1,1121,1120,1134,32,False,REFERENCE_ONLY,preserved in reference_swc but outside the current single-network analysis
14,12,11,20.3582550451121,13.769999999999996,4.75,12.039999999999992,18.898068684392058,1,1136,1135,1146,35,False,REFERENCE_ONLY,preserved in reference_swc but outside the current single-network analysis
15,28,27,64.52806587934266,20.709999999999994,8.75,56.08,60.41881329519804,1,1148,1147,1174,19,False,REFERENCE_ONLY,preserved in reference_swc but outside the current single-network analysis
16,54,53,78.69509639177426,40.609999999999985,34.589999999999996,12.079999999999984,54.69521551287643,1,1176,1175,1228,16,False,REFERENCE_ONLY,preserved in reference_swc but outside the current single-network analysis
17,60,59,98.66543920388035,52.5,21.860000000000014,39.24000000000001,69.09332239804365,1,1230,1229,1288,12,False,REFERENCE_ONLY,preserved in reference_swc but outside the current single-network analysis
18,25,24,43.00786309750342,8.889999999999999,19.57,28.099999999999994,35.37834083164444,1,1290,1289,1313,27,False,REFERENCE_ONLY,preserved in reference_swc but outside the current single-network analysis
19,13,12,15.553853387286495,8.080000000000013,12.330000000000013,4.340000000000003,15.367202087562996,1,1315,1314,1326,36,False,REFERENCE_ONLY,preserved in reference_swc but outside the current single-network analysis
20,52,51,93.65709085809222,26.75,20.39,33.26000000000002,47.3026658868187,1,1328,1327,1378,14,False,REFERENCE_ONLY,preserved in reference_swc but outside the current single-network analysis
21,9,8,8.449599361225289,7.920000000000016,2.6399999999999864,0.7199999999999989,8.379403320046135,1,1380,1379,1387,42,False,REFERENCE_ONLY,preserved in reference_swc but outside the current single-network analysis
22,79,78,121.2661693610482,18.38,77.47999999999999,34.01999999999998,86.59292811771638,1,1389,1388,1466,9,False,REFERENCE_ONLY,preserved in reference_swc but outside the current single-network analysis
23,10,9,10.661569178279949,9.25,2.6099999999999994,4.22,10.49680903894131,1,1468,1467,1476,41,False,REFERENCE_ONLY,preserved in reference_swc but outside the current single-network analysis
24,27,26,52.23918270724037,16.370000000000005,14.889999999999986,41.44,46.97832053192195,1,1478,1477,1503,23,False,REFERENCE_ONLY,preserved in reference_swc but outside the current single-network analysis
25,6,5,5.80899256652058,4.8700000000000045,2.83,0.8999999999999773,5.704016129009455,1,1505,1504,1509,43,False,REFERENCE_ONLY,preserved in reference_swc but outside the current single-network analysis
26,11,10,11.656748808118559,9.830000000000013,1.41,6.0,11.602456636419731,1,1511,1510,1520,39,False,REFERENCE_ONLY,preserved in reference_swc but outside the current single-network analysis
27,11,10,11.11863082065955,9.97,3.75,1.6800000000000002,10.783589383873998,1,1522,1521,1531,40,False,REFERENCE_ONLY,preserved in reference_swc but outside the current single-network analysis
28,18,17,31.293793757495123,3.3499999999999943,19.349999999999994,22.579999999999984,29.924929406767177,1,1533,1532,1549,31,False,REFERENCE_ONLY,preserved in reference_swc but outside the current single-network analysis
29,33,32,57.19004130401555,34.17,20.51000000000002,22.22,45.62869053567066,1,1551,1550,1582,20,False,REFERENCE_ONLY,preserved in reference_swc but outside the current single-network analysis
30,19,18,23.15670386986655,19.810000000000002,9.219999999999999,2.9000000000000057,22.04210743100578,1,1584,1583,1601,33,False,REFERENCE_ONLY,preserved in reference_swc but outside the current single-network analysis
31,28,27,40.89396448792519,28.589999999999975,10.08,25.659999999999997,39.7168742476041,1,1603,1602,1629,28,False,REFERENCE_ONLY,preserved in reference_swc but outside the current single-network analysis
32,36,35,54.21072276826225,32.18,26.26,29.19999999999999,50.77184259016014,1,1631,1630,1665,22,False,REFERENCE_ONLY,preserved in reference_swc but outside the current single-network analysis
33,46,45,54.4469422363258,52.290000000000006,6.430000000000007,2.4000000000000057,52.73849637598707,1,1667,1666,1711,21,False,REFERENCE_ONLY,preserved in reference_swc but outside the current single-network analysis
34,17,16,22.836925404352424,11.06,17.789999999999992,6.180000000000007,21.840331957184162,1,1713,1712,1728,34,False,REFERENCE_ONLY,preserved in reference_swc but outside the current single-network analysis
35,100,99,152.4392417392898,101.68,23.140000000000015,74.3,128.0420712109891,1,1730,1729,1828,5,False,REFERENCE_ONLY,preserved in reference_swc but outside the current single-network analysis
36,23,22,38.6288622034764,16.319999999999993,19.629999999999995,19.5,32.12365639213568,1,1830,1829,1851,30,False,REFERENCE_ONLY,preserved in reference_swc but outside the current single-network analysis
37,31,30,39.92051208143768,31.43,9.01000000000002,9.04000000000002,33.92265614600367,1,1853,1852,1882,29,False,REFERENCE_ONLY,preserved in reference_swc but outside the current single-network analysis
38,363,362,559.7640980349279,171.17,85.06,81.89999999999998,207.94706658185873,1,1884,1883,2245,3,False,REFERENCE_ONLY,preserved in reference_swc but outside the current single-network analysis
39,37,36,46.0297520042382,31.569999999999993,15.240000000000009,9.0,36.192851504129926,1,2247,2246,2282,26,False,REFERENCE_ONLY,preserved in reference_swc but outside the current single-network analysis
40,71,70,112.34053411254712,18.58,52.47999999999999,69.84,89.3140100992,1,2284,2283,2353,11,False,REFERENCE_ONLY,preserved in reference_swc but outside the current single-network analysis
41,55,54,96.28377855220023,62.03,39.719999999999985,38.76,83.2330276993454,1,2355,2354,2408,13,False,REFERENCE_ONLY,preserved in reference_swc but outside the current single-network analysis
42,7419,7418,12013.420915836756,189.23,189.29,379.3,464.2275164184045,1,2410,2409,9827,1,True,ANALYSIS_NETWORK,greatest total centerline length; selected for the single-network workflow
