cell_index,tree_id,center_x_m,center_y_m,center_z_m,normalInd,normal_vector,classification,rim_distance_m,rim_distance_over_dx,inside_physical_inlet
183797,87650694,0.0001027827715790346,5.6176359424537685e-05,0.0001585063989408685,9,"(0,1,-1)",diagonal,6.3060433790890776e-08,0.3153021689544539,False
183798,87650695,0.00010258277157903459,5.6376359424537689e-05,0.0001585063989408685,9,"(0,1,-1)",diagonal,2.7331936052248829e-08,0.13665968026124414,False
183799,87650696,0.0001027827715790346,5.6376359424537689e-05,0.0001585063989408685,7,"(0,-1,-1)",diagonal,1.0144542763185959e-07,0.50722713815929799,True
183823,87650736,0.00010318277157903459,5.5976359424537686e-05,0.0001585063989408685,9,"(0,1,-1)",diagonal,7.5508560708726638e-08,0.37754280354363323,False
183826,87650743,0.00010338277157903459,5.5976359424537686e-05,0.0001585063989408685,3,"(0,0,-1)",clean_cardinal,2.7604249298826957e-08,0.1380212464941348,False
183827,87650744,0.00010358277157903459,5.5976359424537686e-05,0.0001585063989408685,3,"(0,0,-1)",clean_cardinal,3.2115302214837876e-09,0.016057651107418938,False
183832,87650749,0.00010298277157903459,5.6176359424537685e-05,0.0001585063989408685,3,"(0,0,-1)",clean_cardinal,3.6502782579556601e-08,0.18251391289778301,True
183833,87650750,0.00010318277157903459,5.6176359424537685e-05,0.0001585063989408685,7,"(0,-1,-1)",diagonal,1.1609090535852815e-07,0.58045452679264076,True
183834,87650751,0.00010298277157903459,5.6376359424537689e-05,0.0001585063989408685,3,"(0,0,-1)",clean_cardinal,2.1199453837259791e-07,1.0599726918629897,True
183835,87650752,0.00010318277157903459,5.6376359424537689e-05,0.0001585063989408685,3,"(0,0,-1)",clean_cardinal,3.0081616867144729e-07,1.5040808433572366,True
183840,87650757,0.00010338277157903459,5.6176359424537685e-05,0.0001585063989408685,3,"(0,0,-1)",clean_cardinal,1.6894320388798366e-07,0.84471601943991836,True
183841,87650758,0.00010358277157903459,5.6176359424537685e-05,0.0001585063989408685,3,"(0,0,-1)",clean_cardinal,1.9612674839460944e-07,0.9806337419730472,True
183842,87650759,0.00010338277157903459,5.6376359424537689e-05,0.0001585063989408685,3,"(0,0,-1)",clean_cardinal,3.6504579490728366e-07,1.8252289745364183,True
183843,87650760,0.00010358277157903459,5.6376359424537689e-05,0.0001585063989408685,3,"(0,0,-1)",clean_cardinal,3.9546502701071507e-07,1.9773251350535754,True
183877,87650798,0.00010238277157903459,5.6576359424537688e-05,0.0001585063989408685,9,"(0,1,-1)",diagonal,4.238634936235582e-08,0.21193174681177912,False
183878,87650799,0.0001021827715790346,5.6776359424537686e-05,0.0001585063989408685,9,"(0,1,-1)",diagonal,1.0322111164859536e-07,0.51610555824297688,False
183879,87650800,0.00010238277157903459,5.6776359424537686e-05,0.0001585063989408685,7,"(0,-1,-1)",diagonal,6.9968971706274809e-08,0.34984485853137404,True
183884,87650805,0.00010258277157903459,5.6576359424537688e-05,0.0001585063989408685,7,"(0,-1,-1)",diagonal,1.124814145389566e-07,0.56240707269478307,True
183885,87650806,0.0001027827715790346,5.6576359424537688e-05,0.0001585063989408685,3,"(0,0,-1)",clean_cardinal,2.5470136602555028e-07,1.2735068301277515,True
183886,87650807,0.00010258277157903459,5.6776359424537686e-05,0.0001585063989408685,3,"(0,0,-1)",clean_cardinal,2.3792966221317689e-07,1.1896483110658844,True
183887,87650808,0.0001027827715790346,5.6776359424537686e-05,0.0001585063989408685,3,"(0,0,-1)",clean_cardinal,3.9520506851629819e-07,1.9760253425814911,True
183892,87650813,0.0001021827715790346,5.697635942453769e-05,0.0001585063989408685,3,"(0,0,-1)",clean_cardinal,2.0947002297207856e-08,0.10473501148603928,False
183893,87650814,0.00010238277157903459,5.697635942453769e-05,0.0001585063989408685,3,"(0,0,-1)",clean_cardinal,1.6313058516567881e-07,0.8156529258283941,True
183894,87650815,0.0001021827715790346,5.7176359424537689e-05,0.0001585063989408685,3,"(0,0,-1)",clean_cardinal,3.9382145845240425e-08,0.19691072922620215,True
183895,87650816,0.00010238277157903459,5.7176359424537689e-05,0.0001585063989408685,3,"(0,0,-1)",clean_cardinal,2.3398738885575579e-07,1.169936944278779,True
183900,87650821,0.00010258277157903459,5.697635942453769e-05,0.0001585063989408685,3,"(0,0,-1)",clean_cardinal,3.4388997485590297e-07,1.719449874279515,True
183901,87650822,0.0001027827715790346,5.697635942453769e-05,0.0001585063989408685,3,"(0,0,-1)",clean_cardinal,5.1563286855250159e-07,2.5781643427625078,True
183902,87650823,0.00010258277157903459,5.7176359424537689e-05,0.0001585063989408685,3,"(0,0,-1)",clean_cardinal,4.2271310631744253e-07,2.1135655315872128,True
183903,87650824,0.0001027827715790346,5.7176359424537689e-05,0.0001585063989408685,3,"(0,0,-1)",clean_cardinal,6.1024167167019234e-07,3.0512083583509617,True
183940,87650861,0.00010298277157903459,5.6576359424537688e-05,0.0001585063989408685,3,"(0,0,-1)",clean_cardinal,3.7969583423176353e-07,1.8984791711588178,True
183941,87650862,0.00010318277157903459,5.6576359424537688e-05,0.0001585063989408685,3,"(0,0,-1)",clean_cardinal,4.8341670461340297e-07,2.4170835230670149,True
183942,87650863,0.00010298277157903459,5.6776359424537686e-05,0.0001585063989408685,3,"(0,0,-1)",clean_cardinal,5.3673466810333543e-07,2.6836733405166773,True
183943,87650864,0.00010318277157903459,5.6776359424537686e-05,0.0001585063989408685,3,"(0,0,-1)",clean_cardinal,6.5794624083167519e-07,3.2897312041583762,True
183948,87650869,0.00010338277157903459,5.6576359424537688e-05,0.0001585063989408685,3,"(0,0,-1)",clean_cardinal,5.5664526097454493e-07,2.7832263048727248,True
183949,87650870,0.00010358277157903459,5.6576359424537688e-05,0.0001585063989408685,3,"(0,0,-1)",clean_cardinal,5.9480330562680822e-07,2.9740165281340412,True
183950,87650871,0.00010338277157903459,5.6776359424537686e-05,0.0001585063989408685,3,"(0,0,-1)",clean_cardinal,7.4699256167767307e-07,3.7349628083883655,True
183951,87650872,0.00010358277157903459,5.6776359424537686e-05,0.0001585063989408685,3,"(0,0,-1)",clean_cardinal,7.9414158424290715e-07,3.9707079212145358,True
183956,87650877,0.00010298277157903459,5.697635942453769e-05,0.0001585063989408685,3,"(0,0,-1)",clean_cardinal,6.7726457599199458e-07,3.3863228799599732,True
183957,87650878,0.00010318277157903459,5.697635942453769e-05,0.0001585063989408685,3,"(0,0,-1)",clean_cardinal,8.1876797018113457e-07,4.093839850905673,True
183958,87650879,0.00010298277157903459,5.7176359424537689e-05,0.0001585063989408685,3,"(0,0,-1)",clean_cardinal,7.9047080624042032e-07,3.9523540312021019,True
183959,87650880,0.00010318277157903459,5.7176359424537689e-05,0.0001585063989408685,3,"(0,0,-1)",clean_cardinal,9.5758058756752726e-07,4.7879029378376368,True
183964,87650885,0.00010338277157903459,5.697635942453769e-05,0.0001585063989408685,3,"(0,0,-1)",clean_cardinal,9.303306266472375e-07,4.6516531332361879,True
183965,87650886,0.00010358277157903459,5.697635942453769e-05,0.0001585063989408685,3,"(0,0,-1)",clean_cardinal,9.9213434966227556e-07,4.9606717483113778,True
183966,87650887,0.00010338277157903459,5.7176359424537689e-05,0.0001585063989408685,3,"(0,0,-1)",clean_cardinal,1.1007025088543296e-06,5.5035125442716479,True
183967,87650888,0.00010358277157903459,5.7176359424537689e-05,0.0001585063989408685,3,"(0,0,-1)",clean_cardinal,1.1886818028490904e-06,5.9434090142454519,True
184800,87657837,0.0001021827715790346,5.7376359424537687e-05,0.0001585063989408685,3,"(0,0,-1)",clean_cardinal,7.58747980869878e-08,0.37937399043493902,True
184801,87657838,0.00010238277157903459,5.7376359424537687e-05,0.0001585063989408685,3,"(0,0,-1)",clean_cardinal,2.7423765670424566e-07,1.3711882835212283,True
184802,87657839,0.0001021827715790346,5.7576359424537685e-05,0.0001585063989408685,3,"(0,0,-1)",clean_cardinal,8.7347215301183244e-08,0.43673607650591623,True
184803,87657840,0.00010238277157903459,5.7576359424537685e-05,0.0001585063989408685,3,"(0,0,-1)",clean_cardinal,2.8729276857137747e-07,1.4364638428568874,True
184808,87657845,0.00010258277157903459,5.7376359424537687e-05,0.0001585063989408685,3,"(0,0,-1)",clean_cardinal,4.7260051532151788e-07,2.3630025766075895,True
184809,87657846,0.0001027827715790346,5.7376359424537687e-05,0.0001585063989408685,3,"(0,0,-1)",clean_cardinal,6.69336788960413e-07,3.3466839448020651,True
184810,87657847,0.00010258277157903459,5.7576359424537685e-05,0.0001585063989408685,3,"(0,0,-1)",clean_cardinal,4.8723832184157155e-07,2.4361916092078579,True
184811,87657848,0.0001027827715790346,5.7576359424537685e-05,0.0001585063989408685,3,"(0,0,-1)",clean_cardinal,6.871838751117658e-07,3.4359193755588291,True
184816,87657853,0.0001021827715790346,5.777635942453769e-05,0.0001585063989408685,3,"(0,0,-1)",clean_cardinal,7.1160084264859298e-08,0.35580042132429651,True
184817,87657854,0.00010238277157903459,5.777635942453769e-05,0.0001585063989408685,3,"(0,0,-1)",clean_cardinal,2.6770792927931013e-07,1.3385396463965507,True
184818,87657855,0.0001021827715790346,5.7976359424537688e-05,0.0001585063989408685,3,"(0,0,-1)",clean_cardinal,2.812268255023439e-08,0.14061341275117195,True
184819,87657856,0.00010238277157903459,5.7976359424537688e-05,0.0001585063989408685,3,"(0,0,-1)",clean_cardinal,2.1972219696008687e-07,1.0986109848004344,True
184824,87657861,0.00010258277157903459,5.777635942453769e-05,0.0001585063989408685,3,"(0,0,-1)",clean_cardinal,4.6425577429377556e-07,2.3212788714688779,True
184825,87657862,0.0001027827715790346,5.777635942453769e-05,0.0001585063989408685,3,"(0,0,-1)",clean_cardinal,6.6027648776950995e-07,3.3013824388475497,True
184826,87657863,0.00010258277157903459,5.7976359424537688e-05,0.0001585063989408685,3,"(0,0,-1)",clean_cardinal,4.0817346931467006e-07,2.0408673465733504,True
184827,87657864,0.0001027827715790346,5.7976359424537688e-05,0.0001585063989408685,3,"(0,0,-1)",clean_cardinal,5.9273273110696776e-07,2.9636636555348388,True
184864,87657901,0.00010298277157903459,5.7376359424537687e-05,0.0001585063989408685,3,"(0,0,-1)",clean_cardinal,8.6394203197094148e-07,4.3197101598547079,True
184865,87657902,0.00010318277157903459,5.7376359424537687e-05,0.0001585063989408685,3,"(0,0,-1)",clean_cardinal,1.0550901833737719e-06,5.2754509168688593,True
184866,87657903,0.00010298277157903459,5.7576359424537685e-05,0.0001585063989408685,3,"(0,0,-1)",clean_cardinal,8.8695741394320457e-07,4.4347870697160232,True
184867,87657904,0.00010318277157903459,5.7576359424537685e-05,0.0001585063989408685,3,"(0,0,-1)",clean_cardinal,1.0862961418301215e-06,5.4314807091506072,True
184872,87657909,0.00010338277157903459,5.7376359424537687e-05,0.0001585063989408685,3,"(0,0,-1)",clean_cardinal,1.2361347030866435e-06,6.1806735154332175,True
184873,87657910,0.00010358277157903459,5.7376359424537687e-05,0.0001585063989408685,3,"(0,0,-1)",clean_cardinal,1.3772445486810845e-06,6.8862227434054226,True
184874,87657911,0.00010338277157903459,5.7576359424537685e-05,0.0001585063989408685,3,"(0,0,-1)",clean_cardinal,1.2856348697170248e-06,6.4281743485851246,True
184875,87657912,0.00010358277157903459,5.7576359424537685e-05,0.0001585063989408685,3,"(0,0,-1)",clean_cardinal,1.4839942509824451e-06,7.4199712549122259,True
184880,87657917,0.00010298277157903459,5.777635942453769e-05,0.0001585063989408685,3,"(0,0,-1)",clean_cardinal,8.5187600217934952e-07,4.2593800108967477,True
184881,87657918,0.00010318277157903459,5.777635942453769e-05,0.0001585063989408685,3,"(0,0,-1)",clean_cardinal,1.038908888230898e-06,5.1945444411544903,True
184882,87657919,0.00010298277157903459,5.7976359424537688e-05,0.0001585063989408685,3,"(0,0,-1)",clean_cardinal,7.6622772177857738e-07,3.8311386088928869,True
184883,87657920,0.00010318277157903459,5.7976359424537688e-05,0.0001585063989408685,3,"(0,0,-1)",clean_cardinal,9.2455413888549098e-07,4.6227706944274551,True
184888,87657925,0.00010338277157903459,5.777635942453769e-05,0.0001585063989408685,3,"(0,0,-1)",clean_cardinal,1.205080169928312e-06,6.0254008496415601,True
184889,87657926,0.00010358277157903459,5.777635942453769e-05,0.0001585063989408685,3,"(0,0,-1)",clean_cardinal,1.3379705534400151e-06,6.689852767200076,True
184890,87657927,0.00010338277157903459,5.7976359424537688e-05,0.0001585063989408685,3,"(0,0,-1)",clean_cardinal,1.0655736574916121e-06,5.3278682874580605,True
184891,87657928,0.00010358277157903459,5.7976359424537688e-05,0.0001585063989408685,3,"(0,0,-1)",clean_cardinal,1.1459518539166617e-06,5.7297592695833082,True
184922,87657965,0.0001021827715790346,5.8176359424537686e-05,0.0001585063989408685,3,"(0,0,-1)",clean_cardinal,3.8002687809257669e-08,0.19001343904628834,False
184923,87657966,0.00010238277157903459,5.8176359424537686e-05,0.0001585063989408685,3,"(0,0,-1)",clean_cardinal,1.4641167247879501e-07,0.73205836239397504,True
184924,87657967,0.0001021827715790346,5.8376359424537684e-05,0.0001585063989408685,7,"(0,-1,-1)",diagonal,1.2501166072433246e-07,0.62505830362166237,False
184925,87657968,0.00010238277157903459,5.8376359424537684e-05,0.0001585063989408685,9,"(0,1,-1)",diagonal,4.6849242586006697e-08,0.2342462129300335,True
184930,87657973,0.00010258277157903459,5.8176359424537686e-05,0.0001585063989408685,3,"(0,0,-1)",clean_cardinal,3.2190202116292702e-07,1.6095101058146351,True
184931,87657974,0.0001027827715790346,5.8176359424537686e-05,0.0001585063989408685,3,"(0,0,-1)",clean_cardinal,4.8570169073575638e-07,2.428508453678782,True
184932,87657975,0.00010258277157903459,5.8376359424537684e-05,0.0001585063989408685,3,"(0,0,-1)",clean_cardinal,2.0517565969291381e-07,1.0258782984645691,True
184933,87657976,0.0001027827715790346,5.8376359424537684e-05,0.0001585063989408685,3,"(0,0,-1)",clean_cardinal,3.6350207679982754e-07,1.8175103839991378,True
184935,87657982,0.00010238277157903459,5.8576359424537689e-05,0.0001585063989408685,7,"(0,-1,-1)",diagonal,7.5350371349922088e-08,0.37675185674961048,False
184940,87657989,0.00010258277157903459,5.8576359424537689e-05,0.0001585063989408685,9,"(0,1,-1)",diagonal,8.297604575699163e-08,0.41488022878495817,True
184941,87657990,0.0001027827715790346,5.8576359424537689e-05,0.0001585063989408685,3,"(0,0,-1)",clean_cardinal,2.2276851710993399e-07,1.1138425855496701,True
184942,87657991,0.00010258277157903459,5.8776359424537687e-05,0.0001585063989408685,7,"(0,-1,-1)",diagonal,5.9954745051603654e-08,0.29977372525801826,False
184943,87657992,0.0001027827715790346,5.8776359424537687e-05,0.0001585063989408685,9,"(0,1,-1)",diagonal,6.5607516445851428e-08,0.32803758222925716,True
184980,87658029,0.00010298277157903459,5.8176359424537686e-05,0.0001585063989408685,3,"(0,0,-1)",clean_cardinal,6.4402810784265929e-07,3.2201405392132965,True
184981,87658030,0.00010318277157903459,5.8176359424537686e-05,0.0001585063989408685,3,"(0,0,-1)",clean_cardinal,7.8525397721859797e-07,3.9262698860929901,True
184982,87658031,0.00010298277157903459,5.8376359424537684e-05,0.0001585063989408685,3,"(0,0,-1)",clean_cardinal,5.0493429694556493e-07,2.5246714847278247,True
184983,87658032,0.00010318277157903459,5.8376359424537684e-05,0.0001585063989408685,3,"(0,0,-1)",clean_cardinal,6.2014806502763231e-07,3.1007403251381618,True
184988,87658037,0.00010338277157903459,5.8176359424537686e-05,0.0001585063989408685,3,"(0,0,-1)",clean_cardinal,8.9088975820871731e-07,4.4544487910435864,True
184989,87658038,0.00010358277157903459,5.8176359424537686e-05,0.0001585063989408685,3,"(0,0,-1)",clean_cardinal,9.4901644711991201e-07,4.7450822355995603,True
184990,87658039,0.00010338277157903459,5.8376359424537684e-05,0.0001585063989408685,3,"(0,0,-1)",clean_cardinal,7.0559310768927449e-07,3.5279655384463728,True
184991,87658040,0.00010358277157903459,5.8376359424537684e-05,0.0001585063989408685,3,"(0,0,-1)",clean_cardinal,7.5065399376295566e-07,3.7532699688147786,True
184996,87658045,0.00010298277157903459,5.8576359424537689e-05,0.0001585063989408685,3,"(0,0,-1)",clean_cardinal,3.4530969336368832e-07,1.7265484668184417,True
184997,87658046,0.00010318277157903459,5.8576359424537689e-05,0.0001585063989408685,3,"(0,0,-1)",clean_cardinal,4.4377862576187825e-07,2.2188931288093912,True
184998,87658047,0.00010298277157903459,5.8776359424537687e-05,0.0001585063989408685,3,"(0,0,-1)",clean_cardinal,1.7448440980571959e-07,0.87242204902859799,True
184999,87658048,0.00010318277157903459,5.8776359424537687e-05,0.0001585063989408685,3,"(0,0,-1)",clean_cardinal,2.6193508428444111e-07,1.3096754214222057,True
185004,87658053,0.00010338277157903459,5.8576359424537689e-05,0.0001585063989408685,3,"(0,0,-1)",clean_cardinal,5.1599924151876492e-07,2.5799962075938248,True
185005,87658054,0.00010358277157903459,5.8576359424537689e-05,0.0001585063989408685,3,"(0,0,-1)",clean_cardinal,5.5229154040598586e-07,2.7614577020299294,True
185006,87658055,0.00010338277157903459,5.8776359424537687e-05,0.0001585063989408685,3,"(0,0,-1)",clean_cardinal,3.2139233145936188e-07,1.6069616572968095,True
185007,87658056,0.00010358277157903459,5.8776359424537687e-05,0.0001585063989408685,3,"(0,0,-1)",clean_cardinal,3.5373471348680056e-07,1.7686735674340028,True
185043,87658870,0.0001027827715790346,5.8976359424537685e-05,0.0001585063989408685,7,"(0,-1,-1)",diagonal,1.0035396185821274e-07,0.50176980929106374,False
185061,87658925,0.00010298277157903459,5.8976359424537685e-05,0.0001585063989408685,3,"(0,0,-1)",clean_cardinal,3.3325066849669861e-09,0.016662533424834931,False
185062,87658926,0.00010318277157903459,5.8976359424537685e-05,0.0001585063989408685,9,"(0,1,-1)",diagonal,7.3215661938533761e-08,0.3660783096926688,True
185063,87658928,0.00010318277157903459,5.917635942453769e-05,0.0001585063989408685,7,"(0,-1,-1)",diagonal,1.1550376040737809e-07,0.57751880203689043,False
185068,87658933,0.00010338277157903459,5.8976359424537685e-05,0.0001585063989408685,3,"(0,0,-1)",clean_cardinal,1.2678542139995575e-07,0.63392710699977872,True
185069,87658934,0.00010358277157903459,5.8976359424537685e-05,0.0001585063989408685,3,"(0,0,-1)",clean_cardinal,1.5378926311587869e-07,0.76894631557939352,True
185070,87658935,0.00010338277157903459,5.917635942453769e-05,0.0001585063989408685,3,"(0,0,-1)",clean_cardinal,6.833671037386268e-08,0.34168355186931343,False
185071,87658936,0.00010358277157903459,5.917635942453769e-05,0.0001585063989408685,3,"(0,0,-1)",clean_cardinal,4.615618725504345e-08,0.23078093627521726,False
185072,87763042,0.0001027827715790346,5.6176359424537685e-05,0.00015870639894086848,9,"(0,1,-1)",diagonal,6.3060433790890776e-08,0.3153021689544539,False
185073,87763043,0.00010258277157903459,5.6376359424537689e-05,0.00015870639894086848,18,"(1,1,0)",diagonal,2.7331936052248829e-08,0.13665968026124414,False
185074,87763044,0.0001027827715790346,5.6376359424537689e-05,0.00015870639894086848,15,"(-1,-1,0)",diagonal,1.0144542763185959e-07,0.50722713815929799,True
185075,87763084,0.00010318277157903459,5.5976359424537686e-05,0.00015870639894086848,9,"(0,1,-1)",diagonal,7.5508560708726638e-08,0.37754280354363323,False
185076,87763091,0.00010338277157903459,5.5976359424537686e-05,0.00015870639894086848,11,"(-1,0,-1)",diagonal,2.7604249298826957e-08,0.1380212464941348,False
185077,87763092,0.00010358277157903459,5.5976359424537686e-05,0.00015870639894086848,3,"(0,0,-1)",clean_cardinal,3.2115302214837876e-09,0.016057651107418938,False
185078,87763097,0.00010298277157903459,5.6176359424537685e-05,0.00015870639894086848,3,"(0,0,-1)",clean_cardinal,3.6502782579556601e-08,0.18251391289778301,True
185079,87763098,0.00010318277157903459,5.6176359424537685e-05,0.00015870639894086848,7,"(0,-1,-1)",diagonal,1.1609090535852815e-07,0.58045452679264076,True
185080,87763146,0.00010238277157903459,5.6576359424537688e-05,0.00015870639894086848,18,"(1,1,0)",diagonal,4.238634936235582e-08,0.21193174681177912,False
185081,87763147,0.0001021827715790346,5.6776359424537686e-05,0.00015870639894086848,12,"(1,0,-1)",diagonal,1.0322111164859536e-07,0.51610555824297688,False
185082,87763148,0.00010238277157903459,5.6776359424537686e-05,0.00015870639894086848,7,"(0,-1,-1)",diagonal,6.9968971706274809e-08,0.34984485853137404,True
185083,87763153,0.00010258277157903459,5.6576359424537688e-05,0.00015870639894086848,15,"(-1,-1,0)",diagonal,1.124814145389566e-07,0.56240707269478307,True
185084,87763161,0.0001021827715790346,5.697635942453769e-05,0.00015870639894086848,3,"(0,0,-1)",clean_cardinal,2.0947002297207856e-08,0.10473501148603928,False
185085,87763163,0.0001021827715790346,5.7176359424537689e-05,0.00015870639894086848,3,"(0,0,-1)",clean_cardinal,3.9382145845240425e-08,0.19691072922620215,True
185086,87770185,0.0001021827715790346,5.7376359424537687e-05,0.00015870639894086848,3,"(0,0,-1)",clean_cardinal,7.58747980869878e-08,0.37937399043493902,True
185087,87770187,0.0001021827715790346,5.7576359424537685e-05,0.00015870639894086848,3,"(0,0,-1)",clean_cardinal,8.7347215301183244e-08,0.43673607650591623,True
185088,87770201,0.0001021827715790346,5.777635942453769e-05,0.00015870639894086848,3,"(0,0,-1)",clean_cardinal,7.1160084264859298e-08,0.35580042132429651,True
185089,87770203,0.0001021827715790346,5.7976359424537688e-05,0.00015870639894086848,3,"(0,0,-1)",clean_cardinal,2.812268255023439e-08,0.14061341275117195,True
185090,87770313,0.0001021827715790346,5.8176359424537686e-05,0.00015870639894086848,9,"(0,1,-1)",diagonal,3.8002687809257669e-08,0.19001343904628834,False
185091,87770315,0.0001021827715790346,5.8376359424537684e-05,0.00015870639894086848,12,"(1,0,-1)",diagonal,1.2501166072433246e-07,0.62505830362166237,False
185092,87770316,0.00010238277157903459,5.8376359424537684e-05,0.00015870639894086848,16,"(-1,1,0)",diagonal,4.6849242586006697e-08,0.2342462129300335,True
185093,87770330,0.00010238277157903459,5.8576359424537689e-05,0.00015870639894086848,7,"(0,-1,-1)",diagonal,7.5350371349922088e-08,0.37675185674961048,False
185094,87770337,0.00010258277157903459,5.8576359424537689e-05,0.00015870639894086848,9,"(0,1,-1)",diagonal,8.297604575699163e-08,0.41488022878495817,True
185095,87770339,0.00010258277157903459,5.8776359424537687e-05,0.00015870639894086848,12,"(1,0,-1)",diagonal,5.9954745051603654e-08,0.29977372525801826,False
185096,87770340,0.0001027827715790346,5.8776359424537687e-05,0.00015870639894086848,11,"(-1,0,-1)",diagonal,6.5607516445851428e-08,0.32803758222925716,True
185097,87771218,0.0001027827715790346,5.8976359424537685e-05,0.00015870639894086848,7,"(0,-1,-1)",diagonal,1.0035396185821274e-07,0.50176980929106374,False
185098,87771273,0.00010298277157903459,5.8976359424537685e-05,0.00015870639894086848,3,"(0,0,-1)",clean_cardinal,3.3325066849669861e-09,0.016662533424834931,False
185099,87771274,0.00010318277157903459,5.8976359424537685e-05,0.00015870639894086848,9,"(0,1,-1)",diagonal,7.3215661938533761e-08,0.3660783096926688,True
185100,87771276,0.00010318277157903459,5.917635942453769e-05,0.00015870639894086848,7,"(0,-1,-1)",diagonal,1.1550376040737809e-07,0.57751880203689043,False
185101,87771283,0.00010338277157903459,5.917635942453769e-05,0.00015870639894086848,7,"(0,-1,-1)",diagonal,6.833671037386268e-08,0.34168355186931343,False
185102,87771284,0.00010358277157903459,5.917635942453769e-05,0.00015870639894086848,3,"(0,0,-1)",clean_cardinal,4.615618725504345e-08,0.23078093627521726,False
194704,89448303,0.0001037827715790346,5.5976359424537686e-05,0.0001585063989408685,3,"(0,0,-1)",clean_cardinal,3.1665747457671365e-09,0.015832873728835684,False
194705,89448304,0.0001039827715790346,5.5976359424537686e-05,0.0001585063989408685,3,"(0,0,-1)",clean_cardinal,2.9815165878361859e-08,0.1490758293918093,False
194707,89448311,0.00010418277157903459,5.5976359424537686e-05,0.0001585063989408685,9,"(0,1,-1)",diagonal,8.0627404678466146e-08,0.40313702339233076,False
194712,89448317,0.0001037827715790346,5.6176359424537685e-05,0.0001585063989408685,3,"(0,0,-1)",clean_cardinal,1.9629104606529409e-07,0.98145523032647053,True
194713,89448318,0.0001039827715790346,5.6176359424537685e-05,0.0001585063989408685,3,"(0,0,-1)",clean_cardinal,1.6479097486422279e-07,0.82395487432111403,True
194714,89448319,0.0001037827715790346,5.6376359424537689e-05,0.0001585063989408685,3,"(0,0,-1)",clean_cardinal,3.9465236890675514e-07,1.9732618445337757,True
194715,89448320,0.0001039827715790346,5.6376359424537689e-05,0.0001585063989408685,3,"(0,0,-1)",clean_cardinal,3.5939711560681718e-07,1.796985578034086,True
194720,89448325,0.00010418277157903459,5.6176359424537685e-05,0.0001585063989408685,7,"(0,-1,-1)",diagonal,1.0809205062559868e-07,0.5404602531279934,True
194721,89448326,0.0001043827715790346,5.6176359424537685e-05,0.0001585063989408685,3,"(0,0,-1)",clean_cardinal,2.8031123159376976e-08,0.14015561579688487,True
194722,89448327,0.00010418277157903459,5.6376359424537689e-05,0.0001585063989408685,3,"(0,0,-1)",clean_cardinal,2.9438327665899168e-07,1.4719163832949584,True
194723,89448328,0.0001043827715790346,5.6376359424537689e-05,0.0001585063989408685,3,"(0,0,-1)",clean_cardinal,2.0199579832909023e-07,1.0099789916454511,True
194733,89448381,0.00010458277157903459,5.6176359424537685e-05,0.0001585063989408685,9,"(0,1,-1)",diagonal,7.2841590565544251e-08,0.36420795282772128,False
194734,89448383,0.00010458277157903459,5.6376359424537689e-05,0.0001585063989408685,7,"(0,-1,-1)",diagonal,8.8966338011744005e-08,0.44483169005872003,True
194735,89448384,0.00010478277157903459,5.6376359424537689e-05,0.0001585063989408685,9,"(0,1,-1)",diagonal,4.1002399347902369e-08,0.20501199673951184,False
194772,89448429,0.0001037827715790346,5.6576359424537688e-05,0.0001585063989408685,3,"(0,0,-1)",clean_cardinal,5.9301369174820769e-07,2.9650684587410385,True
194773,89448430,0.0001039827715790346,5.6576359424537688e-05,0.0001585063989408685,3,"(0,0,-1)",clean_cardinal,5.517500460185386e-07,2.7587502300926929,True
194774,89448431,0.0001037827715790346,5.6776359424537686e-05,0.0001585063989408685,3,"(0,0,-1)",clean_cardinal,7.9137501458966024e-07,3.9568750729483013,True
194775,89448432,0.0001039827715790346,5.6776359424537686e-05,0.0001585063989408685,3,"(0,0,-1)",clean_cardinal,7.4046950132259901e-07,3.7023475066129952,True
194780,89448437,0.00010418277157903459,5.6576359424537688e-05,0.0001585063989408685,3,"(0,0,-1)",clean_cardinal,4.751422556062222e-07,2.3757112780311109,True
194781,89448438,0.0001043827715790346,5.6576359424537688e-05,0.0001585063989408685,3,"(0,0,-1)",clean_cardinal,3.6928369469273514e-07,1.8464184734636757,True
194782,89448439,0.00010418277157903459,5.6776359424537686e-05,0.0001585063989408685,3,"(0,0,-1)",clean_cardinal,6.4766000069014764e-07,3.2383000034507385,True
194783,89448440,0.0001043827715790346,5.6776359424537686e-05,0.0001585063989408685,3,"(0,0,-1)",clean_cardinal,5.2444472787643743e-07,2.6222236393821872,True
194788,89448445,0.0001037827715790346,5.697635942453769e-05,0.0001585063989408685,3,"(0,0,-1)",clean_cardinal,9.8935066528944098e-07,4.9467533264472054,True
194789,89448446,0.0001039827715790346,5.697635942453769e-05,0.0001585063989408685,3,"(0,0,-1)",clean_cardinal,9.2225338805306126e-07,4.6112669402653061,True
194790,89448447,0.0001037827715790346,5.7176359424537689e-05,0.0001585063989408685,3,"(0,0,-1)",clean_cardinal,1.1839568060320289e-06,5.9197840301601445,True
194791,89448448,0.0001039827715790346,5.7176359424537689e-05,0.0001585063989408685,3,"(0,0,-1)",clean_cardinal,1.0889329843013143e-06,5.4446649215065719,True
194796,89448453,0.00010418277157903459,5.697635942453769e-05,0.0001585063989408685,3,"(0,0,-1)",clean_cardinal,8.0716829148862381e-07,4.0358414574431194,True
194797,89448454,0.0001043827715790346,5.697635942453769e-05,0.0001585063989408685,3,"(0,0,-1)",clean_cardinal,6.6245058042879655e-07,3.312252902143983,True
194798,89448455,0.00010418277157903459,5.7176359424537689e-05,0.0001585063989408685,3,"(0,0,-1)",clean_cardinal,9.4326070981731418e-07,4.7163035490865708,True
194799,89448456,0.0001043827715790346,5.7176359424537689e-05,0.0001585063989408685,3,"(0,0,-1)",clean_cardinal,7.7348932120959481e-07,3.8674466060479742,True
194834,89448493,0.00010458277157903459,5.6576359424537688e-05,0.0001585063989408685,3,"(0,0,-1)",clean_cardinal,2.4172116426427466e-07,1.2086058213213733,True
194835,89448494,0.00010478277157903459,5.6576359424537688e-05,0.0001585063989408685,7,"(0,-1,-1)",diagonal,9.8384194000017104e-08,0.49192097000008556,True
194836,89448495,0.00010458277157903459,5.6776359424537686e-05,0.0001585063989408685,3,"(0,0,-1)",clean_cardinal,3.804173872144164e-07,1.902086936072082,True
194837,89448496,0.00010478277157903459,5.6776359424537686e-05,0.0001585063989408685,3,"(0,0,-1)",clean_cardinal,2.2225373211737479e-07,1.111268660586874,True
194841,89448501,0.0001049827715790346,5.6576359424537688e-05,0.0001585063989408685,9,"(0,1,-1)",diagonal,5.5995414702407808e-08,0.27997707351203904,False
194842,89448503,0.0001049827715790346,5.6776359424537686e-05,0.0001585063989408685,7,"(0,-1,-1)",diagonal,5.515360695965184e-08,0.27576803479825923,True
194843,89448504,0.00010518277157903459,5.6776359424537686e-05,0.0001585063989408685,9,"(0,1,-1)",diagonal,1.2033871660752023e-07,0.60169358303760112,False
194848,89448509,0.00010458277157903459,5.697635942453769e-05,0.0001585063989408685,3,"(0,0,-1)",clean_cardinal,5.0050287893716125e-07,2.5025143946858064,True
194849,89448510,0.00010478277157903459,5.697635942453769e-05,0.0001585063989408685,3,"(0,0,-1)",clean_cardinal,3.2657530230103732e-07,1.6328765115051866,True
194850,89448511,0.00010458277157903459,5.7176359424537689e-05,0.0001585063989408685,3,"(0,0,-1)",clean_cardinal,5.9247767649949698e-07,2.962388382497485,True
194851,89448512,0.00010478277157903459,5.7176359424537689e-05,0.0001585063989408685,3,"(0,0,-1)",clean_cardinal,4.0614634918986536e-07,2.030731745949327,True
194856,89448517,0.0001049827715790346,5.697635942453769e-05,0.0001585063989408685,3,"(0,0,-1)",clean_cardinal,1.4630059425889513e-07,0.73150297129447572,True
194857,89448518,0.00010518277157903459,5.697635942453769e-05,0.0001585063989408685,3,"(0,0,-1)",clean_cardinal,3.8256325338239688e-08,0.19128162669119844,False
194858,89448519,0.0001049827715790346,5.7176359424537689e-05,0.0001585063989408685,3,"(0,0,-1)",clean_cardinal,2.1453886978313187e-07,1.0726943489156593,True
194859,89448520,0.00010518277157903459,5.7176359424537689e-05,0.0001585063989408685,3,"(0,0,-1)",clean_cardinal,2.2931390376400296e-08,0.11465695188200149,True
195672,89455469,0.0001037827715790346,5.7376359424537687e-05,0.0001585063989408685,3,"(0,0,-1)",clean_cardinal,1.3681615919458395e-06,6.8408079597291982,True
195673,89455470,0.0001039827715790346,5.7376359424537687e-05,0.0001585063989408685,3,"(0,0,-1)",clean_cardinal,1.2204033401181406e-06,6.1020167005907036,True
195674,89455471,0.0001037827715790346,5.7576359424537685e-05,0.0001585063989408685,3,"(0,0,-1)",clean_cardinal,1.4660469095270587e-06,7.3302345476352935,True
195675,89455472,0.0001039827715790346,5.7576359424537685e-05,0.0001585063989408685,3,"(0,0,-1)",clean_cardinal,1.2676293990489477e-06,6.3381469952447382,True
195680,89455477,0.00010418277157903459,5.7376359424537687e-05,0.0001585063989408685,3,"(0,0,-1)",clean_cardinal,1.0382974350079206e-06,5.1914871750396028,True
195681,89455478,0.0001043827715790346,5.7376359424537687e-05,0.0001585063989408685,3,"(0,0,-1)",clean_cardinal,8.4668995560117408e-07,4.2334497780058706,True
195682,89455479,0.00010418277157903459,5.7576359424537685e-05,0.0001585063989408685,3,"(0,0,-1)",clean_cardinal,1.0676854503307381e-06,5.338427251653691,True
195683,89455480,0.0001043827715790346,5.7576359424537685e-05,0.0001585063989408685,3,"(0,0,-1)",clean_cardinal,8.6774150161251521e-07,4.3387075080625763,True
195688,89455485,0.0001037827715790346,5.777635942453769e-05,0.0001585063989408685,3,"(0,0,-1)",clean_cardinal,1.3236457244204197e-06,6.6182286221020989,True
195689,89455486,0.0001039827715790346,5.777635942453769e-05,0.0001585063989408685,3,"(0,0,-1)",clean_cardinal,1.1971376054097099e-06,5.9856880270485497,True
195690,89455487,0.0001037827715790346,5.7976359424537688e-05,0.0001585063989408685,3,"(0,0,-1)",clean_cardinal,1.141922705502257e-06,5.7096135275112854,True
195691,89455488,0.0001039827715790346,5.7976359424537688e-05,0.0001585063989408685,3,"(0,0,-1)",clean_cardinal,1.0545587524411478e-06,5.2727937622057395,True
195696,89455493,0.00010418277157903459,5.777635942453769e-05,0.0001585063989408685,3,"(0,0,-1)",clean_cardinal,1.0223668872084298e-06,5.111834436042149,True
195697,89455494,0.0001043827715790346,5.777635942453769e-05,0.0001585063989408685,3,"(0,0,-1)",clean_cardinal,8.3478507953346147e-07,4.1739253976673076,True
195698,89455495,0.00010418277157903459,5.7976359424537688e-05,0.0001585063989408685,3,"(0,0,-1)",clean_cardinal,9.1673361324742246e-07,4.5836680662371121,True
195699,89455496,0.0001043827715790346,5.7976359424537688e-05,0.0001585063989408685,3,"(0,0,-1)",clean_cardinal,7.5249841678370397e-07,3.7624920839185201,True
195736,89455533,0.00010458277157903459,5.7376359424537687e-05,0.0001585063989408685,3,"(0,0,-1)",clean_cardinal,6.5074819269513313e-07,3.253740963475666,True
195737,89455534,0.00010478277157903459,5.7376359424537687e-05,0.0001585063989408685,3,"(0,0,-1)",clean_cardinal,4.5419841718274112e-07,2.2709920859137056,True
195738,89455535,0.00010458277157903459,5.7576359424537685e-05,0.0001585063989408685,3,"(0,0,-1)",clean_cardinal,6.6779755289431941e-07,3.3389877644715971,True
195739,89455536,0.00010478277157903459,5.7576359424537685e-05,0.0001585063989408685,3,"(0,0,-1)",clean_cardinal,4.678536041760964e-07,2.3392680208804819,True
195744,89455541,0.0001049827715790346,5.7376359424537687e-05,0.0001585063989408685,3,"(0,0,-1)",clean_cardinal,2.5764864167034783e-07,1.2882432083517392,True
195745,89455542,0.00010518277157903459,5.7376359424537687e-05,0.0001585063989408685,3,"(0,0,-1)",clean_cardinal,5.8557107058804697e-08,0.29278553529402351,True
195746,89455543,0.0001049827715790346,5.7576359424537685e-05,0.0001585063989408685,3,"(0,0,-1)",clean_cardinal,2.6790965545788705e-07,1.3395482772894354,True
195747,89455544,0.00010518277157903459,5.7576359424537685e-05,0.0001585063989408685,3,"(0,0,-1)",clean_cardinal,6.7965706739677709e-08,0.33982853369838856,True
195752,89455549,0.00010458277157903459,5.777635942453769e-05,0.0001585063989408685,3,"(0,0,-1)",clean_cardinal,6.4147784319781576e-07,3.2073892159890791,True
195753,89455550,0.00010478277157903459,5.777635942453769e-05,0.0001585063989408685,3,"(0,0,-1)",clean_cardinal,4.4691654586248409e-07,2.2345827293124207,True
195754,89455551,0.00010458277157903459,5.7976359424537688e-05,0.0001585063989408685,3,"(0,0,-1)",clean_cardinal,5.752340877271223e-07,2.8761704386356115,True
195755,89455552,0.00010478277157903459,5.7976359424537688e-05,0.0001585063989408685,3,"(0,0,-1)",clean_cardinal,3.9103968403600605e-07,1.9551984201800303,True
195760,89455557,0.0001049827715790346,5.777635942453769e-05,0.0001585063989408685,3,"(0,0,-1)",clean_cardinal,2.5045269732130873e-07,1.2522634866065436,True
195761,89455558,0.00010518277157903459,5.777635942453769e-05,0.0001585063989408685,3,"(0,0,-1)",clean_cardinal,5.2104477673549434e-08,0.26052238836774716,True
195762,89455559,0.0001049827715790346,5.7976359424537688e-05,0.0001585063989408685,3,"(0,0,-1)",clean_cardinal,2.0242392901970672e-07,1.0121196450985337,True
195763,89455560,0.00010518277157903459,5.7976359424537688e-05,0.0001585063989408685,3,"(0,0,-1)",clean_cardinal,1.1470074203876412e-08,0.057350371019382063,True
195800,89455597,0.0001037827715790346,5.8176359424537686e-05,0.0001585063989408685,3,"(0,0,-1)",clean_cardinal,9.4605294459235017e-07,4.7302647229617509,True
195801,89455598,0.0001039827715790346,5.8176359424537686e-05,0.0001585063989408685,3,"(0,0,-1)",clean_cardinal,8.7648909604002097e-07,4.3824454802001052,True
195802,89455599,0.0001037827715790346,5.8376359424537684e-05,0.0001585063989408685,3,"(0,0,-1)",clean_cardinal,7.4936582574177088e-07,3.7468291287088547,True
195803,89455600,0.0001039827715790346,5.8376359424537684e-05,0.0001585063989408685,3,"(0,0,-1)",clean_cardinal,6.9619886358016951e-07,3.4809943179008478,True
195808,89455605,0.00010418277157903459,5.8176359424537686e-05,0.0001585063989408685,3,"(0,0,-1)",clean_cardinal,7.7387962530426536e-07,3.8693981265213271,True
195809,89455606,0.0001043827715790346,5.8176359424537686e-05,0.0001585063989408685,3,"(0,0,-1)",clean_cardinal,6.3489643723856762e-07,3.1744821861928383,True
195810,89455607,0.00010418277157903459,5.8376359424537684e-05,0.0001585063989408685,3,"(0,0,-1)",clean_cardinal,6.0962270011947932e-07,3.0481135005973967,True
195811,89455608,0.0001043827715790346,5.8376359424537684e-05,0.0001585063989408685,3,"(0,0,-1)",clean_cardinal,4.9186458661713949e-07,2.4593229330856974,True
195816,89455613,0.0001037827715790346,5.8576359424537689e-05,0.0001585063989408685,3,"(0,0,-1)",clean_cardinal,5.5002760081298041e-07,2.7501380040649024,True
195817,89455614,0.0001039827715790346,5.8576359424537689e-05,0.0001585063989408685,3,"(0,0,-1)",clean_cardinal,5.0977164925939266e-07,2.5488582462969633,True
195818,89455615,0.0001037827715790346,5.8776359424537687e-05,0.0001585063989408685,3,"(0,0,-1)",clean_cardinal,3.5068937588419777e-07,1.753446879420989,True
195819,89455616,0.0001039827715790346,5.8776359424537687e-05,0.0001585063989408685,3,"(0,0,-1)",clean_cardinal,3.1816408344454473e-07,1.5908204172227236,True
195824,89455621,0.00010418277157903459,5.8576359424537689e-05,0.0001585063989408685,3,"(0,0,-1)",clean_cardinal,4.2933246765962203e-07,2.1466623382981105,True
195825,89455622,0.0001043827715790346,5.8576359424537689e-05,0.0001585063989408685,3,"(0,0,-1)",clean_cardinal,3.3354716684943122e-07,1.6677358342471562,True
195826,89455623,0.00010418277157903459,5.8776359424537687e-05,0.0001585063989408685,3,"(0,0,-1)",clean_cardinal,2.4904223519977666e-07,1.2452111759988833,True
195827,89455624,0.0001043827715790346,5.8776359424537687e-05,0.0001585063989408685,3,"(0,0,-1)",clean_cardinal,1.6246607173908041e-07,0.81233035869540204,True
195856,89455661,0.00010458277157903459,5.8176359424537686e-05,0.0001585063989408685,3,"(0,0,-1)",clean_cardinal,4.7741529626515856e-07,2.387076481325793,True
195857,89455662,0.00010478277157903459,5.8176359424537686e-05,0.0001585063989408685,3,"(0,0,-1)",clean_cardinal,3.0697511595207459e-07,1.534875579760373,True
195858,89455663,0.00010458277157903459,5.8376359424537684e-05,0.0001585063989408685,3,"(0,0,-1)",clean_cardinal,3.5216165969124261e-07,1.760808298456213,True
195859,89455664,0.00010478277157903459,5.8376359424537684e-05,0.0001585063989408685,3,"(0,0,-1)",clean_cardinal,1.9719256986997238e-07,0.985962849349862,True
195863,89455669,0.0001049827715790346,5.8176359424537686e-05,0.0001585063989408685,9,"(0,1,-1)",diagonal,1.2810128824581182e-07,0.64050644122905909,True
195864,89455670,0.00010518277157903459,5.8176359424537686e-05,0.0001585063989408685,7,"(0,-1,-1)",diagonal,5.2707070283374461e-08,0.26353535141687234,False
195865,89455671,0.0001049827715790346,5.8376359424537684e-05,0.0001585063989408685,3,"(0,0,-1)",clean_cardinal,3.1891995433525611e-08,0.15945997716762805,True
195870,89455677,0.00010458277157903459,5.8576359424537689e-05,0.0001585063989408685,3,"(0,0,-1)",clean_cardinal,2.0984954793002239e-07,1.0492477396501121,True
195871,89455678,0.00010478277157903459,5.8576359424537689e-05,0.0001585063989408685,9,"(0,1,-1)",diagonal,6.9426882143908237e-08,0.34713441071954121,True
195872,89455679,0.00010458277157903459,5.8776359424537687e-05,0.0001585063989408685,9,"(0,1,-1)",diagonal,5.5317427659714958e-08,0.27658713829857479,True
195873,89455680,0.00010478277157903459,5.8776359424537687e-05,0.0001585063989408685,7,"(0,-1,-1)",diagonal,7.2165490757103514e-08,0.36082745378551756,False
195875,89455685,0.0001049827715790346,5.8576359424537689e-05,0.0001585063989408685,7,"(0,-1,-1)",diagonal,8.3211422292334071e-08,0.41605711146167035,False
195923,89456493,0.0001037827715790346,5.8976359424537685e-05,0.0001585063989408685,3,"(0,0,-1)",clean_cardinal,1.5135115095541516e-07,0.7567557547770758,True
195924,89456494,0.0001039827715790346,5.8976359424537685e-05,0.0001585063989408685,3,"(0,0,-1)",clean_cardinal,1.228618532503413e-07,0.61430926625170656,True
195925,89456495,0.0001037827715790346,5.917635942453769e-05,0.0001585063989408685,3,"(0,0,-1)",clean_cardinal,4.7987073973375288e-08,0.23993536986687644,False
195926,89456496,0.0001039827715790346,5.917635942453769e-05,0.0001585063989408685,3,"(0,0,-1)",clean_cardinal,7.3685641427076166e-08,0.36842820713538083,False
195929,89456501,0.00010418277157903459,5.8976359424537685e-05,0.0001585063989408685,9,"(0,1,-1)",diagonal,6.8752002739925446e-08,0.34376001369962722,True
195930,89456502,0.0001043827715790346,5.8976359424537685e-05,0.0001585063989408685,3,"(0,0,-1)",clean_cardinal,1.7824160720770824e-08,0.089120803603854118,False
195934,89456557,0.00010458277157903459,5.8976359424537685e-05,0.0001585063989408685,7,"(0,-1,-1)",diagonal,1.0923467955255998e-07,0.54617339776279994,False
195935,89560651,0.0001037827715790346,5.5976359424537686e-05,0.00015870639894086848,3,"(0,0,-1)",clean_cardinal,3.1665747457671365e-09,0.015832873728835684,False
195936,89560652,0.0001039827715790346,5.5976359424537686e-05,0.00015870639894086848,3,"(0,0,-1)",clean_cardinal,2.9815165878361859e-08,0.1490758293918093,False
195937,89560659,0.00010418277157903459,5.5976359424537686e-05,0.00015870639894086848,9,"(0,1,-1)",diagonal,8.0627404678466146e-08,0.40313702339233076,False
195938,89560673,0.00010418277157903459,5.6176359424537685e-05,0.00015870639894086848,7,"(0,-1,-1)",diagonal,1.0809205062559868e-07,0.5404602531279934,True
195939,89560674,0.0001043827715790346,5.6176359424537685e-05,0.00015870639894086848,3,"(0,0,-1)",clean_cardinal,2.8031123159376976e-08,0.14015561579688487,True
195940,89560729,0.00010458277157903459,5.6176359424537685e-05,0.00015870639894086848,9,"(0,1,-1)",diagonal,7.2841590565544251e-08,0.36420795282772128,False
195941,89560731,0.00010458277157903459,5.6376359424537689e-05,0.00015870639894086848,3,"(0,0,-1)",clean_cardinal,8.8966338011744005e-08,0.44483169005872003,True
195942,89560732,0.00010478277157903459,5.6376359424537689e-05,0.00015870639894086848,3,"(0,0,-1)",clean_cardinal,4.1002399347902369e-08,0.20501199673951184,False
195943,89560842,0.00010478277157903459,5.6576359424537688e-05,0.00015870639894086848,12,"(1,0,-1)",diagonal,9.8384194000017104e-08,0.49192097000008556,True
195944,89560849,0.0001049827715790346,5.6576359424537688e-05,0.00015870639894086848,9,"(0,1,-1)",diagonal,5.5995414702407808e-08,0.27997707351203904,False
195945,89560851,0.0001049827715790346,5.6776359424537686e-05,0.00015870639894086848,17,"(1,-1,0)",diagonal,5.515360695965184e-08,0.27576803479825923,True
195946,89560852,0.00010518277157903459,5.6776359424537686e-05,0.00015870639894086848,11,"(-1,0,-1)",diagonal,1.2033871660752023e-07,0.60169358303760112,False
195947,89560866,0.00010518277157903459,5.697635942453769e-05,0.00015870639894086848,7,"(0,-1,-1)",diagonal,3.8256325338239688e-08,0.19128162669119844,False
195948,89560868,0.00010518277157903459,5.7176359424537689e-05,0.00015870639894086848,3,"(0,0,-1)",clean_cardinal,2.2931390376400296e-08,0.11465695188200149,True
195949,89567890,0.00010518277157903459,5.7376359424537687e-05,0.00015870639894086848,3,"(0,0,-1)",clean_cardinal,5.8557107058804697e-08,0.29278553529402351,True
195950,89567892,0.00010518277157903459,5.7576359424537685e-05,0.00015870639894086848,3,"(0,0,-1)",clean_cardinal,6.7965706739677709e-08,0.33982853369838856,True
195951,89567906,0.00010518277157903459,5.777635942453769e-05,0.00015870639894086848,3,"(0,0,-1)",clean_cardinal,5.2104477673549434e-08,0.26052238836774716,True
195952,89567908,0.00010518277157903459,5.7976359424537688e-05,0.00015870639894086848,9,"(0,1,-1)",diagonal,1.1470074203876412e-08,0.057350371019382063,True
195953,89568017,0.0001049827715790346,5.8176359424537686e-05,0.00015870639894086848,12,"(1,0,-1)",diagonal,1.2810128824581182e-07,0.64050644122905909,True
195954,89568018,0.00010518277157903459,5.8176359424537686e-05,0.00015870639894086848,11,"(-1,0,-1)",diagonal,5.2707070283374461e-08,0.26353535141687234,False
195955,89568019,0.0001049827715790346,5.8376359424537684e-05,0.00015870639894086848,3,"(0,0,-1)",clean_cardinal,3.1891995433525611e-08,0.15945997716762805,True
195956,89568026,0.00010478277157903459,5.8576359424537689e-05,0.00015870639894086848,18,"(1,1,0)",diagonal,6.9426882143908237e-08,0.34713441071954121,True
195957,89568027,0.00010458277157903459,5.8776359424537687e-05,0.00015870639894086848,12,"(1,0,-1)",diagonal,5.5317427659714958e-08,0.27658713829857479,True
195958,89568028,0.00010478277157903459,5.8776359424537687e-05,0.00015870639894086848,15,"(-1,-1,0)",diagonal,7.2165490757103514e-08,0.36082745378551756,False
195959,89568033,0.0001049827715790346,5.8576359424537689e-05,0.00015870639894086848,11,"(-1,0,-1)",diagonal,8.3211422292334071e-08,0.41605711146167035,False
195960,89568843,0.0001037827715790346,5.917635942453769e-05,0.00015870639894086848,3,"(0,0,-1)",clean_cardinal,4.7987073973375288e-08,0.23993536986687644,False
195961,89568844,0.0001039827715790346,5.917635942453769e-05,0.00015870639894086848,7,"(0,-1,-1)",diagonal,7.3685641427076166e-08,0.36842820713538083,False
195962,89568849,0.00010418277157903459,5.8976359424537685e-05,0.00015870639894086848,9,"(0,1,-1)",diagonal,6.8752002739925446e-08,0.34376001369962722,True
195963,89568850,0.0001043827715790346,5.8976359424537685e-05,0.00015870639894086848,3,"(0,0,-1)",clean_cardinal,1.7824160720770824e-08,0.089120803603854118,False
195964,89568905,0.00010458277157903459,5.8976359424537685e-05,0.00015870639894086848,7,"(0,-1,-1)",diagonal,1.0923467955255998e-07,0.54617339776279994,False
