particle_local_index,global_triangle_index
52269,1189
52593,618
52593,919
53322,1016
53171,780
52264,1194
48867,1274
53330,1158
52603,801
52284,970
56769,119
53506,657
48478,1229
53016,575
61623,267
48697,930
47767,464
52290,499
53318,64
61420,266
61857,891
53517,52
53324,1039
52755,327
52596,705
48681,905
57069,170
56911,755
52445,1210
61258,1078
57659,1036
48476,926
60897,106
57639,1139
48136,372
57484,1158
57068,88
57640,240
61854,127
62031,1025
61079,669
56766,683
61662,1104
52451,806
56763,1091
56594,8
61857,190
52748,438
52740,524
56763,257
52748,39
57054,20
