classification,location_evidence,cell_index,tree_id,direction_index_zero_based,direction,q_seeder,q_oracle,triangle_aabb_candidate_count,port_boundary_labels,x_m,y_m,z_m
SEEDER_ONLY_INTERSECTION,BOUNDARY_CAP_CELL,21276,166006792,1,0 -1 0,1.0,,0,outlet_02,8.10827715790346e-05,7.861482096299923e-05,0.00011274486047933003
SEEDER_ONLY_INTERSECTION,BOUNDARY_CAP_CELL,21276,166006792,7,0 -1 1,1.0,,1,outlet_02,8.10827715790346e-05,7.861482096299923e-05,0.00011274486047933003
SEEDER_ONLY_INTERSECTION,BOUNDARY_CAP_CELL,21280,166060600,2,0 0 -1,1.0,,0,outlet_02,8.046738696364998e-05,8.076866711684538e-05,0.00011274486047933003
SEEDER_ONLY_INTERSECTION,BOUNDARY_CAP_CELL,21280,166060600,12,-1 0 1,1.0,,1,outlet_02,8.046738696364998e-05,8.076866711684538e-05,0.00011274486047933003
SEEDER_ONLY_INTERSECTION,BOUNDARY_CAP_CELL,21281,166062751,1,0 -1 0,1.0,,0,outlet_02,8.123661773288075e-05,7.923020557838384e-05,0.0001118217835562531
SEEDER_ONLY_INTERSECTION,BOUNDARY_CAP_CELL,21281,166062751,2,0 0 -1,1.0,,0,outlet_02,8.123661773288075e-05,7.923020557838384e-05,0.0001118217835562531
SEEDER_ONLY_INTERSECTION,BOUNDARY_CAP_CELL,21281,166062751,8,0 1 -1,1.0,,0,outlet_02,8.123661773288075e-05,7.923020557838384e-05,0.0001118217835562531
SEEDER_ONLY_INTERSECTION,BOUNDARY_CAP_CELL,21281,166062751,11,1 0 -1,1.0,,3,outlet_02,8.123661773288075e-05,7.923020557838384e-05,0.0001118217835562531
SEEDER_ONLY_INTERSECTION,BOUNDARY_CAP_CELL,21282,166062752,14,-1 -1 0,1.0,,3,outlet_02,8.13904638867269e-05,7.923020557838384e-05,0.0001118217835562531
SEEDER_ONLY_INTERSECTION,BOUNDARY_CAP_CELL,21283,166062763,3,1 0 0,1.0,,0,outlet_02,8.123661773288075e-05,7.892251327069153e-05,0.00011197562971009926
SEEDER_ONLY_INTERSECTION,BOUNDARY_CAP_CELL,21283,166062763,8,0 1 -1,1.0,,0,outlet_02,8.123661773288075e-05,7.892251327069153e-05,0.00011197562971009926
SEEDER_ONLY_INTERSECTION,BOUNDARY_CAP_CELL,21284,166062765,3,1 0 0,1.0,,0,outlet_02,8.123661773288075e-05,7.876866711684538e-05,0.00011212947586394541
SEEDER_ONLY_INTERSECTION,BOUNDARY_CAP_CELL,21284,166062765,7,0 -1 1,1.0,,0,outlet_02,8.123661773288075e-05,7.876866711684538e-05,0.00011212947586394541
SEEDER_ONLY_INTERSECTION,BOUNDARY_CAP_CELL,21287,166062777,2,0 0 -1,1.0,,0,outlet_02,8.123661773288075e-05,7.907635942453769e-05,0.00011197562971009926
SEEDER_ONLY_INTERSECTION,BOUNDARY_CAP_CELL,21288,166062778,10,-1 0 -1,1.0,,2,outlet_02,8.13904638867269e-05,7.907635942453769e-05,0.00011197562971009926
SEEDER_ONLY_INTERSECTION,BOUNDARY_CAP_CELL,21298,166062859,1,0 -1 0,1.0,,2,outlet_02,8.123661773288075e-05,7.953789788607615e-05,0.00011166793740240695
SEEDER_ONLY_INTERSECTION,BOUNDARY_CAP_CELL,21339,166062985,1,0 -1 0,1.0,,0,outlet_02,8.123661773288075e-05,7.876866711684538e-05,0.00011228332201779156
SEEDER_ONLY_INTERSECTION,BOUNDARY_CAP_CELL,21647,166063698,15,-1 1 0,1.0,,2,outlet_02,8.10827715790346e-05,7.999943634761461e-05,0.00011166793740240695
SEEDER_ONLY_INTERSECTION,BOUNDARY_CAP_CELL,21648,166063704,10,-1 0 -1,1.0,,2,outlet_02,8.10827715790346e-05,8.015328250146077e-05,0.0001118217835562531
SEEDER_ONLY_INTERSECTION,BOUNDARY_CAP_CELL,21649,166063717,2,0 0 -1,1.0,,0,outlet_02,8.092892542518843e-05,8.030712865530692e-05,0.0001118217835562531
SEEDER_ONLY_INTERSECTION,BOUNDARY_CAP_CELL,21649,166063717,6,0 -1 -1,1.0,,0,outlet_02,8.092892542518843e-05,8.030712865530692e-05,0.0001118217835562531
SEEDER_ONLY_INTERSECTION,BOUNDARY_CAP_CELL,21654,166063740,4,0 1 0,1.0,,0,outlet_02,8.077507927134228e-05,8.046097480915307e-05,0.00011197562971009926
SEEDER_ONLY_INTERSECTION,BOUNDARY_CAP_CELL,21654,166063740,11,1 0 -1,1.0,,2,outlet_02,8.077507927134228e-05,8.046097480915307e-05,0.00011197562971009926
SEEDER_ONLY_INTERSECTION,BOUNDARY_CAP_CELL,21696,166063854,0,-1 0 0,1.0,,1,outlet_02,8.077507927134228e-05,8.061482096299923e-05,0.00011212947586394541
SEEDER_ONLY_INTERSECTION,BOUNDARY_CAP_CELL,21800,166064079,0,-1 0 0,1.0,,1,outlet_02,8.062123311749613e-05,8.076866711684538e-05,0.00011243716817163772
SEEDER_ONLY_INTERSECTION,BOUNDARY_CAP_CELL,21800,166064079,12,-1 0 1,1.0,,1,outlet_02,8.062123311749613e-05,8.076866711684538e-05,0.00011243716817163772
SEEDER_ONLY_INTERSECTION,BOUNDARY_CAP_CELL,21810,166064107,0,-1 0 0,1.0,,0,outlet_02,8.062123311749613e-05,8.076866711684538e-05,0.00011259101432548388
SEEDER_ONLY_INTERSECTION,BOUNDARY_CAP_CELL,21810,166064107,10,-1 0 -1,1.0,,1,outlet_02,8.062123311749613e-05,8.076866711684538e-05,0.00011259101432548388
SEEDER_ONLY_INTERSECTION,BOUNDARY_CAP_CELL,21813,166064111,10,-1 0 -1,1.0,,0,outlet_02,8.062123311749613e-05,8.076866711684538e-05,0.00011274486047933003
SEEDER_ONLY_INTERSECTION,BOUNDARY_CAP_CELL,22205,166119140,1,0 -1 0,1.0,,1,outlet_02,8.10827715790346e-05,7.861482096299923e-05,0.00011289870663317618
SEEDER_ONLY_INTERSECTION,BOUNDARY_CAP_CELL,22205,166119140,6,0 -1 -1,1.0,,1,outlet_02,8.10827715790346e-05,7.861482096299923e-05,0.00011289870663317618
SEEDER_ONLY_INTERSECTION,BOUNDARY_CAP_CELL,22208,166119171,5,0 0 1,1.0,,2,outlet_02,8.092892542518843e-05,7.861482096299923e-05,0.00011320639894086849
SEEDER_ONLY_INTERSECTION,BOUNDARY_CAP_CELL,22208,166119171,12,-1 0 1,1.0,,2,outlet_02,8.092892542518843e-05,7.861482096299923e-05,0.00011320639894086849
SEEDER_ONLY_INTERSECTION,BOUNDARY_CAP_CELL,22211,166172210,1,0 -1 0,1.0,,0,outlet_02,8.046738696364998e-05,7.938405173222999e-05,0.0001138217835562531
SEEDER_ONLY_INTERSECTION,BOUNDARY_CAP_CELL,22212,166172212,15,-1 1 0,1.0,,0,outlet_02,8.046738696364998e-05,7.953789788607615e-05,0.0001138217835562531
SEEDER_ONLY_INTERSECTION,BOUNDARY_CAP_CELL,22213,166172226,0,-1 0 0,1.0,,0,outlet_02,8.046738696364998e-05,7.96917440399223e-05,0.0001138217835562531
SEEDER_ONLY_INTERSECTION,BOUNDARY_CAP_CELL,22214,166172228,14,-1 -1 0,1.0,,1,outlet_02,8.046738696364998e-05,7.984559019376846e-05,0.0001138217835562531
SEEDER_ONLY_INTERSECTION,BOUNDARY_CAP_CELL,22215,166172872,0,-1 0 0,1.0,,1,outlet_02,8.046738696364998e-05,8.046097480915307e-05,0.00011336024509471464
SEEDER_ONLY_INTERSECTION,BOUNDARY_CAP_CELL,22217,166172950,0,-1 0 0,1.0,,0,outlet_02,8.046738696364998e-05,8.061482096299923e-05,0.00011305255278702233
SEEDER_ONLY_INTERSECTION,BOUNDARY_CAP_CELL,22217,166172950,12,-1 0 1,1.0,,0,outlet_02,8.046738696364998e-05,8.061482096299923e-05,0.00011305255278702233
SEEDER_ONLY_INTERSECTION,BOUNDARY_CAP_CELL,22218,166172978,0,-1 0 0,1.0,,0,outlet_02,8.046738696364998e-05,8.061482096299923e-05,0.00011320639894086849
SEEDER_ONLY_INTERSECTION,BOUNDARY_CAP_CELL,22218,166172978,10,-1 0 -1,1.0,,0,outlet_02,8.046738696364998e-05,8.061482096299923e-05,0.00011320639894086849
SEEDER_ONLY_INTERSECTION,BOUNDARY_CAP_CELL,22219,166172982,10,-1 0 -1,1.0,,3,outlet_02,8.046738696364998e-05,8.061482096299923e-05,0.00011336024509471464
SEEDER_ONLY_INTERSECTION,BOUNDARY_CAP_CELL,22219,166172982,14,-1 -1 0,1.0,,3,outlet_02,8.046738696364998e-05,8.061482096299923e-05,0.00011336024509471464
SEEDER_ONLY_INTERSECTION,BOUNDARY_CAP_CELL,22220,166173080,0,-1 0 0,1.0,,2,outlet_02,8.046738696364998e-05,8.015328250146077e-05,0.00011366793740240695
SEEDER_ONLY_INTERSECTION,BOUNDARY_CAP_CELL,22220,166173080,14,-1 -1 0,1.0,,2,outlet_02,8.046738696364998e-05,8.015328250146077e-05,0.00011366793740240695
SEEDER_ONLY_INTERSECTION,BOUNDARY_CAP_CELL,22221,166173090,0,-1 0 0,1.0,,0,outlet_02,8.046738696364998e-05,8.030712865530692e-05,0.00011351409124856079
SEEDER_ONLY_INTERSECTION,BOUNDARY_CAP_CELL,22222,166173092,10,-1 0 -1,1.0,,2,outlet_02,8.046738696364998e-05,8.046097480915307e-05,0.00011351409124856079
SEEDER_ONLY_INTERSECTION,BOUNDARY_CAP_CELL,22222,166173092,14,-1 -1 0,1.0,,3,outlet_02,8.046738696364998e-05,8.046097480915307e-05,0.00011351409124856079
SEEDER_ONLY_INTERSECTION,BOUNDARY_CAP_CELL,22223,166173094,10,-1 0 -1,1.0,,4,outlet_02,8.046738696364998e-05,8.030712865530692e-05,0.00011366793740240695
SEEDER_ONLY_INTERSECTION,BOUNDARY_CAP_CELL,22223,166173094,14,-1 -1 0,1.0,,4,outlet_02,8.046738696364998e-05,8.030712865530692e-05,0.00011366793740240695
SEEDER_ONLY_INTERSECTION,BOUNDARY_CAP_CELL,22224,166173106,10,-1 0 -1,1.0,,3,outlet_02,8.046738696364998e-05,7.999943634761461e-05,0.0001138217835562531
SEEDER_ONLY_INTERSECTION,BOUNDARY_CAP_CELL,22230,166175342,1,0 -1 0,1.0,,0,outlet_02,8.077507927134228e-05,7.876866711684538e-05,0.00011336024509471464
SEEDER_ONLY_INTERSECTION,BOUNDARY_CAP_CELL,22230,166175342,5,0 0 1,1.0,,2,outlet_02,8.077507927134228e-05,7.876866711684538e-05,0.00011336024509471464
SEEDER_ONLY_INTERSECTION,BOUNDARY_CAP_CELL,22233,166175349,14,-1 -1 0,1.0,,2,outlet_02,8.092892542518843e-05,7.876866711684538e-05,0.00011336024509471464
SEEDER_ONLY_INTERSECTION,BOUNDARY_CAP_CELL,22408,166175564,1,0 -1 0,1.0,,2,outlet_02,8.077507927134228e-05,7.892251327069153e-05,0.00011351409124856079
SEEDER_ONLY_INTERSECTION,BOUNDARY_CAP_CELL,22408,166175564,12,-1 0 1,1.0,,2,outlet_02,8.077507927134228e-05,7.892251327069153e-05,0.00011351409124856079
SEEDER_ONLY_INTERSECTION,BOUNDARY_CAP_CELL,22413,166175581,1,0 -1 0,1.0,,0,outlet_02,8.062123311749613e-05,7.907635942453769e-05,0.00011366793740240695
SEEDER_ONLY_INTERSECTION,BOUNDARY_CAP_CELL,22414,166175582,14,-1 -1 0,1.0,,2,outlet_02,8.077507927134228e-05,7.907635942453769e-05,0.00011366793740240695
SEEDER_ONLY_INTERSECTION,BOUNDARY_CAP_CELL,347913,505108423,4,0 1 0,1.0,,0,outlet_01,0.00011354431004057306,0.0001543071286553069,0.00016566793740240693
SEEDER_ONLY_INTERSECTION,BOUNDARY_CAP_CELL,347913,505108423,12,-1 0 1,1.0,,3,outlet_01,0.00011354431004057306,0.0001543071286553069,0.00016566793740240693
SEEDER_ONLY_INTERSECTION,BOUNDARY_CAP_CELL,347914,505108530,0,-1 0 0,1.0,,1,outlet_01,0.00011369815619441921,0.00015446097480915308,0.0001655140912485608
SEEDER_ONLY_INTERSECTION,BOUNDARY_CAP_CELL,347914,505108530,12,-1 0 1,1.0,,1,outlet_01,0.00011369815619441921,0.00015446097480915308,0.0001655140912485608
SEEDER_ONLY_INTERSECTION,BOUNDARY_CAP_CELL,348082,505108938,9,0 1 1,1.0,,2,outlet_01,0.00011400584850211151,0.00015446097480915308,0.0001652063989408685
SEEDER_ONLY_INTERSECTION,BOUNDARY_CAP_CELL,348083,505108941,17,1 1 0,1.0,,2,outlet_01,0.00011385200234826536,0.00015446097480915308,0.00016536024509471463
SEEDER_ONLY_INTERSECTION,BOUNDARY_CAP_CELL,348084,505108942,4,0 1 0,1.0,,0,outlet_01,0.00011400584850211151,0.00015446097480915308,0.00016536024509471463
SEEDER_ONLY_INTERSECTION,BOUNDARY_CAP_CELL,348084,505108942,15,-1 1 0,1.0,,2,outlet_01,0.00011400584850211151,0.00015446097480915308,0.00016536024509471463
SEEDER_ONLY_INTERSECTION,BOUNDARY_CAP_CELL,348086,505108946,17,1 1 0,1.0,,5,outlet_01,0.00011431354080980381,0.00015446097480915308,0.0001652063989408685
SEEDER_ONLY_INTERSECTION,BOUNDARY_CAP_CELL,348087,505109001,4,0 1 0,1.0,,3,outlet_01,0.00011446738696364998,0.00015446097480915308,0.0001652063989408685
SEEDER_ONLY_INTERSECTION,BOUNDARY_CAP_CELL,348088,505109002,15,-1 1 0,1.0,,6,outlet_01,0.00011462123311749613,0.00015446097480915308,0.0001652063989408685
SEEDER_ONLY_INTERSECTION,BOUNDARY_CAP_CELL,348090,505109010,9,0 1 1,1.0,,2,outlet_01,0.00011492892542518845,0.00015446097480915308,0.0001652063989408685
SEEDER_ONLY_INTERSECTION,BOUNDARY_CAP_CELL,348091,505109014,4,0 1 0,1.0,,0,outlet_01,0.00011492892542518845,0.00015446097480915308,0.00016536024509471463
SEEDER_ONLY_INTERSECTION,BOUNDARY_CAP_CELL,348091,505109014,17,1 1 0,1.0,,2,outlet_01,0.00011492892542518845,0.00015446097480915308,0.00016536024509471463
SEEDER_ONLY_INTERSECTION,BOUNDARY_CAP_CELL,348188,505109536,1,0 -1 0,1.0,,2,outlet_01,0.00011339046388672691,0.0001536917440399223,0.0001665910143254839
SEEDER_ONLY_INTERSECTION,BOUNDARY_CAP_CELL,348188,505109536,7,0 -1 1,1.0,,2,outlet_01,0.00011339046388672691,0.0001536917440399223,0.0001665910143254839
SEEDER_ONLY_INTERSECTION,BOUNDARY_CAP_CELL,348194,505109569,5,0 0 1,1.0,,0,outlet_01,0.00011354431004057306,0.00015353789788607615,0.00016674486047933002
SEEDER_ONLY_INTERSECTION,BOUNDARY_CAP_CELL,348195,505109574,0,-1 0 0,1.0,,0,outlet_01,0.00011369815619441921,0.00015353789788607615,0.0001668987066331762
SEEDER_ONLY_INTERSECTION,BOUNDARY_CAP_CELL,348195,505109574,14,-1 -1 0,1.0,,1,outlet_01,0.00011369815619441921,0.00015353789788607615,0.0001668987066331762
SEEDER_ONLY_INTERSECTION,BOUNDARY_CAP_CELL,348561,505109999,5,0 0 1,1.0,,0,outlet_01,0.00011385200234826536,0.00015338405173223,0.0001668987066331762
SEEDER_ONLY_INTERSECTION,BOUNDARY_CAP_CELL,348609,505110170,4,0 1 0,1.0,,2,outlet_01,0.00011339046388672691,0.00015415328250146078,0.0001658217835562531
SEEDER_ONLY_INTERSECTION,BOUNDARY_CAP_CELL,348610,505110174,0,-1 0 0,1.0,,0,outlet_01,0.00011339046388672691,0.00015415328250146078,0.00016597562971009926
SEEDER_ONLY_INTERSECTION,BOUNDARY_CAP_CELL,348610,505110174,8,0 1 -1,1.0,,2,outlet_01,0.00011339046388672691,0.00015415328250146078,0.00016597562971009926
SEEDER_ONLY_INTERSECTION,BOUNDARY_CAP_CELL,348612,505110190,12,-1 0 1,1.0,,2,outlet_01,0.00011339046388672691,0.00015384559019376845,0.00016628332201779156
SEEDER_ONLY_INTERSECTION,BOUNDARY_CAP_CELL,348613,505110191,1,0 -1 0,1.0,,0,outlet_01,0.00011323661773288076,0.0001539994363476146,0.00016628332201779156
SEEDER_ONLY_INTERSECTION,BOUNDARY_CAP_CELL,348613,505110191,2,0 0 -1,1.0,,0,outlet_01,0.00011323661773288076,0.0001539994363476146,0.00016628332201779156
SEEDER_ONLY_INTERSECTION,BOUNDARY_CAP_CELL,348613,505110191,6,0 -1 -1,1.0,,0,outlet_01,0.00011323661773288076,0.0001539994363476146,0.00016628332201779156
SEEDER_ONLY_INTERSECTION,BOUNDARY_CAP_CELL,348613,505110191,7,0 -1 1,1.0,,0,outlet_01,0.00011323661773288076,0.0001539994363476146,0.00016628332201779156
SEEDER_ONLY_INTERSECTION,BOUNDARY_CAP_CELL,348616,505110410,0,-1 0 0,1.0,,0,outlet_01,0.00011339046388672691,0.00015384559019376845,0.0001664371681716377
SEEDER_ONLY_INTERSECTION,BOUNDARY_CAP_CELL,348616,505110410,10,-1 0 -1,1.0,,2,outlet_01,0.00011339046388672691,0.00015384559019376845,0.0001664371681716377
SEEDER_ONLY_INTERSECTION,BOUNDARY_CAP_CELL,348876,505112416,9,0 1 1,1.0,,2,outlet_01,0.00011523661773288075,0.0001543071286553069,0.00016536024509471463
SEEDER_ONLY_INTERSECTION,BOUNDARY_CAP_CELL,348894,505112444,4,0 1 0,1.0,,0,outlet_01,0.00011523661773288075,0.0001543071286553069,0.0001655140912485608
SEEDER_ONLY_INTERSECTION,BOUNDARY_CAP_CELL,348898,505112451,15,-1 1 0,1.0,,1,outlet_01,0.0001153904638867269,0.0001543071286553069,0.0001655140912485608
SEEDER_ONLY_INTERSECTION,BOUNDARY_CAP_CELL,348900,505112455,3,1 0 0,1.0,,0,outlet_01,0.0001153904638867269,0.0001543071286553069,0.00016566793740240693
SEEDER_ONLY_INTERSECTION,BOUNDARY_CAP_CELL,348900,505112455,8,0 1 -1,1.0,,1,outlet_01,0.0001153904638867269,0.0001543071286553069,0.00016566793740240693
SEEDER_ONLY_INTERSECTION,BOUNDARY_CAP_CELL,348901,505112525,4,0 1 0,1.0,,2,outlet_01,0.0001150827715790346,0.00015446097480915308,0.00016536024509471463
SEEDER_ONLY_INTERSECTION,BOUNDARY_CAP_CELL,348901,505112525,13,1 0 1,1.0,,4,outlet_01,0.0001150827715790346,0.00015446097480915308,0.00016536024509471463
SEEDER_ONLY_INTERSECTION,BOUNDARY_CAP_CELL,348901,505112525,15,-1 1 0,1.0,,2,outlet_01,0.0001150827715790346,0.00015446097480915308,0.00016536024509471463
SEEDER_ONLY_INTERSECTION,BOUNDARY_CAP_CELL,349042,505113572,17,1 1 0,1.0,,1,outlet_01,0.00011554431004057305,0.0001536917440399223,0.0001664371681716377
SEEDER_ONLY_INTERSECTION,BOUNDARY_CAP_CELL,349044,505113576,1,0 -1 0,1.0,,2,outlet_01,0.00011554431004057305,0.0001536917440399223,0.0001665910143254839
SEEDER_ONLY_INTERSECTION,BOUNDARY_CAP_CELL,349044,505113576,7,0 -1 1,1.0,,2,outlet_01,0.00011554431004057305,0.0001536917440399223,0.0001665910143254839
SEEDER_ONLY_INTERSECTION,BOUNDARY_CAP_CELL,349044,505113576,11,1 0 -1,1.0,,1,outlet_01,0.00011554431004057305,0.0001536917440399223,0.0001665910143254839
SEEDER_ONLY_INTERSECTION,BOUNDARY_CAP_CELL,349049,505113583,5,0 0 1,1.0,,0,outlet_01,0.0001150827715790346,0.00015338405173223,0.0001668987066331762
SEEDER_ONLY_INTERSECTION,BOUNDARY_CAP_CELL,349050,505113601,3,1 0 0,1.0,,1,outlet_01,0.0001153904638867269,0.00015353789788607615,0.00016674486047933002
SEEDER_ONLY_INTERSECTION,BOUNDARY_CAP_CELL,349050,505113601,7,0 -1 1,1.0,,3,outlet_01,0.0001153904638867269,0.00015353789788607615,0.00016674486047933002
SEEDER_ONLY_INTERSECTION,BOUNDARY_CAP_CELL,349063,505114210,13,1 0 1,1.0,,3,outlet_01,0.00011554431004057305,0.00015415328250146078,0.0001658217835562531
SEEDER_ONLY_INTERSECTION,BOUNDARY_CAP_CELL,349064,505114212,2,0 0 -1,1.0,,0,outlet_01,0.00011554431004057305,0.0001543071286553069,0.0001658217835562531
SEEDER_ONLY_INTERSECTION,BOUNDARY_CAP_CELL,349064,505114212,16,1 -1 0,1.0,,4,outlet_01,0.00011554431004057305,0.0001543071286553069,0.0001658217835562531
SEEDER_ONLY_INTERSECTION,BOUNDARY_CAP_CELL,349065,505114214,3,1 0 0,1.0,,0,outlet_01,0.00011554431004057305,0.00015415328250146078,0.00016597562971009926
SEEDER_ONLY_INTERSECTION,BOUNDARY_CAP_CELL,349065,505114214,11,1 0 -1,1.0,,3,outlet_01,0.00011554431004057305,0.00015415328250146078,0.00016597562971009926
SEEDER_ONLY_INTERSECTION,BOUNDARY_CAP_CELL,399165,625262833,3,1 0 0,1.0,,1,outlet_03,0.00017815969465595767,0.00013723020557838384,0.0001292063989408685
SEEDER_ONLY_INTERSECTION,BOUNDARY_CAP_CELL,399165,625262833,13,1 0 1,1.0,,1,outlet_03,0.00017815969465595767,0.00013723020557838384,0.0001292063989408685
SEEDER_ONLY_INTERSECTION,BOUNDARY_CAP_CELL,399166,625262837,3,1 0 0,1.0,,0,outlet_03,0.00017815969465595767,0.00013723020557838384,0.00012936024509471465
SEEDER_ONLY_INTERSECTION,BOUNDARY_CAP_CELL,399166,625262837,11,1 0 -1,1.0,,1,outlet_03,0.00017815969465595767,0.00013723020557838384,0.00012936024509471465
SEEDER_ONLY_INTERSECTION,BOUNDARY_CAP_CELL,399203,625263094,1,0 -1 0,1.0,,0,outlet_03,0.00017831354080980383,0.00013723020557838384,0.00012997562971009925
SEEDER_ONLY_INTERSECTION,BOUNDARY_CAP_CELL,399203,625263094,6,0 -1 -1,1.0,,0,outlet_03,0.00017831354080980383,0.00013723020557838384,0.00012997562971009925
SEEDER_ONLY_INTERSECTION,BOUNDARY_CAP_CELL,399355,625277138,6,0 -1 -1,1.0,,0,outlet_03,0.00017831354080980383,0.00013723020557838384,0.0001301294758639454
SEEDER_ONLY_INTERSECTION,BOUNDARY_CAP_CELL,399355,625277138,12,-1 0 1,1.0,,2,outlet_03,0.00017831354080980383,0.00013723020557838384,0.0001301294758639454
SEEDER_ONLY_INTERSECTION,BOUNDARY_CAP_CELL,399357,625277142,0,-1 0 0,1.0,,1,outlet_03,0.00017831354080980383,0.00013723020557838384,0.00013028332201779155
SEEDER_ONLY_INTERSECTION,BOUNDARY_CAP_CELL,399357,625277142,9,0 1 1,1.0,,0,outlet_03,0.00017831354080980383,0.00013723020557838384,0.00013028332201779155
SEEDER_ONLY_INTERSECTION,BOUNDARY_CAP_CELL,399357,625277142,12,-1 0 1,1.0,,1,outlet_03,0.00017831354080980383,0.00013723020557838384,0.00013028332201779155
SEEDER_ONLY_INTERSECTION,BOUNDARY_CAP_CELL,399358,625277143,13,1 0 1,1.0,,2,outlet_03,0.00017815969465595767,0.00013738405173223,0.00013028332201779155
SEEDER_ONLY_INTERSECTION,BOUNDARY_CAP_CELL,399359,625277144,5,0 0 1,1.0,,0,outlet_03,0.00017831354080980383,0.00013738405173223,0.00013028332201779155
SEEDER_ONLY_INTERSECTION,BOUNDARY_CAP_CELL,399370,625277171,3,1 0 0,1.0,,2,outlet_03,0.00017815969465595767,0.00013738405173223,0.0001304371681716377
SEEDER_ONLY_INTERSECTION,BOUNDARY_CAP_CELL,399379,625277189,3,1 0 0,1.0,,1,outlet_03,0.00017815969465595767,0.00013753789788607617,0.00013059101432548388
SEEDER_ONLY_INTERSECTION,BOUNDARY_CAP_CELL,399517,625317207,0,-1 0 0,1.0,,2,outlet_03,0.00017815969465595767,0.0001379994363476146,0.0001284371681716377
SEEDER_ONLY_INTERSECTION,BOUNDARY_CAP_CELL,399517,625317207,1,0 -1 0,1.0,,0,outlet_03,0.00017815969465595767,0.0001379994363476146,0.0001284371681716377
SEEDER_ONLY_INTERSECTION,BOUNDARY_CAP_CELL,399517,625317207,14,-1 -1 0,1.0,,2,outlet_03,0.00017815969465595767,0.0001379994363476146,0.0001284371681716377
SEEDER_ONLY_INTERSECTION,BOUNDARY_CAP_CELL,399531,625317233,1,0 -1 0,1.0,,1,outlet_03,0.00017815969465595767,0.00013784559019376847,0.00012859101432548386
SEEDER_ONLY_INTERSECTION,BOUNDARY_CAP_CELL,399531,625317233,2,0 0 -1,1.0,,0,outlet_03,0.00017815969465595767,0.00013784559019376847,0.00012859101432548386
SEEDER_ONLY_INTERSECTION,BOUNDARY_CAP_CELL,399548,625317372,2,0 0 -1,1.0,,1,outlet_03,0.00017800584850211152,0.00013892251327069153,0.00012859101432548386
SEEDER_ONLY_INTERSECTION,BOUNDARY_CAP_CELL,399556,625318250,0,-1 0 0,1.0,,2,outlet_03,0.00017800584850211152,0.00013907635942453768,0.00012859101432548386
SEEDER_ONLY_INTERSECTION,BOUNDARY_CAP_CELL,399556,625318250,4,0 1 0,1.0,,0,outlet_03,0.00017800584850211152,0.00013907635942453768,0.00012859101432548386
SEEDER_ONLY_INTERSECTION,BOUNDARY_CAP_CELL,399556,625318250,6,0 -1 -1,1.0,,1,outlet_03,0.00017800584850211152,0.00013907635942453768,0.00012859101432548386
SEEDER_ONLY_INTERSECTION,BOUNDARY_CAP_CELL,399556,625318250,15,-1 1 0,1.0,,2,outlet_03,0.00017800584850211152,0.00013907635942453768,0.00012859101432548386
SEEDER_ONLY_INTERSECTION,BOUNDARY_CAP_CELL,399559,625318256,2,0 0 -1,1.0,,0,outlet_03,0.00017800584850211152,0.00013923020557838386,0.00012874486047933001
SEEDER_ONLY_INTERSECTION,BOUNDARY_CAP_CELL,399559,625318256,4,0 1 0,1.0,,0,outlet_03,0.00017800584850211152,0.00013923020557838386,0.00012874486047933001
SEEDER_ONLY_INTERSECTION,BOUNDARY_CAP_CELL,399559,625318256,10,-1 0 -1,1.0,,3,outlet_03,0.00017800584850211152,0.00013923020557838386,0.00012874486047933001
SEEDER_ONLY_INTERSECTION,BOUNDARY_CAP_CELL,399559,625318256,15,-1 1 0,1.0,,3,outlet_03,0.00017800584850211152,0.00013923020557838386,0.00012874486047933001
SEEDER_ONLY_INTERSECTION,BOUNDARY_CAP_CELL,400367,625320026,2,0 0 -1,1.0,,0,outlet_03,0.00017800584850211152,0.00013938405173222998,0.0001288987066331762
SEEDER_ONLY_INTERSECTION,BOUNDARY_CAP_CELL,400367,625320026,10,-1 0 -1,1.0,,2,outlet_03,0.00017800584850211152,0.00013938405173222998,0.0001288987066331762
SEEDER_ONLY_INTERSECTION,BOUNDARY_CAP_CELL,400370,625320032,0,-1 0 0,1.0,,2,outlet_03,0.00017800584850211152,0.00013953789788607616,0.00012905255278702234
SEEDER_ONLY_INTERSECTION,BOUNDARY_CAP_CELL,400377,625320060,9,0 1 1,1.0,,0,outlet_03,0.00017800584850211152,0.00013953789788607616,0.0001292063989408685
SEEDER_ONLY_INTERSECTION,BOUNDARY_CAP_CELL,400380,625320064,4,0 1 0,1.0,,0,outlet_03,0.00017800584850211152,0.00013953789788607616,0.00012936024509471465
SEEDER_ONLY_INTERSECTION,BOUNDARY_CAP_CELL,400397,625320320,4,0 1 0,1.0,,0,outlet_03,0.00017800584850211152,0.00013953789788607616,0.00012997562971009925
SEEDER_ONLY_INTERSECTION,BOUNDARY_CAP_CELL,400398,625320394,0,-1 0 0,1.0,,0,outlet_03,0.00017800584850211152,0.00013969174403992229,0.0001295140912485608
SEEDER_ONLY_INTERSECTION,BOUNDARY_CAP_CELL,400398,625320394,2,0 0 -1,1.0,,0,outlet_03,0.00017800584850211152,0.00013969174403992229,0.0001295140912485608
SEEDER_ONLY_INTERSECTION,BOUNDARY_CAP_CELL,400398,625320394,10,-1 0 -1,1.0,,0,outlet_03,0.00017800584850211152,0.00013969174403992229,0.0001295140912485608
SEEDER_ONLY_INTERSECTION,BOUNDARY_CAP_CELL,400398,625320394,12,-1 0 1,1.0,,0,outlet_03,0.00017800584850211152,0.00013969174403992229,0.0001295140912485608
SEEDER_ONLY_INTERSECTION,BOUNDARY_CAP_CELL,400399,625320398,0,-1 0 0,1.0,,0,outlet_03,0.00017800584850211152,0.00013969174403992229,0.00012966793740240695
SEEDER_ONLY_INTERSECTION,BOUNDARY_CAP_CELL,400399,625320398,10,-1 0 -1,1.0,,0,outlet_03,0.00017800584850211152,0.00013969174403992229,0.00012966793740240695
SEEDER_ONLY_INTERSECTION,BOUNDARY_CAP_CELL,400399,625320398,12,-1 0 1,1.0,,0,outlet_03,0.00017800584850211152,0.00013969174403992229,0.00012966793740240695
SEEDER_ONLY_INTERSECTION,BOUNDARY_CAP_CELL,400400,625320426,0,-1 0 0,1.0,,0,outlet_03,0.00017800584850211152,0.00013969174403992229,0.0001298217835562531
SEEDER_ONLY_INTERSECTION,BOUNDARY_CAP_CELL,400400,625320426,5,0 0 1,1.0,,0,outlet_03,0.00017800584850211152,0.00013969174403992229,0.0001298217835562531
SEEDER_ONLY_INTERSECTION,BOUNDARY_CAP_CELL,400400,625320426,10,-1 0 -1,1.0,,0,outlet_03,0.00017800584850211152,0.00013969174403992229,0.0001298217835562531
SEEDER_ONLY_INTERSECTION,BOUNDARY_CAP_CELL,400400,625320426,12,-1 0 1,1.0,,0,outlet_03,0.00017800584850211152,0.00013969174403992229,0.0001298217835562531
SEEDER_ONLY_INTERSECTION,BOUNDARY_CAP_CELL,400827,625333585,16,1 -1 0,1.0,,2,outlet_03,0.00017815969465595767,0.00013784559019376847,0.00013074486047933004
SEEDER_ONLY_INTERSECTION,BOUNDARY_CAP_CELL,400852,625333733,0,-1 0 0,1.0,,2,outlet_03,0.00017815969465595767,0.00013876866711684538,0.0001308987066331762
SEEDER_ONLY_INTERSECTION,BOUNDARY_CAP_CELL,400852,625333733,15,-1 1 0,1.0,,2,outlet_03,0.00017815969465595767,0.00013876866711684538,0.0001308987066331762
SEEDER_ONLY_INTERSECTION,BOUNDARY_CAP_CELL,400853,625333735,0,-1 0 0,1.0,,0,outlet_03,0.00017815969465595767,0.00013892251327069153,0.0001308987066331762
SEEDER_ONLY_INTERSECTION,BOUNDARY_CAP_CELL,400853,625333735,14,-1 -1 0,1.0,,2,outlet_03,0.00017815969465595767,0.00013892251327069153,0.0001308987066331762
SEEDER_ONLY_INTERSECTION,BOUNDARY_CAP_CELL,400932,625334364,5,0 0 1,1.0,,0,outlet_03,0.00017800584850211152,0.00013953789788607616,0.0001301294758639454
SEEDER_ONLY_INTERSECTION,BOUNDARY_CAP_CELL,400932,625334364,8,0 1 -1,1.0,,0,outlet_03,0.00017800584850211152,0.00013953789788607616,0.0001301294758639454
SEEDER_ONLY_INTERSECTION,BOUNDARY_CAP_CELL,400934,625334366,4,0 1 0,1.0,,0,outlet_03,0.00017800584850211152,0.00013938405173222998,0.00013028332201779155
SEEDER_ONLY_INTERSECTION,BOUNDARY_CAP_CELL,400941,625334394,8,0 1 -1,1.0,,2,outlet_03,0.00017800584850211152,0.00013938405173222998,0.0001304371681716377
SEEDER_ONLY_INTERSECTION,BOUNDARY_CAP_CELL,400942,965285068,0,-1 0 0,1.0,,0,outlet_01,0.00011400584850211151,0.00015338405173223,0.00016705255278702232
SEEDER_ONLY_INTERSECTION,BOUNDARY_CAP_CELL,400942,965285068,14,-1 -1 0,1.0,,3,outlet_01,0.00011400584850211151,0.00015338405173223,0.00016705255278702232
SEEDER_ONLY_INTERSECTION,BOUNDARY_CAP_CELL,400948,965285140,1,0 -1 0,1.0,,2,outlet_01,0.00011492892542518845,0.00015338405173223,0.00016705255278702232
SEEDER_ONLY_INTERSECTION,BOUNDARY_CAP_CELL,400948,965285140,3,1 0 0,1.0,,0,outlet_01,0.00011492892542518845,0.00015338405173223,0.00016705255278702232
SEEDER_ONLY_INTERSECTION,BOUNDARY_CAP_CELL,400948,965285140,16,1 -1 0,1.0,,2,outlet_01,0.00011492892542518845,0.00015338405173223,0.00016705255278702232
