sample_id,cohort,source_stem,parent_group_id,tile_index_zyx,split,image_path,mask_path,swc_path,image_size_bytes,mask_size_bytes,swc_size_bytes,eligible,skip_reason,optional_auxiliary_notes
raw-analysis__fMOST_0_5_6_0_0_6_0000_00_00,raw-analysis,fMOST_0_5_6_0_0_6_0000_00_00,fMOST_0_5_6_0_0_6,"(0, 0, 0)",,E:\ULM\hatimb-particle_flow_simulator\ulm_3D_vascular\vessel_model\T - A high-resolution dataset of mouse brain vasculature\raw_data\analysis_data\analysis_data\images\fMOST_0_5_6_0_0_6_0000_00_00.tif,E:\ULM\hatimb-particle_flow_simulator\ulm_3D_vascular\vessel_model\T - A high-resolution dataset of mouse brain vasculature\raw_data\analysis_data\analysis_data\mask\fMOST_0_5_6_0_0_6_0000_00_00.tif,E:\ULM\hatimb-particle_flow_simulator\ulm_3D_vascular\vessel_model\T - A high-resolution dataset of mouse brain vasculature\raw_data\analysis_data\analysis_data\swc\fMOST_0_5_6_0_0_6_0000_00_00.swc,1225599,1324535,358598,True,,[]
raw-analysis__fMOST_0_5_6_0_0_6_0000_00_01,raw-analysis,fMOST_0_5_6_0_0_6_0000_00_01,fMOST_0_5_6_0_0_6,"(0, 0, 1)",,E:\ULM\hatimb-particle_flow_simulator\ulm_3D_vascular\vessel_model\T - A high-resolution dataset of mouse brain vasculature\raw_data\analysis_data\analysis_data\images\fMOST_0_5_6_0_0_6_0000_00_01.tif,E:\ULM\hatimb-particle_flow_simulator\ulm_3D_vascular\vessel_model\T - A high-resolution dataset of mouse brain vasculature\raw_data\analysis_data\analysis_data\mask\fMOST_0_5_6_0_0_6_0000_00_01.tif,E:\ULM\hatimb-particle_flow_simulator\ulm_3D_vascular\vessel_model\T - A high-resolution dataset of mouse brain vasculature\raw_data\analysis_data\analysis_data\swc\fMOST_0_5_6_0_0_6_0000_00_01.swc,1583844,1276766,396181,True,,[]
raw-analysis__fMOST_0_5_6_0_0_6_0000_00_02,raw-analysis,fMOST_0_5_6_0_0_6_0000_00_02,fMOST_0_5_6_0_0_6,"(0, 0, 2)",,E:\ULM\hatimb-particle_flow_simulator\ulm_3D_vascular\vessel_model\T - A high-resolution dataset of mouse brain vasculature\raw_data\analysis_data\analysis_data\images\fMOST_0_5_6_0_0_6_0000_00_02.tif,E:\ULM\hatimb-particle_flow_simulator\ulm_3D_vascular\vessel_model\T - A high-resolution dataset of mouse brain vasculature\raw_data\analysis_data\analysis_data\mask\fMOST_0_5_6_0_0_6_0000_00_02.tif,E:\ULM\hatimb-particle_flow_simulator\ulm_3D_vascular\vessel_model\T - A high-resolution dataset of mouse brain vasculature\raw_data\analysis_data\analysis_data\swc\fMOST_0_5_6_0_0_6_0000_00_02.swc,1660875,1431427,442093,True,,[]
raw-analysis__fMOST_0_5_6_0_0_6_0000_01_00,raw-analysis,fMOST_0_5_6_0_0_6_0000_01_00,fMOST_0_5_6_0_0_6,"(0, 1, 0)",,E:\ULM\hatimb-particle_flow_simulator\ulm_3D_vascular\vessel_model\T - A high-resolution dataset of mouse brain vasculature\raw_data\analysis_data\analysis_data\images\fMOST_0_5_6_0_0_6_0000_01_00.tif,E:\ULM\hatimb-particle_flow_simulator\ulm_3D_vascular\vessel_model\T - A high-resolution dataset of mouse brain vasculature\raw_data\analysis_data\analysis_data\mask\fMOST_0_5_6_0_0_6_0000_01_00.tif,E:\ULM\hatimb-particle_flow_simulator\ulm_3D_vascular\vessel_model\T - A high-resolution dataset of mouse brain vasculature\raw_data\analysis_data\analysis_data\swc\fMOST_0_5_6_0_0_6_0000_01_00.swc,1366107,1306778,318411,True,,[]
raw-analysis__fMOST_0_5_6_0_0_6_0000_01_01,raw-analysis,fMOST_0_5_6_0_0_6_0000_01_01,fMOST_0_5_6_0_0_6,"(0, 1, 1)",,E:\ULM\hatimb-particle_flow_simulator\ulm_3D_vascular\vessel_model\T - A high-resolution dataset of mouse brain vasculature\raw_data\analysis_data\analysis_data\images\fMOST_0_5_6_0_0_6_0000_01_01.tif,E:\ULM\hatimb-particle_flow_simulator\ulm_3D_vascular\vessel_model\T - A high-resolution dataset of mouse brain vasculature\raw_data\analysis_data\analysis_data\mask\fMOST_0_5_6_0_0_6_0000_01_01.tif,E:\ULM\hatimb-particle_flow_simulator\ulm_3D_vascular\vessel_model\T - A high-resolution dataset of mouse brain vasculature\raw_data\analysis_data\analysis_data\swc\fMOST_0_5_6_0_0_6_0000_01_01.swc,1421482,1182184,349182,True,,[]
raw-analysis__fMOST_0_5_6_0_0_6_0000_01_02,raw-analysis,fMOST_0_5_6_0_0_6_0000_01_02,fMOST_0_5_6_0_0_6,"(0, 1, 2)",,E:\ULM\hatimb-particle_flow_simulator\ulm_3D_vascular\vessel_model\T - A high-resolution dataset of mouse brain vasculature\raw_data\analysis_data\analysis_data\images\fMOST_0_5_6_0_0_6_0000_01_02.tif,E:\ULM\hatimb-particle_flow_simulator\ulm_3D_vascular\vessel_model\T - A high-resolution dataset of mouse brain vasculature\raw_data\analysis_data\analysis_data\mask\fMOST_0_5_6_0_0_6_0000_01_02.tif,E:\ULM\hatimb-particle_flow_simulator\ulm_3D_vascular\vessel_model\T - A high-resolution dataset of mouse brain vasculature\raw_data\analysis_data\analysis_data\swc\fMOST_0_5_6_0_0_6_0000_01_02.swc,1449055,1458957,372812,True,,[]
raw-analysis__fMOST_0_5_6_0_0_6_0000_02_00,raw-analysis,fMOST_0_5_6_0_0_6_0000_02_00,fMOST_0_5_6_0_0_6,"(0, 2, 0)",,E:\ULM\hatimb-particle_flow_simulator\ulm_3D_vascular\vessel_model\T - A high-resolution dataset of mouse brain vasculature\raw_data\analysis_data\analysis_data\images\fMOST_0_5_6_0_0_6_0000_02_00.tif,E:\ULM\hatimb-particle_flow_simulator\ulm_3D_vascular\vessel_model\T - A high-resolution dataset of mouse brain vasculature\raw_data\analysis_data\analysis_data\mask\fMOST_0_5_6_0_0_6_0000_02_00.tif,E:\ULM\hatimb-particle_flow_simulator\ulm_3D_vascular\vessel_model\T - A high-resolution dataset of mouse brain vasculature\raw_data\analysis_data\analysis_data\swc\fMOST_0_5_6_0_0_6_0000_02_00.swc,1101846,794808,198495,True,,[]
raw-analysis__fMOST_0_5_6_0_0_6_0000_02_01,raw-analysis,fMOST_0_5_6_0_0_6_0000_02_01,fMOST_0_5_6_0_0_6,"(0, 2, 1)",,E:\ULM\hatimb-particle_flow_simulator\ulm_3D_vascular\vessel_model\T - A high-resolution dataset of mouse brain vasculature\raw_data\analysis_data\analysis_data\images\fMOST_0_5_6_0_0_6_0000_02_01.tif,E:\ULM\hatimb-particle_flow_simulator\ulm_3D_vascular\vessel_model\T - A high-resolution dataset of mouse brain vasculature\raw_data\analysis_data\analysis_data\mask\fMOST_0_5_6_0_0_6_0000_02_01.tif,E:\ULM\hatimb-particle_flow_simulator\ulm_3D_vascular\vessel_model\T - A high-resolution dataset of mouse brain vasculature\raw_data\analysis_data\analysis_data\swc\fMOST_0_5_6_0_0_6_0000_02_01.swc,1250220,940064,372960,True,,[]
raw-analysis__fMOST_0_5_6_0_0_6_0000_02_02,raw-analysis,fMOST_0_5_6_0_0_6_0000_02_02,fMOST_0_5_6_0_0_6,"(0, 2, 2)",,E:\ULM\hatimb-particle_flow_simulator\ulm_3D_vascular\vessel_model\T - A high-resolution dataset of mouse brain vasculature\raw_data\analysis_data\analysis_data\images\fMOST_0_5_6_0_0_6_0000_02_02.tif,E:\ULM\hatimb-particle_flow_simulator\ulm_3D_vascular\vessel_model\T - A high-resolution dataset of mouse brain vasculature\raw_data\analysis_data\analysis_data\mask\fMOST_0_5_6_0_0_6_0000_02_02.tif,E:\ULM\hatimb-particle_flow_simulator\ulm_3D_vascular\vessel_model\T - A high-resolution dataset of mouse brain vasculature\raw_data\analysis_data\analysis_data\swc\fMOST_0_5_6_0_0_6_0000_02_02.swc,1297457,1080309,366867,True,,[]
raw-analysis__fMOST_0_5_6_0_0_6_0001_00_00,raw-analysis,fMOST_0_5_6_0_0_6_0001_00_00,fMOST_0_5_6_0_0_6,"(1, 0, 0)",,E:\ULM\hatimb-particle_flow_simulator\ulm_3D_vascular\vessel_model\T - A high-resolution dataset of mouse brain vasculature\raw_data\analysis_data\analysis_data\images\fMOST_0_5_6_0_0_6_0001_00_00.tif,E:\ULM\hatimb-particle_flow_simulator\ulm_3D_vascular\vessel_model\T - A high-resolution dataset of mouse brain vasculature\raw_data\analysis_data\analysis_data\mask\fMOST_0_5_6_0_0_6_0001_00_00.tif,E:\ULM\hatimb-particle_flow_simulator\ulm_3D_vascular\vessel_model\T - A high-resolution dataset of mouse brain vasculature\raw_data\analysis_data\analysis_data\swc\fMOST_0_5_6_0_0_6_0001_00_00.swc,1352784,1523890,323002,True,,[]
raw-analysis__fMOST_0_5_6_0_0_6_0001_00_01,raw-analysis,fMOST_0_5_6_0_0_6_0001_00_01,fMOST_0_5_6_0_0_6,"(1, 0, 1)",,E:\ULM\hatimb-particle_flow_simulator\ulm_3D_vascular\vessel_model\T - A high-resolution dataset of mouse brain vasculature\raw_data\analysis_data\analysis_data\images\fMOST_0_5_6_0_0_6_0001_00_01.tif,E:\ULM\hatimb-particle_flow_simulator\ulm_3D_vascular\vessel_model\T - A high-resolution dataset of mouse brain vasculature\raw_data\analysis_data\analysis_data\mask\fMOST_0_5_6_0_0_6_0001_00_01.tif,E:\ULM\hatimb-particle_flow_simulator\ulm_3D_vascular\vessel_model\T - A high-resolution dataset of mouse brain vasculature\raw_data\analysis_data\analysis_data\swc\fMOST_0_5_6_0_0_6_0001_00_01.swc,1589599,1555252,486588,True,,[]
raw-analysis__fMOST_0_5_6_0_0_6_0001_00_02,raw-analysis,fMOST_0_5_6_0_0_6_0001_00_02,fMOST_0_5_6_0_0_6,"(1, 0, 2)",,E:\ULM\hatimb-particle_flow_simulator\ulm_3D_vascular\vessel_model\T - A high-resolution dataset of mouse brain vasculature\raw_data\analysis_data\analysis_data\images\fMOST_0_5_6_0_0_6_0001_00_02.tif,E:\ULM\hatimb-particle_flow_simulator\ulm_3D_vascular\vessel_model\T - A high-resolution dataset of mouse brain vasculature\raw_data\analysis_data\analysis_data\mask\fMOST_0_5_6_0_0_6_0001_00_02.tif,E:\ULM\hatimb-particle_flow_simulator\ulm_3D_vascular\vessel_model\T - A high-resolution dataset of mouse brain vasculature\raw_data\analysis_data\analysis_data\swc\fMOST_0_5_6_0_0_6_0001_00_02.swc,1559894,1496079,492635,True,,[]
raw-analysis__fMOST_0_5_6_0_0_6_0001_01_00,raw-analysis,fMOST_0_5_6_0_0_6_0001_01_00,fMOST_0_5_6_0_0_6,"(1, 1, 0)",,E:\ULM\hatimb-particle_flow_simulator\ulm_3D_vascular\vessel_model\T - A high-resolution dataset of mouse brain vasculature\raw_data\analysis_data\analysis_data\images\fMOST_0_5_6_0_0_6_0001_01_00.tif,E:\ULM\hatimb-particle_flow_simulator\ulm_3D_vascular\vessel_model\T - A high-resolution dataset of mouse brain vasculature\raw_data\analysis_data\analysis_data\mask\fMOST_0_5_6_0_0_6_0001_01_00.tif,E:\ULM\hatimb-particle_flow_simulator\ulm_3D_vascular\vessel_model\T - A high-resolution dataset of mouse brain vasculature\raw_data\analysis_data\analysis_data\swc\fMOST_0_5_6_0_0_6_0001_01_00.swc,1489177,1218096,277962,True,,[]
raw-analysis__fMOST_0_5_6_0_0_6_0001_01_01,raw-analysis,fMOST_0_5_6_0_0_6_0001_01_01,fMOST_0_5_6_0_0_6,"(1, 1, 1)",,E:\ULM\hatimb-particle_flow_simulator\ulm_3D_vascular\vessel_model\T - A high-resolution dataset of mouse brain vasculature\raw_data\analysis_data\analysis_data\images\fMOST_0_5_6_0_0_6_0001_01_01.tif,E:\ULM\hatimb-particle_flow_simulator\ulm_3D_vascular\vessel_model\T - A high-resolution dataset of mouse brain vasculature\raw_data\analysis_data\analysis_data\mask\fMOST_0_5_6_0_0_6_0001_01_01.tif,E:\ULM\hatimb-particle_flow_simulator\ulm_3D_vascular\vessel_model\T - A high-resolution dataset of mouse brain vasculature\raw_data\analysis_data\analysis_data\swc\fMOST_0_5_6_0_0_6_0001_01_01.swc,1591759,1498424,414448,True,,[]
raw-analysis__fMOST_0_5_6_0_0_6_0001_01_02,raw-analysis,fMOST_0_5_6_0_0_6_0001_01_02,fMOST_0_5_6_0_0_6,"(1, 1, 2)",,E:\ULM\hatimb-particle_flow_simulator\ulm_3D_vascular\vessel_model\T - A high-resolution dataset of mouse brain vasculature\raw_data\analysis_data\analysis_data\images\fMOST_0_5_6_0_0_6_0001_01_02.tif,E:\ULM\hatimb-particle_flow_simulator\ulm_3D_vascular\vessel_model\T - A high-resolution dataset of mouse brain vasculature\raw_data\analysis_data\analysis_data\mask\fMOST_0_5_6_0_0_6_0001_01_02.tif,E:\ULM\hatimb-particle_flow_simulator\ulm_3D_vascular\vessel_model\T - A high-resolution dataset of mouse brain vasculature\raw_data\analysis_data\analysis_data\swc\fMOST_0_5_6_0_0_6_0001_01_02.swc,1416734,1508483,477662,True,,[]
raw-analysis__fMOST_0_5_6_0_0_6_0001_02_00,raw-analysis,fMOST_0_5_6_0_0_6_0001_02_00,fMOST_0_5_6_0_0_6,"(1, 2, 0)",,E:\ULM\hatimb-particle_flow_simulator\ulm_3D_vascular\vessel_model\T - A high-resolution dataset of mouse brain vasculature\raw_data\analysis_data\analysis_data\images\fMOST_0_5_6_0_0_6_0001_02_00.tif,E:\ULM\hatimb-particle_flow_simulator\ulm_3D_vascular\vessel_model\T - A high-resolution dataset of mouse brain vasculature\raw_data\analysis_data\analysis_data\mask\fMOST_0_5_6_0_0_6_0001_02_00.tif,E:\ULM\hatimb-particle_flow_simulator\ulm_3D_vascular\vessel_model\T - A high-resolution dataset of mouse brain vasculature\raw_data\analysis_data\analysis_data\swc\fMOST_0_5_6_0_0_6_0001_02_00.swc,1488665,1192058,379200,True,,[]
raw-analysis__fMOST_0_5_6_0_0_6_0001_02_01,raw-analysis,fMOST_0_5_6_0_0_6_0001_02_01,fMOST_0_5_6_0_0_6,"(1, 2, 1)",,E:\ULM\hatimb-particle_flow_simulator\ulm_3D_vascular\vessel_model\T - A high-resolution dataset of mouse brain vasculature\raw_data\analysis_data\analysis_data\images\fMOST_0_5_6_0_0_6_0001_02_01.tif,E:\ULM\hatimb-particle_flow_simulator\ulm_3D_vascular\vessel_model\T - A high-resolution dataset of mouse brain vasculature\raw_data\analysis_data\analysis_data\mask\fMOST_0_5_6_0_0_6_0001_02_01.tif,E:\ULM\hatimb-particle_flow_simulator\ulm_3D_vascular\vessel_model\T - A high-resolution dataset of mouse brain vasculature\raw_data\analysis_data\analysis_data\swc\fMOST_0_5_6_0_0_6_0001_02_01.swc,1493242,1479913,384541,True,,[]
raw-analysis__fMOST_0_5_6_0_0_6_0001_02_02,raw-analysis,fMOST_0_5_6_0_0_6_0001_02_02,fMOST_0_5_6_0_0_6,"(1, 2, 2)",,E:\ULM\hatimb-particle_flow_simulator\ulm_3D_vascular\vessel_model\T - A high-resolution dataset of mouse brain vasculature\raw_data\analysis_data\analysis_data\images\fMOST_0_5_6_0_0_6_0001_02_02.tif,E:\ULM\hatimb-particle_flow_simulator\ulm_3D_vascular\vessel_model\T - A high-resolution dataset of mouse brain vasculature\raw_data\analysis_data\analysis_data\mask\fMOST_0_5_6_0_0_6_0001_02_02.tif,E:\ULM\hatimb-particle_flow_simulator\ulm_3D_vascular\vessel_model\T - A high-resolution dataset of mouse brain vasculature\raw_data\analysis_data\analysis_data\swc\fMOST_0_5_6_0_0_6_0001_02_02.swc,1294736,1283019,431716,True,,[]
raw-analysis__fMOST_0_5_6_0_0_6_0002_00_00,raw-analysis,fMOST_0_5_6_0_0_6_0002_00_00,fMOST_0_5_6_0_0_6,"(2, 0, 0)",,E:\ULM\hatimb-particle_flow_simulator\ulm_3D_vascular\vessel_model\T - A high-resolution dataset of mouse brain vasculature\raw_data\analysis_data\analysis_data\images\fMOST_0_5_6_0_0_6_0002_00_00.tif,E:\ULM\hatimb-particle_flow_simulator\ulm_3D_vascular\vessel_model\T - A high-resolution dataset of mouse brain vasculature\raw_data\analysis_data\analysis_data\mask\fMOST_0_5_6_0_0_6_0002_00_00.tif,E:\ULM\hatimb-particle_flow_simulator\ulm_3D_vascular\vessel_model\T - A high-resolution dataset of mouse brain vasculature\raw_data\analysis_data\analysis_data\swc\fMOST_0_5_6_0_0_6_0002_00_00.swc,1311031,897326,307705,True,,[]
raw-analysis__fMOST_0_5_6_0_0_6_0002_00_01,raw-analysis,fMOST_0_5_6_0_0_6_0002_00_01,fMOST_0_5_6_0_0_6,"(2, 0, 1)",,E:\ULM\hatimb-particle_flow_simulator\ulm_3D_vascular\vessel_model\T - A high-resolution dataset of mouse brain vasculature\raw_data\analysis_data\analysis_data\images\fMOST_0_5_6_0_0_6_0002_00_01.tif,E:\ULM\hatimb-particle_flow_simulator\ulm_3D_vascular\vessel_model\T - A high-resolution dataset of mouse brain vasculature\raw_data\analysis_data\analysis_data\mask\fMOST_0_5_6_0_0_6_0002_00_01.tif,E:\ULM\hatimb-particle_flow_simulator\ulm_3D_vascular\vessel_model\T - A high-resolution dataset of mouse brain vasculature\raw_data\analysis_data\analysis_data\swc\fMOST_0_5_6_0_0_6_0002_00_01.swc,1548146,1425128,450343,True,,[]
raw-analysis__fMOST_0_5_6_0_0_6_0002_00_02,raw-analysis,fMOST_0_5_6_0_0_6_0002_00_02,fMOST_0_5_6_0_0_6,"(2, 0, 2)",,E:\ULM\hatimb-particle_flow_simulator\ulm_3D_vascular\vessel_model\T - A high-resolution dataset of mouse brain vasculature\raw_data\analysis_data\analysis_data\images\fMOST_0_5_6_0_0_6_0002_00_02.tif,E:\ULM\hatimb-particle_flow_simulator\ulm_3D_vascular\vessel_model\T - A high-resolution dataset of mouse brain vasculature\raw_data\analysis_data\analysis_data\mask\fMOST_0_5_6_0_0_6_0002_00_02.tif,E:\ULM\hatimb-particle_flow_simulator\ulm_3D_vascular\vessel_model\T - A high-resolution dataset of mouse brain vasculature\raw_data\analysis_data\analysis_data\swc\fMOST_0_5_6_0_0_6_0002_00_02.swc,1626046,1319142,500837,True,,[]
raw-analysis__fMOST_0_5_6_0_0_6_0002_01_00,raw-analysis,fMOST_0_5_6_0_0_6_0002_01_00,fMOST_0_5_6_0_0_6,"(2, 1, 0)",,E:\ULM\hatimb-particle_flow_simulator\ulm_3D_vascular\vessel_model\T - A high-resolution dataset of mouse brain vasculature\raw_data\analysis_data\analysis_data\images\fMOST_0_5_6_0_0_6_0002_01_00.tif,E:\ULM\hatimb-particle_flow_simulator\ulm_3D_vascular\vessel_model\T - A high-resolution dataset of mouse brain vasculature\raw_data\analysis_data\analysis_data\mask\fMOST_0_5_6_0_0_6_0002_01_00.tif,E:\ULM\hatimb-particle_flow_simulator\ulm_3D_vascular\vessel_model\T - A high-resolution dataset of mouse brain vasculature\raw_data\analysis_data\analysis_data\swc\fMOST_0_5_6_0_0_6_0002_01_00.swc,1576496,1176036,371485,True,,[]
raw-analysis__fMOST_0_5_6_0_0_6_0002_01_01,raw-analysis,fMOST_0_5_6_0_0_6_0002_01_01,fMOST_0_5_6_0_0_6,"(2, 1, 1)",,E:\ULM\hatimb-particle_flow_simulator\ulm_3D_vascular\vessel_model\T - A high-resolution dataset of mouse brain vasculature\raw_data\analysis_data\analysis_data\images\fMOST_0_5_6_0_0_6_0002_01_01.tif,E:\ULM\hatimb-particle_flow_simulator\ulm_3D_vascular\vessel_model\T - A high-resolution dataset of mouse brain vasculature\raw_data\analysis_data\analysis_data\mask\fMOST_0_5_6_0_0_6_0002_01_01.tif,E:\ULM\hatimb-particle_flow_simulator\ulm_3D_vascular\vessel_model\T - A high-resolution dataset of mouse brain vasculature\raw_data\analysis_data\analysis_data\swc\fMOST_0_5_6_0_0_6_0002_01_01.swc,1649019,1325376,451208,True,,[]
raw-analysis__fMOST_0_5_6_0_0_6_0002_01_02,raw-analysis,fMOST_0_5_6_0_0_6_0002_01_02,fMOST_0_5_6_0_0_6,"(2, 1, 2)",,E:\ULM\hatimb-particle_flow_simulator\ulm_3D_vascular\vessel_model\T - A high-resolution dataset of mouse brain vasculature\raw_data\analysis_data\analysis_data\images\fMOST_0_5_6_0_0_6_0002_01_02.tif,E:\ULM\hatimb-particle_flow_simulator\ulm_3D_vascular\vessel_model\T - A high-resolution dataset of mouse brain vasculature\raw_data\analysis_data\analysis_data\mask\fMOST_0_5_6_0_0_6_0002_01_02.tif,E:\ULM\hatimb-particle_flow_simulator\ulm_3D_vascular\vessel_model\T - A high-resolution dataset of mouse brain vasculature\raw_data\analysis_data\analysis_data\swc\fMOST_0_5_6_0_0_6_0002_01_02.swc,1513158,1240742,439613,True,,[]
raw-analysis__fMOST_0_5_6_0_0_6_0002_02_00,raw-analysis,fMOST_0_5_6_0_0_6_0002_02_00,fMOST_0_5_6_0_0_6,"(2, 2, 0)",,E:\ULM\hatimb-particle_flow_simulator\ulm_3D_vascular\vessel_model\T - A high-resolution dataset of mouse brain vasculature\raw_data\analysis_data\analysis_data\images\fMOST_0_5_6_0_0_6_0002_02_00.tif,E:\ULM\hatimb-particle_flow_simulator\ulm_3D_vascular\vessel_model\T - A high-resolution dataset of mouse brain vasculature\raw_data\analysis_data\analysis_data\mask\fMOST_0_5_6_0_0_6_0002_02_00.tif,E:\ULM\hatimb-particle_flow_simulator\ulm_3D_vascular\vessel_model\T - A high-resolution dataset of mouse brain vasculature\raw_data\analysis_data\analysis_data\swc\fMOST_0_5_6_0_0_6_0002_02_00.swc,1661423,1339756,451333,True,,[]
raw-analysis__fMOST_0_5_6_0_0_6_0002_02_01,raw-analysis,fMOST_0_5_6_0_0_6_0002_02_01,fMOST_0_5_6_0_0_6,"(2, 2, 1)",,E:\ULM\hatimb-particle_flow_simulator\ulm_3D_vascular\vessel_model\T - A high-resolution dataset of mouse brain vasculature\raw_data\analysis_data\analysis_data\images\fMOST_0_5_6_0_0_6_0002_02_01.tif,E:\ULM\hatimb-particle_flow_simulator\ulm_3D_vascular\vessel_model\T - A high-resolution dataset of mouse brain vasculature\raw_data\analysis_data\analysis_data\mask\fMOST_0_5_6_0_0_6_0002_02_01.tif,E:\ULM\hatimb-particle_flow_simulator\ulm_3D_vascular\vessel_model\T - A high-resolution dataset of mouse brain vasculature\raw_data\analysis_data\analysis_data\swc\fMOST_0_5_6_0_0_6_0002_02_01.swc,1749991,1562902,447649,True,,[]
raw-analysis__fMOST_0_5_6_0_0_6_0002_02_02,raw-analysis,fMOST_0_5_6_0_0_6_0002_02_02,fMOST_0_5_6_0_0_6,"(2, 2, 2)",,E:\ULM\hatimb-particle_flow_simulator\ulm_3D_vascular\vessel_model\T - A high-resolution dataset of mouse brain vasculature\raw_data\analysis_data\analysis_data\images\fMOST_0_5_6_0_0_6_0002_02_02.tif,E:\ULM\hatimb-particle_flow_simulator\ulm_3D_vascular\vessel_model\T - A high-resolution dataset of mouse brain vasculature\raw_data\analysis_data\analysis_data\mask\fMOST_0_5_6_0_0_6_0002_02_02.tif,E:\ULM\hatimb-particle_flow_simulator\ulm_3D_vascular\vessel_model\T - A high-resolution dataset of mouse brain vasculature\raw_data\analysis_data\analysis_data\swc\fMOST_0_5_6_0_0_6_0002_02_02.swc,1521891,1320334,428852,True,,[]
raw-analysis__fMOST_0_5_7_0_0_10_0000_00_00,raw-analysis,fMOST_0_5_7_0_0_10_0000_00_00,fMOST_0_5_7_0_0_10,"(0, 0, 0)",,E:\ULM\hatimb-particle_flow_simulator\ulm_3D_vascular\vessel_model\T - A high-resolution dataset of mouse brain vasculature\raw_data\analysis_data\analysis_data\images\fMOST_0_5_7_0_0_10_0000_00_00.tif,E:\ULM\hatimb-particle_flow_simulator\ulm_3D_vascular\vessel_model\T - A high-resolution dataset of mouse brain vasculature\raw_data\analysis_data\analysis_data\mask\fMOST_0_5_7_0_0_10_0000_00_00.tif,E:\ULM\hatimb-particle_flow_simulator\ulm_3D_vascular\vessel_model\T - A high-resolution dataset of mouse brain vasculature\raw_data\analysis_data\analysis_data\swc\fMOST_0_5_7_0_0_10_0000_00_00.swc,1759752,1717619,378589,True,,[]
raw-analysis__fMOST_0_5_7_0_0_10_0000_00_01,raw-analysis,fMOST_0_5_7_0_0_10_0000_00_01,fMOST_0_5_7_0_0_10,"(0, 0, 1)",,E:\ULM\hatimb-particle_flow_simulator\ulm_3D_vascular\vessel_model\T - A high-resolution dataset of mouse brain vasculature\raw_data\analysis_data\analysis_data\images\fMOST_0_5_7_0_0_10_0000_00_01.tif,E:\ULM\hatimb-particle_flow_simulator\ulm_3D_vascular\vessel_model\T - A high-resolution dataset of mouse brain vasculature\raw_data\analysis_data\analysis_data\mask\fMOST_0_5_7_0_0_10_0000_00_01.tif,E:\ULM\hatimb-particle_flow_simulator\ulm_3D_vascular\vessel_model\T - A high-resolution dataset of mouse brain vasculature\raw_data\analysis_data\analysis_data\swc\fMOST_0_5_7_0_0_10_0000_00_01.swc,1675436,1628299,345041,True,,[]
raw-analysis__fMOST_0_5_7_0_0_10_0000_00_02,raw-analysis,fMOST_0_5_7_0_0_10_0000_00_02,fMOST_0_5_7_0_0_10,"(0, 0, 2)",,E:\ULM\hatimb-particle_flow_simulator\ulm_3D_vascular\vessel_model\T - A high-resolution dataset of mouse brain vasculature\raw_data\analysis_data\analysis_data\images\fMOST_0_5_7_0_0_10_0000_00_02.tif,E:\ULM\hatimb-particle_flow_simulator\ulm_3D_vascular\vessel_model\T - A high-resolution dataset of mouse brain vasculature\raw_data\analysis_data\analysis_data\mask\fMOST_0_5_7_0_0_10_0000_00_02.tif,E:\ULM\hatimb-particle_flow_simulator\ulm_3D_vascular\vessel_model\T - A high-resolution dataset of mouse brain vasculature\raw_data\analysis_data\analysis_data\swc\fMOST_0_5_7_0_0_10_0000_00_02.swc,1437620,1255008,318040,True,,[]
raw-analysis__fMOST_0_5_7_0_0_10_0000_01_00,raw-analysis,fMOST_0_5_7_0_0_10_0000_01_00,fMOST_0_5_7_0_0_10,"(0, 1, 0)",,E:\ULM\hatimb-particle_flow_simulator\ulm_3D_vascular\vessel_model\T - A high-resolution dataset of mouse brain vasculature\raw_data\analysis_data\analysis_data\images\fMOST_0_5_7_0_0_10_0000_01_00.tif,E:\ULM\hatimb-particle_flow_simulator\ulm_3D_vascular\vessel_model\T - A high-resolution dataset of mouse brain vasculature\raw_data\analysis_data\analysis_data\mask\fMOST_0_5_7_0_0_10_0000_01_00.tif,E:\ULM\hatimb-particle_flow_simulator\ulm_3D_vascular\vessel_model\T - A high-resolution dataset of mouse brain vasculature\raw_data\analysis_data\analysis_data\swc\fMOST_0_5_7_0_0_10_0000_01_00.swc,1912930,1713056,462991,True,,[]
raw-analysis__fMOST_0_5_7_0_0_10_0000_01_01,raw-analysis,fMOST_0_5_7_0_0_10_0000_01_01,fMOST_0_5_7_0_0_10,"(0, 1, 1)",,E:\ULM\hatimb-particle_flow_simulator\ulm_3D_vascular\vessel_model\T - A high-resolution dataset of mouse brain vasculature\raw_data\analysis_data\analysis_data\images\fMOST_0_5_7_0_0_10_0000_01_01.tif,E:\ULM\hatimb-particle_flow_simulator\ulm_3D_vascular\vessel_model\T - A high-resolution dataset of mouse brain vasculature\raw_data\analysis_data\analysis_data\mask\fMOST_0_5_7_0_0_10_0000_01_01.tif,E:\ULM\hatimb-particle_flow_simulator\ulm_3D_vascular\vessel_model\T - A high-resolution dataset of mouse brain vasculature\raw_data\analysis_data\analysis_data\swc\fMOST_0_5_7_0_0_10_0000_01_01.swc,1756831,1658532,363776,True,,[]
raw-analysis__fMOST_0_5_7_0_0_10_0000_01_02,raw-analysis,fMOST_0_5_7_0_0_10_0000_01_02,fMOST_0_5_7_0_0_10,"(0, 1, 2)",,E:\ULM\hatimb-particle_flow_simulator\ulm_3D_vascular\vessel_model\T - A high-resolution dataset of mouse brain vasculature\raw_data\analysis_data\analysis_data\images\fMOST_0_5_7_0_0_10_0000_01_02.tif,E:\ULM\hatimb-particle_flow_simulator\ulm_3D_vascular\vessel_model\T - A high-resolution dataset of mouse brain vasculature\raw_data\analysis_data\analysis_data\mask\fMOST_0_5_7_0_0_10_0000_01_02.tif,E:\ULM\hatimb-particle_flow_simulator\ulm_3D_vascular\vessel_model\T - A high-resolution dataset of mouse brain vasculature\raw_data\analysis_data\analysis_data\swc\fMOST_0_5_7_0_0_10_0000_01_02.swc,1502337,1299584,309788,True,,[]
raw-analysis__fMOST_0_5_7_0_0_10_0000_02_00,raw-analysis,fMOST_0_5_7_0_0_10_0000_02_00,fMOST_0_5_7_0_0_10,"(0, 2, 0)",,E:\ULM\hatimb-particle_flow_simulator\ulm_3D_vascular\vessel_model\T - A high-resolution dataset of mouse brain vasculature\raw_data\analysis_data\analysis_data\images\fMOST_0_5_7_0_0_10_0000_02_00.tif,E:\ULM\hatimb-particle_flow_simulator\ulm_3D_vascular\vessel_model\T - A high-resolution dataset of mouse brain vasculature\raw_data\analysis_data\analysis_data\mask\fMOST_0_5_7_0_0_10_0000_02_00.tif,E:\ULM\hatimb-particle_flow_simulator\ulm_3D_vascular\vessel_model\T - A high-resolution dataset of mouse brain vasculature\raw_data\analysis_data\analysis_data\swc\fMOST_0_5_7_0_0_10_0000_02_00.swc,2015849,1820537,486421,True,,[]
raw-analysis__fMOST_0_5_7_0_0_10_0000_02_01,raw-analysis,fMOST_0_5_7_0_0_10_0000_02_01,fMOST_0_5_7_0_0_10,"(0, 2, 1)",,E:\ULM\hatimb-particle_flow_simulator\ulm_3D_vascular\vessel_model\T - A high-resolution dataset of mouse brain vasculature\raw_data\analysis_data\analysis_data\images\fMOST_0_5_7_0_0_10_0000_02_01.tif,E:\ULM\hatimb-particle_flow_simulator\ulm_3D_vascular\vessel_model\T - A high-resolution dataset of mouse brain vasculature\raw_data\analysis_data\analysis_data\mask\fMOST_0_5_7_0_0_10_0000_02_01.tif,E:\ULM\hatimb-particle_flow_simulator\ulm_3D_vascular\vessel_model\T - A high-resolution dataset of mouse brain vasculature\raw_data\analysis_data\analysis_data\swc\fMOST_0_5_7_0_0_10_0000_02_01.swc,1859152,1800521,459006,True,,[]
raw-analysis__fMOST_0_5_7_0_0_10_0000_02_02,raw-analysis,fMOST_0_5_7_0_0_10_0000_02_02,fMOST_0_5_7_0_0_10,"(0, 2, 2)",,E:\ULM\hatimb-particle_flow_simulator\ulm_3D_vascular\vessel_model\T - A high-resolution dataset of mouse brain vasculature\raw_data\analysis_data\analysis_data\images\fMOST_0_5_7_0_0_10_0000_02_02.tif,E:\ULM\hatimb-particle_flow_simulator\ulm_3D_vascular\vessel_model\T - A high-resolution dataset of mouse brain vasculature\raw_data\analysis_data\analysis_data\mask\fMOST_0_5_7_0_0_10_0000_02_02.tif,E:\ULM\hatimb-particle_flow_simulator\ulm_3D_vascular\vessel_model\T - A high-resolution dataset of mouse brain vasculature\raw_data\analysis_data\analysis_data\swc\fMOST_0_5_7_0_0_10_0000_02_02.swc,1626034,1665641,364684,True,,[]
raw-analysis__fMOST_0_5_7_0_0_10_0001_00_00,raw-analysis,fMOST_0_5_7_0_0_10_0001_00_00,fMOST_0_5_7_0_0_10,"(1, 0, 0)",,E:\ULM\hatimb-particle_flow_simulator\ulm_3D_vascular\vessel_model\T - A high-resolution dataset of mouse brain vasculature\raw_data\analysis_data\analysis_data\images\fMOST_0_5_7_0_0_10_0001_00_00.tif,E:\ULM\hatimb-particle_flow_simulator\ulm_3D_vascular\vessel_model\T - A high-resolution dataset of mouse brain vasculature\raw_data\analysis_data\analysis_data\mask\fMOST_0_5_7_0_0_10_0001_00_00.tif,E:\ULM\hatimb-particle_flow_simulator\ulm_3D_vascular\vessel_model\T - A high-resolution dataset of mouse brain vasculature\raw_data\analysis_data\analysis_data\swc\fMOST_0_5_7_0_0_10_0001_00_00.swc,1777953,1886034,450455,True,,[]
raw-analysis__fMOST_0_5_7_0_0_10_0001_00_01,raw-analysis,fMOST_0_5_7_0_0_10_0001_00_01,fMOST_0_5_7_0_0_10,"(1, 0, 1)",,E:\ULM\hatimb-particle_flow_simulator\ulm_3D_vascular\vessel_model\T - A high-resolution dataset of mouse brain vasculature\raw_data\analysis_data\analysis_data\images\fMOST_0_5_7_0_0_10_0001_00_01.tif,E:\ULM\hatimb-particle_flow_simulator\ulm_3D_vascular\vessel_model\T - A high-resolution dataset of mouse brain vasculature\raw_data\analysis_data\analysis_data\mask\fMOST_0_5_7_0_0_10_0001_00_01.tif,E:\ULM\hatimb-particle_flow_simulator\ulm_3D_vascular\vessel_model\T - A high-resolution dataset of mouse brain vasculature\raw_data\analysis_data\analysis_data\swc\fMOST_0_5_7_0_0_10_0001_00_01.swc,1815447,1751309,409546,True,,[]
raw-analysis__fMOST_0_5_7_0_0_10_0001_00_02,raw-analysis,fMOST_0_5_7_0_0_10_0001_00_02,fMOST_0_5_7_0_0_10,"(1, 0, 2)",,E:\ULM\hatimb-particle_flow_simulator\ulm_3D_vascular\vessel_model\T - A high-resolution dataset of mouse brain vasculature\raw_data\analysis_data\analysis_data\images\fMOST_0_5_7_0_0_10_0001_00_02.tif,E:\ULM\hatimb-particle_flow_simulator\ulm_3D_vascular\vessel_model\T - A high-resolution dataset of mouse brain vasculature\raw_data\analysis_data\analysis_data\mask\fMOST_0_5_7_0_0_10_0001_00_02.tif,E:\ULM\hatimb-particle_flow_simulator\ulm_3D_vascular\vessel_model\T - A high-resolution dataset of mouse brain vasculature\raw_data\analysis_data\analysis_data\swc\fMOST_0_5_7_0_0_10_0001_00_02.swc,1630745,1494665,305039,True,,[]
raw-analysis__fMOST_0_5_7_0_0_10_0001_01_00,raw-analysis,fMOST_0_5_7_0_0_10_0001_01_00,fMOST_0_5_7_0_0_10,"(1, 1, 0)",,E:\ULM\hatimb-particle_flow_simulator\ulm_3D_vascular\vessel_model\T - A high-resolution dataset of mouse brain vasculature\raw_data\analysis_data\analysis_data\images\fMOST_0_5_7_0_0_10_0001_01_00.tif,E:\ULM\hatimb-particle_flow_simulator\ulm_3D_vascular\vessel_model\T - A high-resolution dataset of mouse brain vasculature\raw_data\analysis_data\analysis_data\mask\fMOST_0_5_7_0_0_10_0001_01_00.tif,E:\ULM\hatimb-particle_flow_simulator\ulm_3D_vascular\vessel_model\T - A high-resolution dataset of mouse brain vasculature\raw_data\analysis_data\analysis_data\swc\fMOST_0_5_7_0_0_10_0001_01_00.swc,1657690,1548622,362198,True,,[]
raw-analysis__fMOST_0_5_7_0_0_10_0001_01_01,raw-analysis,fMOST_0_5_7_0_0_10_0001_01_01,fMOST_0_5_7_0_0_10,"(1, 1, 1)",,E:\ULM\hatimb-particle_flow_simulator\ulm_3D_vascular\vessel_model\T - A high-resolution dataset of mouse brain vasculature\raw_data\analysis_data\analysis_data\images\fMOST_0_5_7_0_0_10_0001_01_01.tif,E:\ULM\hatimb-particle_flow_simulator\ulm_3D_vascular\vessel_model\T - A high-resolution dataset of mouse brain vasculature\raw_data\analysis_data\analysis_data\mask\fMOST_0_5_7_0_0_10_0001_01_01.tif,E:\ULM\hatimb-particle_flow_simulator\ulm_3D_vascular\vessel_model\T - A high-resolution dataset of mouse brain vasculature\raw_data\analysis_data\analysis_data\swc\fMOST_0_5_7_0_0_10_0001_01_01.swc,1629563,1690364,406023,True,,[]
raw-analysis__fMOST_0_5_7_0_0_10_0001_01_02,raw-analysis,fMOST_0_5_7_0_0_10_0001_01_02,fMOST_0_5_7_0_0_10,"(1, 1, 2)",,E:\ULM\hatimb-particle_flow_simulator\ulm_3D_vascular\vessel_model\T - A high-resolution dataset of mouse brain vasculature\raw_data\analysis_data\analysis_data\images\fMOST_0_5_7_0_0_10_0001_01_02.tif,E:\ULM\hatimb-particle_flow_simulator\ulm_3D_vascular\vessel_model\T - A high-resolution dataset of mouse brain vasculature\raw_data\analysis_data\analysis_data\mask\fMOST_0_5_7_0_0_10_0001_01_02.tif,E:\ULM\hatimb-particle_flow_simulator\ulm_3D_vascular\vessel_model\T - A high-resolution dataset of mouse brain vasculature\raw_data\analysis_data\analysis_data\swc\fMOST_0_5_7_0_0_10_0001_01_02.swc,1765675,1754633,431852,True,,[]
raw-analysis__fMOST_0_5_7_0_0_10_0001_02_00,raw-analysis,fMOST_0_5_7_0_0_10_0001_02_00,fMOST_0_5_7_0_0_10,"(1, 2, 0)",,E:\ULM\hatimb-particle_flow_simulator\ulm_3D_vascular\vessel_model\T - A high-resolution dataset of mouse brain vasculature\raw_data\analysis_data\analysis_data\images\fMOST_0_5_7_0_0_10_0001_02_00.tif,E:\ULM\hatimb-particle_flow_simulator\ulm_3D_vascular\vessel_model\T - A high-resolution dataset of mouse brain vasculature\raw_data\analysis_data\analysis_data\mask\fMOST_0_5_7_0_0_10_0001_02_00.tif,E:\ULM\hatimb-particle_flow_simulator\ulm_3D_vascular\vessel_model\T - A high-resolution dataset of mouse brain vasculature\raw_data\analysis_data\analysis_data\swc\fMOST_0_5_7_0_0_10_0001_02_00.swc,1570439,1394928,338493,True,,[]
raw-analysis__fMOST_0_5_7_0_0_10_0001_02_01,raw-analysis,fMOST_0_5_7_0_0_10_0001_02_01,fMOST_0_5_7_0_0_10,"(1, 2, 1)",,E:\ULM\hatimb-particle_flow_simulator\ulm_3D_vascular\vessel_model\T - A high-resolution dataset of mouse brain vasculature\raw_data\analysis_data\analysis_data\images\fMOST_0_5_7_0_0_10_0001_02_01.tif,E:\ULM\hatimb-particle_flow_simulator\ulm_3D_vascular\vessel_model\T - A high-resolution dataset of mouse brain vasculature\raw_data\analysis_data\analysis_data\mask\fMOST_0_5_7_0_0_10_0001_02_01.tif,E:\ULM\hatimb-particle_flow_simulator\ulm_3D_vascular\vessel_model\T - A high-resolution dataset of mouse brain vasculature\raw_data\analysis_data\analysis_data\swc\fMOST_0_5_7_0_0_10_0001_02_01.swc,1531783,1397668,345622,True,,[]
raw-analysis__fMOST_0_5_7_0_0_10_0001_02_02,raw-analysis,fMOST_0_5_7_0_0_10_0001_02_02,fMOST_0_5_7_0_0_10,"(1, 2, 2)",,E:\ULM\hatimb-particle_flow_simulator\ulm_3D_vascular\vessel_model\T - A high-resolution dataset of mouse brain vasculature\raw_data\analysis_data\analysis_data\images\fMOST_0_5_7_0_0_10_0001_02_02.tif,E:\ULM\hatimb-particle_flow_simulator\ulm_3D_vascular\vessel_model\T - A high-resolution dataset of mouse brain vasculature\raw_data\analysis_data\analysis_data\mask\fMOST_0_5_7_0_0_10_0001_02_02.tif,E:\ULM\hatimb-particle_flow_simulator\ulm_3D_vascular\vessel_model\T - A high-resolution dataset of mouse brain vasculature\raw_data\analysis_data\analysis_data\swc\fMOST_0_5_7_0_0_10_0001_02_02.swc,1606711,1615020,407901,True,,[]
raw-analysis__fMOST_0_5_7_0_0_10_0002_00_00,raw-analysis,fMOST_0_5_7_0_0_10_0002_00_00,fMOST_0_5_7_0_0_10,"(2, 0, 0)",,E:\ULM\hatimb-particle_flow_simulator\ulm_3D_vascular\vessel_model\T - A high-resolution dataset of mouse brain vasculature\raw_data\analysis_data\analysis_data\images\fMOST_0_5_7_0_0_10_0002_00_00.tif,E:\ULM\hatimb-particle_flow_simulator\ulm_3D_vascular\vessel_model\T - A high-resolution dataset of mouse brain vasculature\raw_data\analysis_data\analysis_data\mask\fMOST_0_5_7_0_0_10_0002_00_00.tif,E:\ULM\hatimb-particle_flow_simulator\ulm_3D_vascular\vessel_model\T - A high-resolution dataset of mouse brain vasculature\raw_data\analysis_data\analysis_data\swc\fMOST_0_5_7_0_0_10_0002_00_00.swc,1627990,1713280,468967,True,,[]
raw-analysis__fMOST_0_5_7_0_0_10_0002_00_01,raw-analysis,fMOST_0_5_7_0_0_10_0002_00_01,fMOST_0_5_7_0_0_10,"(2, 0, 1)",,E:\ULM\hatimb-particle_flow_simulator\ulm_3D_vascular\vessel_model\T - A high-resolution dataset of mouse brain vasculature\raw_data\analysis_data\analysis_data\images\fMOST_0_5_7_0_0_10_0002_00_01.tif,E:\ULM\hatimb-particle_flow_simulator\ulm_3D_vascular\vessel_model\T - A high-resolution dataset of mouse brain vasculature\raw_data\analysis_data\analysis_data\mask\fMOST_0_5_7_0_0_10_0002_00_01.tif,E:\ULM\hatimb-particle_flow_simulator\ulm_3D_vascular\vessel_model\T - A high-resolution dataset of mouse brain vasculature\raw_data\analysis_data\analysis_data\swc\fMOST_0_5_7_0_0_10_0002_00_01.swc,1569630,1582264,401069,True,,[]
raw-analysis__fMOST_0_5_7_0_0_10_0002_00_02,raw-analysis,fMOST_0_5_7_0_0_10_0002_00_02,fMOST_0_5_7_0_0_10,"(2, 0, 2)",,E:\ULM\hatimb-particle_flow_simulator\ulm_3D_vascular\vessel_model\T - A high-resolution dataset of mouse brain vasculature\raw_data\analysis_data\analysis_data\images\fMOST_0_5_7_0_0_10_0002_00_02.tif,E:\ULM\hatimb-particle_flow_simulator\ulm_3D_vascular\vessel_model\T - A high-resolution dataset of mouse brain vasculature\raw_data\analysis_data\analysis_data\mask\fMOST_0_5_7_0_0_10_0002_00_02.tif,E:\ULM\hatimb-particle_flow_simulator\ulm_3D_vascular\vessel_model\T - A high-resolution dataset of mouse brain vasculature\raw_data\analysis_data\analysis_data\swc\fMOST_0_5_7_0_0_10_0002_00_02.swc,1566975,1570458,390549,True,,[]
raw-analysis__fMOST_0_5_7_0_0_10_0002_01_00,raw-analysis,fMOST_0_5_7_0_0_10_0002_01_00,fMOST_0_5_7_0_0_10,"(2, 1, 0)",,E:\ULM\hatimb-particle_flow_simulator\ulm_3D_vascular\vessel_model\T - A high-resolution dataset of mouse brain vasculature\raw_data\analysis_data\analysis_data\images\fMOST_0_5_7_0_0_10_0002_01_00.tif,E:\ULM\hatimb-particle_flow_simulator\ulm_3D_vascular\vessel_model\T - A high-resolution dataset of mouse brain vasculature\raw_data\analysis_data\analysis_data\mask\fMOST_0_5_7_0_0_10_0002_01_00.tif,E:\ULM\hatimb-particle_flow_simulator\ulm_3D_vascular\vessel_model\T - A high-resolution dataset of mouse brain vasculature\raw_data\analysis_data\analysis_data\swc\fMOST_0_5_7_0_0_10_0002_01_00.swc,1827133,1930236,509821,True,,[]
raw-analysis__fMOST_0_5_7_0_0_10_0002_01_01,raw-analysis,fMOST_0_5_7_0_0_10_0002_01_01,fMOST_0_5_7_0_0_10,"(2, 1, 1)",,E:\ULM\hatimb-particle_flow_simulator\ulm_3D_vascular\vessel_model\T - A high-resolution dataset of mouse brain vasculature\raw_data\analysis_data\analysis_data\images\fMOST_0_5_7_0_0_10_0002_01_01.tif,E:\ULM\hatimb-particle_flow_simulator\ulm_3D_vascular\vessel_model\T - A high-resolution dataset of mouse brain vasculature\raw_data\analysis_data\analysis_data\mask\fMOST_0_5_7_0_0_10_0002_01_01.tif,E:\ULM\hatimb-particle_flow_simulator\ulm_3D_vascular\vessel_model\T - A high-resolution dataset of mouse brain vasculature\raw_data\analysis_data\analysis_data\swc\fMOST_0_5_7_0_0_10_0002_01_01.swc,1808429,1710700,497473,True,,[]
raw-analysis__fMOST_0_5_7_0_0_10_0002_01_02,raw-analysis,fMOST_0_5_7_0_0_10_0002_01_02,fMOST_0_5_7_0_0_10,"(2, 1, 2)",,E:\ULM\hatimb-particle_flow_simulator\ulm_3D_vascular\vessel_model\T - A high-resolution dataset of mouse brain vasculature\raw_data\analysis_data\analysis_data\images\fMOST_0_5_7_0_0_10_0002_01_02.tif,E:\ULM\hatimb-particle_flow_simulator\ulm_3D_vascular\vessel_model\T - A high-resolution dataset of mouse brain vasculature\raw_data\analysis_data\analysis_data\mask\fMOST_0_5_7_0_0_10_0002_01_02.tif,E:\ULM\hatimb-particle_flow_simulator\ulm_3D_vascular\vessel_model\T - A high-resolution dataset of mouse brain vasculature\raw_data\analysis_data\analysis_data\swc\fMOST_0_5_7_0_0_10_0002_01_02.swc,1694698,1756604,470600,True,,[]
raw-analysis__fMOST_0_5_7_0_0_10_0002_02_00,raw-analysis,fMOST_0_5_7_0_0_10_0002_02_00,fMOST_0_5_7_0_0_10,"(2, 2, 0)",,E:\ULM\hatimb-particle_flow_simulator\ulm_3D_vascular\vessel_model\T - A high-resolution dataset of mouse brain vasculature\raw_data\analysis_data\analysis_data\images\fMOST_0_5_7_0_0_10_0002_02_00.tif,E:\ULM\hatimb-particle_flow_simulator\ulm_3D_vascular\vessel_model\T - A high-resolution dataset of mouse brain vasculature\raw_data\analysis_data\analysis_data\mask\fMOST_0_5_7_0_0_10_0002_02_00.tif,E:\ULM\hatimb-particle_flow_simulator\ulm_3D_vascular\vessel_model\T - A high-resolution dataset of mouse brain vasculature\raw_data\analysis_data\analysis_data\swc\fMOST_0_5_7_0_0_10_0002_02_00.swc,1743822,1786493,512961,True,,[]
raw-analysis__fMOST_0_5_7_0_0_10_0002_02_01,raw-analysis,fMOST_0_5_7_0_0_10_0002_02_01,fMOST_0_5_7_0_0_10,"(2, 2, 1)",,E:\ULM\hatimb-particle_flow_simulator\ulm_3D_vascular\vessel_model\T - A high-resolution dataset of mouse brain vasculature\raw_data\analysis_data\analysis_data\images\fMOST_0_5_7_0_0_10_0002_02_01.tif,E:\ULM\hatimb-particle_flow_simulator\ulm_3D_vascular\vessel_model\T - A high-resolution dataset of mouse brain vasculature\raw_data\analysis_data\analysis_data\mask\fMOST_0_5_7_0_0_10_0002_02_01.tif,E:\ULM\hatimb-particle_flow_simulator\ulm_3D_vascular\vessel_model\T - A high-resolution dataset of mouse brain vasculature\raw_data\analysis_data\analysis_data\swc\fMOST_0_5_7_0_0_10_0002_02_01.swc,1855140,1830805,498748,True,,[]
raw-analysis__fMOST_0_5_7_0_0_10_0002_02_02,raw-analysis,fMOST_0_5_7_0_0_10_0002_02_02,fMOST_0_5_7_0_0_10,"(2, 2, 2)",,E:\ULM\hatimb-particle_flow_simulator\ulm_3D_vascular\vessel_model\T - A high-resolution dataset of mouse brain vasculature\raw_data\analysis_data\analysis_data\images\fMOST_0_5_7_0_0_10_0002_02_02.tif,E:\ULM\hatimb-particle_flow_simulator\ulm_3D_vascular\vessel_model\T - A high-resolution dataset of mouse brain vasculature\raw_data\analysis_data\analysis_data\mask\fMOST_0_5_7_0_0_10_0002_02_02.tif,E:\ULM\hatimb-particle_flow_simulator\ulm_3D_vascular\vessel_model\T - A high-resolution dataset of mouse brain vasculature\raw_data\analysis_data\analysis_data\swc\fMOST_0_5_7_0_0_10_0002_02_02.swc,1767709,1853315,523670,True,,[]
raw-analysis__fMOST_1_3_9_0_0_7_0000_00_00,raw-analysis,fMOST_1_3_9_0_0_7_0000_00_00,fMOST_1_3_9_0_0_7,"(0, 0, 0)",,E:\ULM\hatimb-particle_flow_simulator\ulm_3D_vascular\vessel_model\T - A high-resolution dataset of mouse brain vasculature\raw_data\analysis_data\analysis_data\images\fMOST_1_3_9_0_0_7_0000_00_00.tif,E:\ULM\hatimb-particle_flow_simulator\ulm_3D_vascular\vessel_model\T - A high-resolution dataset of mouse brain vasculature\raw_data\analysis_data\analysis_data\mask\fMOST_1_3_9_0_0_7_0000_00_00.tif,E:\ULM\hatimb-particle_flow_simulator\ulm_3D_vascular\vessel_model\T - A high-resolution dataset of mouse brain vasculature\raw_data\analysis_data\analysis_data\swc\fMOST_1_3_9_0_0_7_0000_00_00.swc,2598480,1348629,210278,True,,[]
raw-analysis__fMOST_1_3_9_0_0_7_0000_00_01,raw-analysis,fMOST_1_3_9_0_0_7_0000_00_01,fMOST_1_3_9_0_0_7,"(0, 0, 1)",,E:\ULM\hatimb-particle_flow_simulator\ulm_3D_vascular\vessel_model\T - A high-resolution dataset of mouse brain vasculature\raw_data\analysis_data\analysis_data\images\fMOST_1_3_9_0_0_7_0000_00_01.tif,E:\ULM\hatimb-particle_flow_simulator\ulm_3D_vascular\vessel_model\T - A high-resolution dataset of mouse brain vasculature\raw_data\analysis_data\analysis_data\mask\fMOST_1_3_9_0_0_7_0000_00_01.tif,E:\ULM\hatimb-particle_flow_simulator\ulm_3D_vascular\vessel_model\T - A high-resolution dataset of mouse brain vasculature\raw_data\analysis_data\analysis_data\swc\fMOST_1_3_9_0_0_7_0000_00_01.swc,2419365,1164280,188815,True,,[]
raw-analysis__fMOST_1_3_9_0_0_7_0000_00_02,raw-analysis,fMOST_1_3_9_0_0_7_0000_00_02,fMOST_1_3_9_0_0_7,"(0, 0, 2)",,E:\ULM\hatimb-particle_flow_simulator\ulm_3D_vascular\vessel_model\T - A high-resolution dataset of mouse brain vasculature\raw_data\analysis_data\analysis_data\images\fMOST_1_3_9_0_0_7_0000_00_02.tif,E:\ULM\hatimb-particle_flow_simulator\ulm_3D_vascular\vessel_model\T - A high-resolution dataset of mouse brain vasculature\raw_data\analysis_data\analysis_data\mask\fMOST_1_3_9_0_0_7_0000_00_02.tif,E:\ULM\hatimb-particle_flow_simulator\ulm_3D_vascular\vessel_model\T - A high-resolution dataset of mouse brain vasculature\raw_data\analysis_data\analysis_data\swc\fMOST_1_3_9_0_0_7_0000_00_02.swc,2395068,1228493,215214,True,,[]
raw-analysis__fMOST_1_3_9_0_0_7_0000_01_00,raw-analysis,fMOST_1_3_9_0_0_7_0000_01_00,fMOST_1_3_9_0_0_7,"(0, 1, 0)",,E:\ULM\hatimb-particle_flow_simulator\ulm_3D_vascular\vessel_model\T - A high-resolution dataset of mouse brain vasculature\raw_data\analysis_data\analysis_data\images\fMOST_1_3_9_0_0_7_0000_01_00.tif,E:\ULM\hatimb-particle_flow_simulator\ulm_3D_vascular\vessel_model\T - A high-resolution dataset of mouse brain vasculature\raw_data\analysis_data\analysis_data\mask\fMOST_1_3_9_0_0_7_0000_01_00.tif,E:\ULM\hatimb-particle_flow_simulator\ulm_3D_vascular\vessel_model\T - A high-resolution dataset of mouse brain vasculature\raw_data\analysis_data\analysis_data\swc\fMOST_1_3_9_0_0_7_0000_01_00.swc,2526249,1298924,206729,True,,[]
raw-analysis__fMOST_1_3_9_0_0_7_0000_01_01,raw-analysis,fMOST_1_3_9_0_0_7_0000_01_01,fMOST_1_3_9_0_0_7,"(0, 1, 1)",,E:\ULM\hatimb-particle_flow_simulator\ulm_3D_vascular\vessel_model\T - A high-resolution dataset of mouse brain vasculature\raw_data\analysis_data\analysis_data\images\fMOST_1_3_9_0_0_7_0000_01_01.tif,E:\ULM\hatimb-particle_flow_simulator\ulm_3D_vascular\vessel_model\T - A high-resolution dataset of mouse brain vasculature\raw_data\analysis_data\analysis_data\mask\fMOST_1_3_9_0_0_7_0000_01_01.tif,E:\ULM\hatimb-particle_flow_simulator\ulm_3D_vascular\vessel_model\T - A high-resolution dataset of mouse brain vasculature\raw_data\analysis_data\analysis_data\swc\fMOST_1_3_9_0_0_7_0000_01_01.swc,2748833,1245285,254337,True,,[]
raw-analysis__fMOST_1_3_9_0_0_7_0000_01_02,raw-analysis,fMOST_1_3_9_0_0_7_0000_01_02,fMOST_1_3_9_0_0_7,"(0, 1, 2)",,E:\ULM\hatimb-particle_flow_simulator\ulm_3D_vascular\vessel_model\T - A high-resolution dataset of mouse brain vasculature\raw_data\analysis_data\analysis_data\images\fMOST_1_3_9_0_0_7_0000_01_02.tif,E:\ULM\hatimb-particle_flow_simulator\ulm_3D_vascular\vessel_model\T - A high-resolution dataset of mouse brain vasculature\raw_data\analysis_data\analysis_data\mask\fMOST_1_3_9_0_0_7_0000_01_02.tif,E:\ULM\hatimb-particle_flow_simulator\ulm_3D_vascular\vessel_model\T - A high-resolution dataset of mouse brain vasculature\raw_data\analysis_data\analysis_data\swc\fMOST_1_3_9_0_0_7_0000_01_02.swc,2587787,1359660,212105,True,,[]
raw-analysis__fMOST_1_3_9_0_0_7_0000_02_00,raw-analysis,fMOST_1_3_9_0_0_7_0000_02_00,fMOST_1_3_9_0_0_7,"(0, 2, 0)",,E:\ULM\hatimb-particle_flow_simulator\ulm_3D_vascular\vessel_model\T - A high-resolution dataset of mouse brain vasculature\raw_data\analysis_data\analysis_data\images\fMOST_1_3_9_0_0_7_0000_02_00.tif,E:\ULM\hatimb-particle_flow_simulator\ulm_3D_vascular\vessel_model\T - A high-resolution dataset of mouse brain vasculature\raw_data\analysis_data\analysis_data\mask\fMOST_1_3_9_0_0_7_0000_02_00.tif,E:\ULM\hatimb-particle_flow_simulator\ulm_3D_vascular\vessel_model\T - A high-resolution dataset of mouse brain vasculature\raw_data\analysis_data\analysis_data\swc\fMOST_1_3_9_0_0_7_0000_02_00.swc,2514804,1325098,196731,True,,[]
raw-analysis__fMOST_1_3_9_0_0_7_0000_02_01,raw-analysis,fMOST_1_3_9_0_0_7_0000_02_01,fMOST_1_3_9_0_0_7,"(0, 2, 1)",,E:\ULM\hatimb-particle_flow_simulator\ulm_3D_vascular\vessel_model\T - A high-resolution dataset of mouse brain vasculature\raw_data\analysis_data\analysis_data\images\fMOST_1_3_9_0_0_7_0000_02_01.tif,E:\ULM\hatimb-particle_flow_simulator\ulm_3D_vascular\vessel_model\T - A high-resolution dataset of mouse brain vasculature\raw_data\analysis_data\analysis_data\mask\fMOST_1_3_9_0_0_7_0000_02_01.tif,E:\ULM\hatimb-particle_flow_simulator\ulm_3D_vascular\vessel_model\T - A high-resolution dataset of mouse brain vasculature\raw_data\analysis_data\analysis_data\swc\fMOST_1_3_9_0_0_7_0000_02_01.swc,2795167,1212143,247832,True,,[]
raw-analysis__fMOST_1_3_9_0_0_7_0000_02_02,raw-analysis,fMOST_1_3_9_0_0_7_0000_02_02,fMOST_1_3_9_0_0_7,"(0, 2, 2)",,E:\ULM\hatimb-particle_flow_simulator\ulm_3D_vascular\vessel_model\T - A high-resolution dataset of mouse brain vasculature\raw_data\analysis_data\analysis_data\images\fMOST_1_3_9_0_0_7_0000_02_02.tif,E:\ULM\hatimb-particle_flow_simulator\ulm_3D_vascular\vessel_model\T - A high-resolution dataset of mouse brain vasculature\raw_data\analysis_data\analysis_data\mask\fMOST_1_3_9_0_0_7_0000_02_02.tif,E:\ULM\hatimb-particle_flow_simulator\ulm_3D_vascular\vessel_model\T - A high-resolution dataset of mouse brain vasculature\raw_data\analysis_data\analysis_data\swc\fMOST_1_3_9_0_0_7_0000_02_02.swc,2718409,1188570,281802,True,,[]
raw-analysis__fMOST_1_3_9_0_0_7_0001_00_00,raw-analysis,fMOST_1_3_9_0_0_7_0001_00_00,fMOST_1_3_9_0_0_7,"(1, 0, 0)",,E:\ULM\hatimb-particle_flow_simulator\ulm_3D_vascular\vessel_model\T - A high-resolution dataset of mouse brain vasculature\raw_data\analysis_data\analysis_data\images\fMOST_1_3_9_0_0_7_0001_00_00.tif,E:\ULM\hatimb-particle_flow_simulator\ulm_3D_vascular\vessel_model\T - A high-resolution dataset of mouse brain vasculature\raw_data\analysis_data\analysis_data\mask\fMOST_1_3_9_0_0_7_0001_00_00.tif,E:\ULM\hatimb-particle_flow_simulator\ulm_3D_vascular\vessel_model\T - A high-resolution dataset of mouse brain vasculature\raw_data\analysis_data\analysis_data\swc\fMOST_1_3_9_0_0_7_0001_00_00.swc,2910881,1461817,330788,True,,[]
raw-analysis__fMOST_1_3_9_0_0_7_0001_00_01,raw-analysis,fMOST_1_3_9_0_0_7_0001_00_01,fMOST_1_3_9_0_0_7,"(1, 0, 1)",,E:\ULM\hatimb-particle_flow_simulator\ulm_3D_vascular\vessel_model\T - A high-resolution dataset of mouse brain vasculature\raw_data\analysis_data\analysis_data\images\fMOST_1_3_9_0_0_7_0001_00_01.tif,E:\ULM\hatimb-particle_flow_simulator\ulm_3D_vascular\vessel_model\T - A high-resolution dataset of mouse brain vasculature\raw_data\analysis_data\analysis_data\mask\fMOST_1_3_9_0_0_7_0001_00_01.tif,E:\ULM\hatimb-particle_flow_simulator\ulm_3D_vascular\vessel_model\T - A high-resolution dataset of mouse brain vasculature\raw_data\analysis_data\analysis_data\swc\fMOST_1_3_9_0_0_7_0001_00_01.swc,2569396,1240193,258511,True,,[]
raw-analysis__fMOST_1_3_9_0_0_7_0001_00_02,raw-analysis,fMOST_1_3_9_0_0_7_0001_00_02,fMOST_1_3_9_0_0_7,"(1, 0, 2)",,E:\ULM\hatimb-particle_flow_simulator\ulm_3D_vascular\vessel_model\T - A high-resolution dataset of mouse brain vasculature\raw_data\analysis_data\analysis_data\images\fMOST_1_3_9_0_0_7_0001_00_02.tif,E:\ULM\hatimb-particle_flow_simulator\ulm_3D_vascular\vessel_model\T - A high-resolution dataset of mouse brain vasculature\raw_data\analysis_data\analysis_data\mask\fMOST_1_3_9_0_0_7_0001_00_02.tif,E:\ULM\hatimb-particle_flow_simulator\ulm_3D_vascular\vessel_model\T - A high-resolution dataset of mouse brain vasculature\raw_data\analysis_data\analysis_data\swc\fMOST_1_3_9_0_0_7_0001_00_02.swc,2392959,1103253,200864,True,,[]
raw-analysis__fMOST_1_3_9_0_0_7_0001_01_00,raw-analysis,fMOST_1_3_9_0_0_7_0001_01_00,fMOST_1_3_9_0_0_7,"(1, 1, 0)",,E:\ULM\hatimb-particle_flow_simulator\ulm_3D_vascular\vessel_model\T - A high-resolution dataset of mouse brain vasculature\raw_data\analysis_data\analysis_data\images\fMOST_1_3_9_0_0_7_0001_01_00.tif,E:\ULM\hatimb-particle_flow_simulator\ulm_3D_vascular\vessel_model\T - A high-resolution dataset of mouse brain vasculature\raw_data\analysis_data\analysis_data\mask\fMOST_1_3_9_0_0_7_0001_01_00.tif,E:\ULM\hatimb-particle_flow_simulator\ulm_3D_vascular\vessel_model\T - A high-resolution dataset of mouse brain vasculature\raw_data\analysis_data\analysis_data\swc\fMOST_1_3_9_0_0_7_0001_01_00.swc,2649493,1050440,247198,True,,[]
raw-analysis__fMOST_1_3_9_0_0_7_0001_01_01,raw-analysis,fMOST_1_3_9_0_0_7_0001_01_01,fMOST_1_3_9_0_0_7,"(1, 1, 1)",,E:\ULM\hatimb-particle_flow_simulator\ulm_3D_vascular\vessel_model\T - A high-resolution dataset of mouse brain vasculature\raw_data\analysis_data\analysis_data\images\fMOST_1_3_9_0_0_7_0001_01_01.tif,E:\ULM\hatimb-particle_flow_simulator\ulm_3D_vascular\vessel_model\T - A high-resolution dataset of mouse brain vasculature\raw_data\analysis_data\analysis_data\mask\fMOST_1_3_9_0_0_7_0001_01_01.tif,E:\ULM\hatimb-particle_flow_simulator\ulm_3D_vascular\vessel_model\T - A high-resolution dataset of mouse brain vasculature\raw_data\analysis_data\analysis_data\swc\fMOST_1_3_9_0_0_7_0001_01_01.swc,2696917,1181822,309433,True,,[]
raw-analysis__fMOST_1_3_9_0_0_7_0001_01_02,raw-analysis,fMOST_1_3_9_0_0_7_0001_01_02,fMOST_1_3_9_0_0_7,"(1, 1, 2)",,E:\ULM\hatimb-particle_flow_simulator\ulm_3D_vascular\vessel_model\T - A high-resolution dataset of mouse brain vasculature\raw_data\analysis_data\analysis_data\images\fMOST_1_3_9_0_0_7_0001_01_02.tif,E:\ULM\hatimb-particle_flow_simulator\ulm_3D_vascular\vessel_model\T - A high-resolution dataset of mouse brain vasculature\raw_data\analysis_data\analysis_data\mask\fMOST_1_3_9_0_0_7_0001_01_02.tif,E:\ULM\hatimb-particle_flow_simulator\ulm_3D_vascular\vessel_model\T - A high-resolution dataset of mouse brain vasculature\raw_data\analysis_data\analysis_data\swc\fMOST_1_3_9_0_0_7_0001_01_02.swc,2520415,1349366,233409,True,,[]
raw-analysis__fMOST_1_3_9_0_0_7_0001_02_00,raw-analysis,fMOST_1_3_9_0_0_7_0001_02_00,fMOST_1_3_9_0_0_7,"(1, 2, 0)",,E:\ULM\hatimb-particle_flow_simulator\ulm_3D_vascular\vessel_model\T - A high-resolution dataset of mouse brain vasculature\raw_data\analysis_data\analysis_data\images\fMOST_1_3_9_0_0_7_0001_02_00.tif,E:\ULM\hatimb-particle_flow_simulator\ulm_3D_vascular\vessel_model\T - A high-resolution dataset of mouse brain vasculature\raw_data\analysis_data\analysis_data\mask\fMOST_1_3_9_0_0_7_0001_02_00.tif,E:\ULM\hatimb-particle_flow_simulator\ulm_3D_vascular\vessel_model\T - A high-resolution dataset of mouse brain vasculature\raw_data\analysis_data\analysis_data\swc\fMOST_1_3_9_0_0_7_0001_02_00.swc,2383960,1121191,183990,True,,[]
raw-analysis__fMOST_1_3_9_0_0_7_0001_02_01,raw-analysis,fMOST_1_3_9_0_0_7_0001_02_01,fMOST_1_3_9_0_0_7,"(1, 2, 1)",,E:\ULM\hatimb-particle_flow_simulator\ulm_3D_vascular\vessel_model\T - A high-resolution dataset of mouse brain vasculature\raw_data\analysis_data\analysis_data\images\fMOST_1_3_9_0_0_7_0001_02_01.tif,E:\ULM\hatimb-particle_flow_simulator\ulm_3D_vascular\vessel_model\T - A high-resolution dataset of mouse brain vasculature\raw_data\analysis_data\analysis_data\mask\fMOST_1_3_9_0_0_7_0001_02_01.tif,E:\ULM\hatimb-particle_flow_simulator\ulm_3D_vascular\vessel_model\T - A high-resolution dataset of mouse brain vasculature\raw_data\analysis_data\analysis_data\swc\fMOST_1_3_9_0_0_7_0001_02_01.swc,2858988,1260593,245030,True,,[]
raw-analysis__fMOST_1_3_9_0_0_7_0001_02_02,raw-analysis,fMOST_1_3_9_0_0_7_0001_02_02,fMOST_1_3_9_0_0_7,"(1, 2, 2)",,E:\ULM\hatimb-particle_flow_simulator\ulm_3D_vascular\vessel_model\T - A high-resolution dataset of mouse brain vasculature\raw_data\analysis_data\analysis_data\images\fMOST_1_3_9_0_0_7_0001_02_02.tif,E:\ULM\hatimb-particle_flow_simulator\ulm_3D_vascular\vessel_model\T - A high-resolution dataset of mouse brain vasculature\raw_data\analysis_data\analysis_data\mask\fMOST_1_3_9_0_0_7_0001_02_02.tif,E:\ULM\hatimb-particle_flow_simulator\ulm_3D_vascular\vessel_model\T - A high-resolution dataset of mouse brain vasculature\raw_data\analysis_data\analysis_data\swc\fMOST_1_3_9_0_0_7_0001_02_02.swc,2443646,903570,250618,True,,[]
raw-analysis__fMOST_1_3_9_0_0_7_0002_00_00,raw-analysis,fMOST_1_3_9_0_0_7_0002_00_00,fMOST_1_3_9_0_0_7,"(2, 0, 0)",,E:\ULM\hatimb-particle_flow_simulator\ulm_3D_vascular\vessel_model\T - A high-resolution dataset of mouse brain vasculature\raw_data\analysis_data\analysis_data\images\fMOST_1_3_9_0_0_7_0002_00_00.tif,E:\ULM\hatimb-particle_flow_simulator\ulm_3D_vascular\vessel_model\T - A high-resolution dataset of mouse brain vasculature\raw_data\analysis_data\analysis_data\mask\fMOST_1_3_9_0_0_7_0002_00_00.tif,E:\ULM\hatimb-particle_flow_simulator\ulm_3D_vascular\vessel_model\T - A high-resolution dataset of mouse brain vasculature\raw_data\analysis_data\analysis_data\swc\fMOST_1_3_9_0_0_7_0002_00_00.swc,2962585,1603196,297276,True,,[]
raw-analysis__fMOST_1_3_9_0_0_7_0002_00_01,raw-analysis,fMOST_1_3_9_0_0_7_0002_00_01,fMOST_1_3_9_0_0_7,"(2, 0, 1)",,E:\ULM\hatimb-particle_flow_simulator\ulm_3D_vascular\vessel_model\T - A high-resolution dataset of mouse brain vasculature\raw_data\analysis_data\analysis_data\images\fMOST_1_3_9_0_0_7_0002_00_01.tif,E:\ULM\hatimb-particle_flow_simulator\ulm_3D_vascular\vessel_model\T - A high-resolution dataset of mouse brain vasculature\raw_data\analysis_data\analysis_data\mask\fMOST_1_3_9_0_0_7_0002_00_01.tif,E:\ULM\hatimb-particle_flow_simulator\ulm_3D_vascular\vessel_model\T - A high-resolution dataset of mouse brain vasculature\raw_data\analysis_data\analysis_data\swc\fMOST_1_3_9_0_0_7_0002_00_01.swc,2734721,1259950,266081,True,,[]
raw-analysis__fMOST_1_3_9_0_0_7_0002_00_02,raw-analysis,fMOST_1_3_9_0_0_7_0002_00_02,fMOST_1_3_9_0_0_7,"(2, 0, 2)",,E:\ULM\hatimb-particle_flow_simulator\ulm_3D_vascular\vessel_model\T - A high-resolution dataset of mouse brain vasculature\raw_data\analysis_data\analysis_data\images\fMOST_1_3_9_0_0_7_0002_00_02.tif,E:\ULM\hatimb-particle_flow_simulator\ulm_3D_vascular\vessel_model\T - A high-resolution dataset of mouse brain vasculature\raw_data\analysis_data\analysis_data\mask\fMOST_1_3_9_0_0_7_0002_00_02.tif,E:\ULM\hatimb-particle_flow_simulator\ulm_3D_vascular\vessel_model\T - A high-resolution dataset of mouse brain vasculature\raw_data\analysis_data\analysis_data\swc\fMOST_1_3_9_0_0_7_0002_00_02.swc,2556427,1392884,217834,True,,[]
raw-analysis__fMOST_1_3_9_0_0_7_0002_01_00,raw-analysis,fMOST_1_3_9_0_0_7_0002_01_00,fMOST_1_3_9_0_0_7,"(2, 1, 0)",,E:\ULM\hatimb-particle_flow_simulator\ulm_3D_vascular\vessel_model\T - A high-resolution dataset of mouse brain vasculature\raw_data\analysis_data\analysis_data\images\fMOST_1_3_9_0_0_7_0002_01_00.tif,E:\ULM\hatimb-particle_flow_simulator\ulm_3D_vascular\vessel_model\T - A high-resolution dataset of mouse brain vasculature\raw_data\analysis_data\analysis_data\mask\fMOST_1_3_9_0_0_7_0002_01_00.tif,E:\ULM\hatimb-particle_flow_simulator\ulm_3D_vascular\vessel_model\T - A high-resolution dataset of mouse brain vasculature\raw_data\analysis_data\analysis_data\swc\fMOST_1_3_9_0_0_7_0002_01_00.swc,2623215,1376460,214349,True,,[]
raw-analysis__fMOST_1_3_9_0_0_7_0002_01_01,raw-analysis,fMOST_1_3_9_0_0_7_0002_01_01,fMOST_1_3_9_0_0_7,"(2, 1, 1)",,E:\ULM\hatimb-particle_flow_simulator\ulm_3D_vascular\vessel_model\T - A high-resolution dataset of mouse brain vasculature\raw_data\analysis_data\analysis_data\images\fMOST_1_3_9_0_0_7_0002_01_01.tif,E:\ULM\hatimb-particle_flow_simulator\ulm_3D_vascular\vessel_model\T - A high-resolution dataset of mouse brain vasculature\raw_data\analysis_data\analysis_data\mask\fMOST_1_3_9_0_0_7_0002_01_01.tif,E:\ULM\hatimb-particle_flow_simulator\ulm_3D_vascular\vessel_model\T - A high-resolution dataset of mouse brain vasculature\raw_data\analysis_data\analysis_data\swc\fMOST_1_3_9_0_0_7_0002_01_01.swc,2753537,1188387,284329,True,,[]
raw-analysis__fMOST_1_3_9_0_0_7_0002_01_02,raw-analysis,fMOST_1_3_9_0_0_7_0002_01_02,fMOST_1_3_9_0_0_7,"(2, 1, 2)",,E:\ULM\hatimb-particle_flow_simulator\ulm_3D_vascular\vessel_model\T - A high-resolution dataset of mouse brain vasculature\raw_data\analysis_data\analysis_data\images\fMOST_1_3_9_0_0_7_0002_01_02.tif,E:\ULM\hatimb-particle_flow_simulator\ulm_3D_vascular\vessel_model\T - A high-resolution dataset of mouse brain vasculature\raw_data\analysis_data\analysis_data\mask\fMOST_1_3_9_0_0_7_0002_01_02.tif,E:\ULM\hatimb-particle_flow_simulator\ulm_3D_vascular\vessel_model\T - A high-resolution dataset of mouse brain vasculature\raw_data\analysis_data\analysis_data\swc\fMOST_1_3_9_0_0_7_0002_01_02.swc,2535909,1264465,265131,True,,[]
raw-analysis__fMOST_1_3_9_0_0_7_0002_02_00,raw-analysis,fMOST_1_3_9_0_0_7_0002_02_00,fMOST_1_3_9_0_0_7,"(2, 2, 0)",,E:\ULM\hatimb-particle_flow_simulator\ulm_3D_vascular\vessel_model\T - A high-resolution dataset of mouse brain vasculature\raw_data\analysis_data\analysis_data\images\fMOST_1_3_9_0_0_7_0002_02_00.tif,E:\ULM\hatimb-particle_flow_simulator\ulm_3D_vascular\vessel_model\T - A high-resolution dataset of mouse brain vasculature\raw_data\analysis_data\analysis_data\mask\fMOST_1_3_9_0_0_7_0002_02_00.tif,E:\ULM\hatimb-particle_flow_simulator\ulm_3D_vascular\vessel_model\T - A high-resolution dataset of mouse brain vasculature\raw_data\analysis_data\analysis_data\swc\fMOST_1_3_9_0_0_7_0002_02_00.swc,2477574,1389810,193136,True,,[]
raw-analysis__fMOST_1_3_9_0_0_7_0002_02_01,raw-analysis,fMOST_1_3_9_0_0_7_0002_02_01,fMOST_1_3_9_0_0_7,"(2, 2, 1)",,E:\ULM\hatimb-particle_flow_simulator\ulm_3D_vascular\vessel_model\T - A high-resolution dataset of mouse brain vasculature\raw_data\analysis_data\analysis_data\images\fMOST_1_3_9_0_0_7_0002_02_01.tif,E:\ULM\hatimb-particle_flow_simulator\ulm_3D_vascular\vessel_model\T - A high-resolution dataset of mouse brain vasculature\raw_data\analysis_data\analysis_data\mask\fMOST_1_3_9_0_0_7_0002_02_01.tif,E:\ULM\hatimb-particle_flow_simulator\ulm_3D_vascular\vessel_model\T - A high-resolution dataset of mouse brain vasculature\raw_data\analysis_data\analysis_data\swc\fMOST_1_3_9_0_0_7_0002_02_01.swc,2851105,1294092,250456,True,,[]
raw-analysis__fMOST_1_3_9_0_0_7_0002_02_02,raw-analysis,fMOST_1_3_9_0_0_7_0002_02_02,fMOST_1_3_9_0_0_7,"(2, 2, 2)",,E:\ULM\hatimb-particle_flow_simulator\ulm_3D_vascular\vessel_model\T - A high-resolution dataset of mouse brain vasculature\raw_data\analysis_data\analysis_data\images\fMOST_1_3_9_0_0_7_0002_02_02.tif,E:\ULM\hatimb-particle_flow_simulator\ulm_3D_vascular\vessel_model\T - A high-resolution dataset of mouse brain vasculature\raw_data\analysis_data\analysis_data\mask\fMOST_1_3_9_0_0_7_0002_02_02.tif,E:\ULM\hatimb-particle_flow_simulator\ulm_3D_vascular\vessel_model\T - A high-resolution dataset of mouse brain vasculature\raw_data\analysis_data\analysis_data\swc\fMOST_1_3_9_0_0_7_0002_02_02.swc,2792793,1146555,248266,True,,[]
raw-analysis__fMOST_1_7_6_0_0_4_0000_00_00,raw-analysis,fMOST_1_7_6_0_0_4_0000_00_00,fMOST_1_7_6_0_0_4,"(0, 0, 0)",,E:\ULM\hatimb-particle_flow_simulator\ulm_3D_vascular\vessel_model\T - A high-resolution dataset of mouse brain vasculature\raw_data\analysis_data\analysis_data\images\fMOST_1_7_6_0_0_4_0000_00_00.tif,E:\ULM\hatimb-particle_flow_simulator\ulm_3D_vascular\vessel_model\T - A high-resolution dataset of mouse brain vasculature\raw_data\analysis_data\analysis_data\mask\fMOST_1_7_6_0_0_4_0000_00_00.tif,E:\ULM\hatimb-particle_flow_simulator\ulm_3D_vascular\vessel_model\T - A high-resolution dataset of mouse brain vasculature\raw_data\analysis_data\analysis_data\swc\fMOST_1_7_6_0_0_4_0000_00_00.swc,2148293,782869,245476,True,,[]
raw-analysis__fMOST_1_7_6_0_0_4_0000_00_01,raw-analysis,fMOST_1_7_6_0_0_4_0000_00_01,fMOST_1_7_6_0_0_4,"(0, 0, 1)",,E:\ULM\hatimb-particle_flow_simulator\ulm_3D_vascular\vessel_model\T - A high-resolution dataset of mouse brain vasculature\raw_data\analysis_data\analysis_data\images\fMOST_1_7_6_0_0_4_0000_00_01.tif,E:\ULM\hatimb-particle_flow_simulator\ulm_3D_vascular\vessel_model\T - A high-resolution dataset of mouse brain vasculature\raw_data\analysis_data\analysis_data\mask\fMOST_1_7_6_0_0_4_0000_00_01.tif,E:\ULM\hatimb-particle_flow_simulator\ulm_3D_vascular\vessel_model\T - A high-resolution dataset of mouse brain vasculature\raw_data\analysis_data\analysis_data\swc\fMOST_1_7_6_0_0_4_0000_00_01.swc,2523311,1096057,278793,True,,[]
raw-analysis__fMOST_1_7_6_0_0_4_0000_00_02,raw-analysis,fMOST_1_7_6_0_0_4_0000_00_02,fMOST_1_7_6_0_0_4,"(0, 0, 2)",,E:\ULM\hatimb-particle_flow_simulator\ulm_3D_vascular\vessel_model\T - A high-resolution dataset of mouse brain vasculature\raw_data\analysis_data\analysis_data\images\fMOST_1_7_6_0_0_4_0000_00_02.tif,E:\ULM\hatimb-particle_flow_simulator\ulm_3D_vascular\vessel_model\T - A high-resolution dataset of mouse brain vasculature\raw_data\analysis_data\analysis_data\mask\fMOST_1_7_6_0_0_4_0000_00_02.tif,E:\ULM\hatimb-particle_flow_simulator\ulm_3D_vascular\vessel_model\T - A high-resolution dataset of mouse brain vasculature\raw_data\analysis_data\analysis_data\swc\fMOST_1_7_6_0_0_4_0000_00_02.swc,2644305,1213172,315149,True,,[]
raw-analysis__fMOST_1_7_6_0_0_4_0000_01_00,raw-analysis,fMOST_1_7_6_0_0_4_0000_01_00,fMOST_1_7_6_0_0_4,"(0, 1, 0)",,E:\ULM\hatimb-particle_flow_simulator\ulm_3D_vascular\vessel_model\T - A high-resolution dataset of mouse brain vasculature\raw_data\analysis_data\analysis_data\images\fMOST_1_7_6_0_0_4_0000_01_00.tif,E:\ULM\hatimb-particle_flow_simulator\ulm_3D_vascular\vessel_model\T - A high-resolution dataset of mouse brain vasculature\raw_data\analysis_data\analysis_data\mask\fMOST_1_7_6_0_0_4_0000_01_00.tif,E:\ULM\hatimb-particle_flow_simulator\ulm_3D_vascular\vessel_model\T - A high-resolution dataset of mouse brain vasculature\raw_data\analysis_data\analysis_data\swc\fMOST_1_7_6_0_0_4_0000_01_00.swc,2205200,995290,196818,True,,[]
raw-analysis__fMOST_1_7_6_0_0_4_0000_01_01,raw-analysis,fMOST_1_7_6_0_0_4_0000_01_01,fMOST_1_7_6_0_0_4,"(0, 1, 1)",,E:\ULM\hatimb-particle_flow_simulator\ulm_3D_vascular\vessel_model\T - A high-resolution dataset of mouse brain vasculature\raw_data\analysis_data\analysis_data\images\fMOST_1_7_6_0_0_4_0000_01_01.tif,E:\ULM\hatimb-particle_flow_simulator\ulm_3D_vascular\vessel_model\T - A high-resolution dataset of mouse brain vasculature\raw_data\analysis_data\analysis_data\mask\fMOST_1_7_6_0_0_4_0000_01_01.tif,E:\ULM\hatimb-particle_flow_simulator\ulm_3D_vascular\vessel_model\T - A high-resolution dataset of mouse brain vasculature\raw_data\analysis_data\analysis_data\swc\fMOST_1_7_6_0_0_4_0000_01_01.swc,2376876,1218147,216817,True,,[]
raw-analysis__fMOST_1_7_6_0_0_4_0000_01_02,raw-analysis,fMOST_1_7_6_0_0_4_0000_01_02,fMOST_1_7_6_0_0_4,"(0, 1, 2)",,E:\ULM\hatimb-particle_flow_simulator\ulm_3D_vascular\vessel_model\T - A high-resolution dataset of mouse brain vasculature\raw_data\analysis_data\analysis_data\images\fMOST_1_7_6_0_0_4_0000_01_02.tif,E:\ULM\hatimb-particle_flow_simulator\ulm_3D_vascular\vessel_model\T - A high-resolution dataset of mouse brain vasculature\raw_data\analysis_data\analysis_data\mask\fMOST_1_7_6_0_0_4_0000_01_02.tif,E:\ULM\hatimb-particle_flow_simulator\ulm_3D_vascular\vessel_model\T - A high-resolution dataset of mouse brain vasculature\raw_data\analysis_data\analysis_data\swc\fMOST_1_7_6_0_0_4_0000_01_02.swc,2449313,1237616,208278,True,,[]
raw-analysis__fMOST_1_7_6_0_0_4_0000_02_00,raw-analysis,fMOST_1_7_6_0_0_4_0000_02_00,fMOST_1_7_6_0_0_4,"(0, 2, 0)",,E:\ULM\hatimb-particle_flow_simulator\ulm_3D_vascular\vessel_model\T - A high-resolution dataset of mouse brain vasculature\raw_data\analysis_data\analysis_data\images\fMOST_1_7_6_0_0_4_0000_02_00.tif,E:\ULM\hatimb-particle_flow_simulator\ulm_3D_vascular\vessel_model\T - A high-resolution dataset of mouse brain vasculature\raw_data\analysis_data\analysis_data\mask\fMOST_1_7_6_0_0_4_0000_02_00.tif,E:\ULM\hatimb-particle_flow_simulator\ulm_3D_vascular\vessel_model\T - A high-resolution dataset of mouse brain vasculature\raw_data\analysis_data\analysis_data\swc\fMOST_1_7_6_0_0_4_0000_02_00.swc,2401303,1363668,186444,True,,[]
raw-analysis__fMOST_1_7_6_0_0_4_0000_02_01,raw-analysis,fMOST_1_7_6_0_0_4_0000_02_01,fMOST_1_7_6_0_0_4,"(0, 2, 1)",,E:\ULM\hatimb-particle_flow_simulator\ulm_3D_vascular\vessel_model\T - A high-resolution dataset of mouse brain vasculature\raw_data\analysis_data\analysis_data\images\fMOST_1_7_6_0_0_4_0000_02_01.tif,E:\ULM\hatimb-particle_flow_simulator\ulm_3D_vascular\vessel_model\T - A high-resolution dataset of mouse brain vasculature\raw_data\analysis_data\analysis_data\mask\fMOST_1_7_6_0_0_4_0000_02_01.tif,E:\ULM\hatimb-particle_flow_simulator\ulm_3D_vascular\vessel_model\T - A high-resolution dataset of mouse brain vasculature\raw_data\analysis_data\analysis_data\swc\fMOST_1_7_6_0_0_4_0000_02_01.swc,2470258,1419896,228633,True,,[]
raw-analysis__fMOST_1_7_6_0_0_4_0000_02_02,raw-analysis,fMOST_1_7_6_0_0_4_0000_02_02,fMOST_1_7_6_0_0_4,"(0, 2, 2)",,E:\ULM\hatimb-particle_flow_simulator\ulm_3D_vascular\vessel_model\T - A high-resolution dataset of mouse brain vasculature\raw_data\analysis_data\analysis_data\images\fMOST_1_7_6_0_0_4_0000_02_02.tif,E:\ULM\hatimb-particle_flow_simulator\ulm_3D_vascular\vessel_model\T - A high-resolution dataset of mouse brain vasculature\raw_data\analysis_data\analysis_data\mask\fMOST_1_7_6_0_0_4_0000_02_02.tif,E:\ULM\hatimb-particle_flow_simulator\ulm_3D_vascular\vessel_model\T - A high-resolution dataset of mouse brain vasculature\raw_data\analysis_data\analysis_data\swc\fMOST_1_7_6_0_0_4_0000_02_02.swc,2451646,1197508,203689,True,,[]
raw-analysis__fMOST_1_7_6_0_0_4_0001_00_00,raw-analysis,fMOST_1_7_6_0_0_4_0001_00_00,fMOST_1_7_6_0_0_4,"(1, 0, 0)",,E:\ULM\hatimb-particle_flow_simulator\ulm_3D_vascular\vessel_model\T - A high-resolution dataset of mouse brain vasculature\raw_data\analysis_data\analysis_data\images\fMOST_1_7_6_0_0_4_0001_00_00.tif,E:\ULM\hatimb-particle_flow_simulator\ulm_3D_vascular\vessel_model\T - A high-resolution dataset of mouse brain vasculature\raw_data\analysis_data\analysis_data\mask\fMOST_1_7_6_0_0_4_0001_00_00.tif,E:\ULM\hatimb-particle_flow_simulator\ulm_3D_vascular\vessel_model\T - A high-resolution dataset of mouse brain vasculature\raw_data\analysis_data\analysis_data\swc\fMOST_1_7_6_0_0_4_0001_00_00.swc,2558798,1127754,257212,True,,[]
raw-analysis__fMOST_1_7_6_0_0_4_0001_00_01,raw-analysis,fMOST_1_7_6_0_0_4_0001_00_01,fMOST_1_7_6_0_0_4,"(1, 0, 1)",,E:\ULM\hatimb-particle_flow_simulator\ulm_3D_vascular\vessel_model\T - A high-resolution dataset of mouse brain vasculature\raw_data\analysis_data\analysis_data\images\fMOST_1_7_6_0_0_4_0001_00_01.tif,E:\ULM\hatimb-particle_flow_simulator\ulm_3D_vascular\vessel_model\T - A high-resolution dataset of mouse brain vasculature\raw_data\analysis_data\analysis_data\mask\fMOST_1_7_6_0_0_4_0001_00_01.tif,E:\ULM\hatimb-particle_flow_simulator\ulm_3D_vascular\vessel_model\T - A high-resolution dataset of mouse brain vasculature\raw_data\analysis_data\analysis_data\swc\fMOST_1_7_6_0_0_4_0001_00_01.swc,2668228,1235460,252525,True,,[]
raw-analysis__fMOST_1_7_6_0_0_4_0001_00_02,raw-analysis,fMOST_1_7_6_0_0_4_0001_00_02,fMOST_1_7_6_0_0_4,"(1, 0, 2)",,E:\ULM\hatimb-particle_flow_simulator\ulm_3D_vascular\vessel_model\T - A high-resolution dataset of mouse brain vasculature\raw_data\analysis_data\analysis_data\images\fMOST_1_7_6_0_0_4_0001_00_02.tif,E:\ULM\hatimb-particle_flow_simulator\ulm_3D_vascular\vessel_model\T - A high-resolution dataset of mouse brain vasculature\raw_data\analysis_data\analysis_data\mask\fMOST_1_7_6_0_0_4_0001_00_02.tif,E:\ULM\hatimb-particle_flow_simulator\ulm_3D_vascular\vessel_model\T - A high-resolution dataset of mouse brain vasculature\raw_data\analysis_data\analysis_data\swc\fMOST_1_7_6_0_0_4_0001_00_02.swc,2596911,1122112,260127,True,,[]
raw-analysis__fMOST_1_7_6_0_0_4_0001_01_00,raw-analysis,fMOST_1_7_6_0_0_4_0001_01_00,fMOST_1_7_6_0_0_4,"(1, 1, 0)",,E:\ULM\hatimb-particle_flow_simulator\ulm_3D_vascular\vessel_model\T - A high-resolution dataset of mouse brain vasculature\raw_data\analysis_data\analysis_data\images\fMOST_1_7_6_0_0_4_0001_01_00.tif,E:\ULM\hatimb-particle_flow_simulator\ulm_3D_vascular\vessel_model\T - A high-resolution dataset of mouse brain vasculature\raw_data\analysis_data\analysis_data\mask\fMOST_1_7_6_0_0_4_0001_01_00.tif,E:\ULM\hatimb-particle_flow_simulator\ulm_3D_vascular\vessel_model\T - A high-resolution dataset of mouse brain vasculature\raw_data\analysis_data\analysis_data\swc\fMOST_1_7_6_0_0_4_0001_01_00.swc,2498360,1368417,210645,True,,[]
raw-analysis__fMOST_1_7_6_0_0_4_0001_01_01,raw-analysis,fMOST_1_7_6_0_0_4_0001_01_01,fMOST_1_7_6_0_0_4,"(1, 1, 1)",,E:\ULM\hatimb-particle_flow_simulator\ulm_3D_vascular\vessel_model\T - A high-resolution dataset of mouse brain vasculature\raw_data\analysis_data\analysis_data\images\fMOST_1_7_6_0_0_4_0001_01_01.tif,E:\ULM\hatimb-particle_flow_simulator\ulm_3D_vascular\vessel_model\T - A high-resolution dataset of mouse brain vasculature\raw_data\analysis_data\analysis_data\mask\fMOST_1_7_6_0_0_4_0001_01_01.tif,E:\ULM\hatimb-particle_flow_simulator\ulm_3D_vascular\vessel_model\T - A high-resolution dataset of mouse brain vasculature\raw_data\analysis_data\analysis_data\swc\fMOST_1_7_6_0_0_4_0001_01_01.swc,2451947,1042874,207273,True,,[]
raw-analysis__fMOST_1_7_6_0_0_4_0001_01_02,raw-analysis,fMOST_1_7_6_0_0_4_0001_01_02,fMOST_1_7_6_0_0_4,"(1, 1, 2)",,E:\ULM\hatimb-particle_flow_simulator\ulm_3D_vascular\vessel_model\T - A high-resolution dataset of mouse brain vasculature\raw_data\analysis_data\analysis_data\images\fMOST_1_7_6_0_0_4_0001_01_02.tif,E:\ULM\hatimb-particle_flow_simulator\ulm_3D_vascular\vessel_model\T - A high-resolution dataset of mouse brain vasculature\raw_data\analysis_data\analysis_data\mask\fMOST_1_7_6_0_0_4_0001_01_02.tif,E:\ULM\hatimb-particle_flow_simulator\ulm_3D_vascular\vessel_model\T - A high-resolution dataset of mouse brain vasculature\raw_data\analysis_data\analysis_data\swc\fMOST_1_7_6_0_0_4_0001_01_02.swc,2476412,1072823,223696,True,,[]
raw-analysis__fMOST_1_7_6_0_0_4_0001_02_00,raw-analysis,fMOST_1_7_6_0_0_4_0001_02_00,fMOST_1_7_6_0_0_4,"(1, 2, 0)",,E:\ULM\hatimb-particle_flow_simulator\ulm_3D_vascular\vessel_model\T - A high-resolution dataset of mouse brain vasculature\raw_data\analysis_data\analysis_data\images\fMOST_1_7_6_0_0_4_0001_02_00.tif,E:\ULM\hatimb-particle_flow_simulator\ulm_3D_vascular\vessel_model\T - A high-resolution dataset of mouse brain vasculature\raw_data\analysis_data\analysis_data\mask\fMOST_1_7_6_0_0_4_0001_02_00.tif,E:\ULM\hatimb-particle_flow_simulator\ulm_3D_vascular\vessel_model\T - A high-resolution dataset of mouse brain vasculature\raw_data\analysis_data\analysis_data\swc\fMOST_1_7_6_0_0_4_0001_02_00.swc,2446572,1335828,199255,True,,[]
raw-analysis__fMOST_1_7_6_0_0_4_0001_02_01,raw-analysis,fMOST_1_7_6_0_0_4_0001_02_01,fMOST_1_7_6_0_0_4,"(1, 2, 1)",,E:\ULM\hatimb-particle_flow_simulator\ulm_3D_vascular\vessel_model\T - A high-resolution dataset of mouse brain vasculature\raw_data\analysis_data\analysis_data\images\fMOST_1_7_6_0_0_4_0001_02_01.tif,E:\ULM\hatimb-particle_flow_simulator\ulm_3D_vascular\vessel_model\T - A high-resolution dataset of mouse brain vasculature\raw_data\analysis_data\analysis_data\mask\fMOST_1_7_6_0_0_4_0001_02_01.tif,E:\ULM\hatimb-particle_flow_simulator\ulm_3D_vascular\vessel_model\T - A high-resolution dataset of mouse brain vasculature\raw_data\analysis_data\analysis_data\swc\fMOST_1_7_6_0_0_4_0001_02_01.swc,2479301,1299762,186161,True,,[]
raw-analysis__fMOST_1_7_6_0_0_4_0001_02_02,raw-analysis,fMOST_1_7_6_0_0_4_0001_02_02,fMOST_1_7_6_0_0_4,"(1, 2, 2)",,E:\ULM\hatimb-particle_flow_simulator\ulm_3D_vascular\vessel_model\T - A high-resolution dataset of mouse brain vasculature\raw_data\analysis_data\analysis_data\images\fMOST_1_7_6_0_0_4_0001_02_02.tif,E:\ULM\hatimb-particle_flow_simulator\ulm_3D_vascular\vessel_model\T - A high-resolution dataset of mouse brain vasculature\raw_data\analysis_data\analysis_data\mask\fMOST_1_7_6_0_0_4_0001_02_02.tif,E:\ULM\hatimb-particle_flow_simulator\ulm_3D_vascular\vessel_model\T - A high-resolution dataset of mouse brain vasculature\raw_data\analysis_data\analysis_data\swc\fMOST_1_7_6_0_0_4_0001_02_02.swc,2540765,1109916,216331,True,,[]
raw-analysis__fMOST_1_7_6_0_0_4_0002_00_00,raw-analysis,fMOST_1_7_6_0_0_4_0002_00_00,fMOST_1_7_6_0_0_4,"(2, 0, 0)",,E:\ULM\hatimb-particle_flow_simulator\ulm_3D_vascular\vessel_model\T - A high-resolution dataset of mouse brain vasculature\raw_data\analysis_data\analysis_data\images\fMOST_1_7_6_0_0_4_0002_00_00.tif,E:\ULM\hatimb-particle_flow_simulator\ulm_3D_vascular\vessel_model\T - A high-resolution dataset of mouse brain vasculature\raw_data\analysis_data\analysis_data\mask\fMOST_1_7_6_0_0_4_0002_00_00.tif,E:\ULM\hatimb-particle_flow_simulator\ulm_3D_vascular\vessel_model\T - A high-resolution dataset of mouse brain vasculature\raw_data\analysis_data\analysis_data\swc\fMOST_1_7_6_0_0_4_0002_00_00.swc,2799251,1221733,262697,True,,[]
raw-analysis__fMOST_1_7_6_0_0_4_0002_00_01,raw-analysis,fMOST_1_7_6_0_0_4_0002_00_01,fMOST_1_7_6_0_0_4,"(2, 0, 1)",,E:\ULM\hatimb-particle_flow_simulator\ulm_3D_vascular\vessel_model\T - A high-resolution dataset of mouse brain vasculature\raw_data\analysis_data\analysis_data\images\fMOST_1_7_6_0_0_4_0002_00_01.tif,E:\ULM\hatimb-particle_flow_simulator\ulm_3D_vascular\vessel_model\T - A high-resolution dataset of mouse brain vasculature\raw_data\analysis_data\analysis_data\mask\fMOST_1_7_6_0_0_4_0002_00_01.tif,E:\ULM\hatimb-particle_flow_simulator\ulm_3D_vascular\vessel_model\T - A high-resolution dataset of mouse brain vasculature\raw_data\analysis_data\analysis_data\swc\fMOST_1_7_6_0_0_4_0002_00_01.swc,2658690,1152765,237486,True,,[]
raw-analysis__fMOST_1_7_6_0_0_4_0002_00_02,raw-analysis,fMOST_1_7_6_0_0_4_0002_00_02,fMOST_1_7_6_0_0_4,"(2, 0, 2)",,E:\ULM\hatimb-particle_flow_simulator\ulm_3D_vascular\vessel_model\T - A high-resolution dataset of mouse brain vasculature\raw_data\analysis_data\analysis_data\images\fMOST_1_7_6_0_0_4_0002_00_02.tif,E:\ULM\hatimb-particle_flow_simulator\ulm_3D_vascular\vessel_model\T - A high-resolution dataset of mouse brain vasculature\raw_data\analysis_data\analysis_data\mask\fMOST_1_7_6_0_0_4_0002_00_02.tif,E:\ULM\hatimb-particle_flow_simulator\ulm_3D_vascular\vessel_model\T - A high-resolution dataset of mouse brain vasculature\raw_data\analysis_data\analysis_data\swc\fMOST_1_7_6_0_0_4_0002_00_02.swc,2616210,1070000,259250,True,,[]
raw-analysis__fMOST_1_7_6_0_0_4_0002_01_00,raw-analysis,fMOST_1_7_6_0_0_4_0002_01_00,fMOST_1_7_6_0_0_4,"(2, 1, 0)",,E:\ULM\hatimb-particle_flow_simulator\ulm_3D_vascular\vessel_model\T - A high-resolution dataset of mouse brain vasculature\raw_data\analysis_data\analysis_data\images\fMOST_1_7_6_0_0_4_0002_01_00.tif,E:\ULM\hatimb-particle_flow_simulator\ulm_3D_vascular\vessel_model\T - A high-resolution dataset of mouse brain vasculature\raw_data\analysis_data\analysis_data\mask\fMOST_1_7_6_0_0_4_0002_01_00.tif,E:\ULM\hatimb-particle_flow_simulator\ulm_3D_vascular\vessel_model\T - A high-resolution dataset of mouse brain vasculature\raw_data\analysis_data\analysis_data\swc\fMOST_1_7_6_0_0_4_0002_01_00.swc,2810922,1284519,284293,True,,[]
raw-analysis__fMOST_1_7_6_0_0_4_0002_01_01,raw-analysis,fMOST_1_7_6_0_0_4_0002_01_01,fMOST_1_7_6_0_0_4,"(2, 1, 1)",,E:\ULM\hatimb-particle_flow_simulator\ulm_3D_vascular\vessel_model\T - A high-resolution dataset of mouse brain vasculature\raw_data\analysis_data\analysis_data\images\fMOST_1_7_6_0_0_4_0002_01_01.tif,E:\ULM\hatimb-particle_flow_simulator\ulm_3D_vascular\vessel_model\T - A high-resolution dataset of mouse brain vasculature\raw_data\analysis_data\analysis_data\mask\fMOST_1_7_6_0_0_4_0002_01_01.tif,E:\ULM\hatimb-particle_flow_simulator\ulm_3D_vascular\vessel_model\T - A high-resolution dataset of mouse brain vasculature\raw_data\analysis_data\analysis_data\swc\fMOST_1_7_6_0_0_4_0002_01_01.swc,2780789,1296739,274405,True,,[]
raw-analysis__fMOST_1_7_6_0_0_4_0002_01_02,raw-analysis,fMOST_1_7_6_0_0_4_0002_01_02,fMOST_1_7_6_0_0_4,"(2, 1, 2)",,E:\ULM\hatimb-particle_flow_simulator\ulm_3D_vascular\vessel_model\T - A high-resolution dataset of mouse brain vasculature\raw_data\analysis_data\analysis_data\images\fMOST_1_7_6_0_0_4_0002_01_02.tif,E:\ULM\hatimb-particle_flow_simulator\ulm_3D_vascular\vessel_model\T - A high-resolution dataset of mouse brain vasculature\raw_data\analysis_data\analysis_data\mask\fMOST_1_7_6_0_0_4_0002_01_02.tif,E:\ULM\hatimb-particle_flow_simulator\ulm_3D_vascular\vessel_model\T - A high-resolution dataset of mouse brain vasculature\raw_data\analysis_data\analysis_data\swc\fMOST_1_7_6_0_0_4_0002_01_02.swc,2763788,1220654,264027,True,,[]
raw-analysis__fMOST_1_7_6_0_0_4_0002_02_00,raw-analysis,fMOST_1_7_6_0_0_4_0002_02_00,fMOST_1_7_6_0_0_4,"(2, 2, 0)",,E:\ULM\hatimb-particle_flow_simulator\ulm_3D_vascular\vessel_model\T - A high-resolution dataset of mouse brain vasculature\raw_data\analysis_data\analysis_data\images\fMOST_1_7_6_0_0_4_0002_02_00.tif,E:\ULM\hatimb-particle_flow_simulator\ulm_3D_vascular\vessel_model\T - A high-resolution dataset of mouse brain vasculature\raw_data\analysis_data\analysis_data\mask\fMOST_1_7_6_0_0_4_0002_02_00.tif,E:\ULM\hatimb-particle_flow_simulator\ulm_3D_vascular\vessel_model\T - A high-resolution dataset of mouse brain vasculature\raw_data\analysis_data\analysis_data\swc\fMOST_1_7_6_0_0_4_0002_02_00.swc,2790341,1353094,285815,True,,[]
raw-analysis__fMOST_1_7_6_0_0_4_0002_02_01,raw-analysis,fMOST_1_7_6_0_0_4_0002_02_01,fMOST_1_7_6_0_0_4,"(2, 2, 1)",,E:\ULM\hatimb-particle_flow_simulator\ulm_3D_vascular\vessel_model\T - A high-resolution dataset of mouse brain vasculature\raw_data\analysis_data\analysis_data\images\fMOST_1_7_6_0_0_4_0002_02_01.tif,E:\ULM\hatimb-particle_flow_simulator\ulm_3D_vascular\vessel_model\T - A high-resolution dataset of mouse brain vasculature\raw_data\analysis_data\analysis_data\mask\fMOST_1_7_6_0_0_4_0002_02_01.tif,E:\ULM\hatimb-particle_flow_simulator\ulm_3D_vascular\vessel_model\T - A high-resolution dataset of mouse brain vasculature\raw_data\analysis_data\analysis_data\swc\fMOST_1_7_6_0_0_4_0002_02_01.swc,2793723,1236800,281988,True,,[]
raw-analysis__fMOST_1_7_6_0_0_4_0002_02_02,raw-analysis,fMOST_1_7_6_0_0_4_0002_02_02,fMOST_1_7_6_0_0_4,"(2, 2, 2)",,E:\ULM\hatimb-particle_flow_simulator\ulm_3D_vascular\vessel_model\T - A high-resolution dataset of mouse brain vasculature\raw_data\analysis_data\analysis_data\images\fMOST_1_7_6_0_0_4_0002_02_02.tif,E:\ULM\hatimb-particle_flow_simulator\ulm_3D_vascular\vessel_model\T - A high-resolution dataset of mouse brain vasculature\raw_data\analysis_data\analysis_data\mask\fMOST_1_7_6_0_0_4_0002_02_02.tif,E:\ULM\hatimb-particle_flow_simulator\ulm_3D_vascular\vessel_model\T - A high-resolution dataset of mouse brain vasculature\raw_data\analysis_data\analysis_data\swc\fMOST_1_7_6_0_0_4_0002_02_02.swc,2874593,1343221,296000,True,,[]
