particle_id,model,outcome,completed,outlet,failure_detail,elapsed_s,path_length_m,mean_speed_m_s,minimum_gap_m,minimum_g_nf_m,accepted_steps,rejected_trials,rejection_reasons,handoff_events,contact_max_condition,duplicate_constraints_dropped,wall_seconds,position_identity_max_m
3,P9A1,COMPLETED,True,OUTLET_02,,0.031613925166295846,6.910797604901273e-05,0.002185997964045602,2.0000000000657953e-09,6.579518669338665e-20,255,107,"{""SWEEP_NOT_CERTIFIED"": 106, ""HANDOFF_SWEEP_NOT_CERTIFIED"": 1}",21,13.058410563529986,2,15.88775691401679,0.0
5,P9A1,COMPLETED,True,OUTLET_02,,0.03234627799102259,7.073282010255818e-05,0.0021867375319716666,2.0000000002076733e-09,2.0767320535848196e-19,286,129,"{""SWEEP_NOT_CERTIFIED"": 129}",27,1.0,3,16.55265784705989,6.776263578034403e-21
7,P9A1,COMPLETED,True,OUTLET_02,,0.027880471584175986,7.00778384559149e-05,0.0025135097964300115,2.000000000139487e-09,1.3948705310451078e-19,224,88,"{""SWEEP_NOT_CERTIFIED"": 87, ""HANDOFF_SWEEP_NOT_CERTIFIED"": 1}",24,14.774131038863084,3,15.732671673991717,0.0
10,P9A1,COMPLETED,True,OUTLET_02,,0.023296299927840027,6.980530475916377e-05,0.002996411660881117,2.0000000001189466e-09,1.18946504133594e-19,207,81,"{""HANDOFF_SWEEP_NOT_CERTIFIED"": 2, ""SWEEP_NOT_CERTIFIED"": 79}",32,12.519141758585228,4,12.415862124995328,1.3552527156068805e-20
11,P9A1,COMPLETED,True,OUTLET_02,,0.025803602218662826,7.058940148081663e-05,0.002735641360560187,2.000000000620602e-09,6.206017671449534e-19,176,62,"{""SWEEP_NOT_CERTIFIED"": 61, ""HANDOFF_SWEEP_NOT_CERTIFIED"": 1}",10,2.5849794796335592,4,10.509143928997219,0.0
12,P9A1,COMPLETED,True,OUTLET_02,,0.029466965889670745,7.059049567435275e-05,0.002395580730593553,2.0000000000632542e-09,6.325408785162375e-20,272,126,"{""SWEEP_NOT_CERTIFIED"": 125, ""HANDOFF_SWEEP_NOT_CERTIFIED"": 1}",28,28.20386750166079,0,18.091668387060054,0.0
14,P9A1,COMPLETED,True,OUTLET_02,,0.022652035816688117,7.007988864908867e-05,0.003093756747349821,2.000000000171039e-09,1.7103903038973347e-19,187,79,"{""SWEEP_NOT_CERTIFIED"": 78, ""HANDOFF_SWEEP_NOT_CERTIFIED"": 1}",17,2.858868768590631,2,13.59493743092753,0.0
15,P9A1,OTHER,False,,EXACT_STATIONARY_COORDINATES_32_NOMINAL_STEPS_NOT_PHYSIOLOGICAL_TRAPPING_PROOF,0.033,5.1863488029805215e-05,0.0015716208493880368,2.000000000204285e-09,2.0428507356946476e-19,189,30,"{""SWEEP_NOT_CERTIFIED"": 30}",27,11.476646183586048,11,12.273663648054935,0.0
17,P9A1,COMPLETED,True,OUTLET_02,,0.0292233782363865,7.085598435021503e-05,0.0024246335853803204,2.000000000051925e-09,5.192502218209748e-20,234,100,"{""SWEEP_NOT_CERTIFIED"": 99, ""HANDOFF_SWEEP_NOT_CERTIFIED"": 1}",17,15.791233948975048,2,15.34802217304241,0.0
18,P9A1,COMPLETED,True,OUTLET_03,,0.36716283491012003,0.00016428113483676015,0.00044743399717178754,2.0000000010447536e-09,1.0447535154825443e-18,1534,51,"{""SWEEP_NOT_CERTIFIED"": 51}",14,67.9999366719683,3,37.80218302994035,0.0
19,P9A1,COMPLETED,True,OUTLET_02,,0.020346299244456526,7.01498880788081e-05,0.003447795947359856,2.00000000005976e-09,5.976007694419976e-20,148,57,"{""SWEEP_NOT_CERTIFIED"": 56, ""HANDOFF_SWEEP_NOT_CERTIFIED"": 1}",9,3.3653510212244804,1,10.323158374987543,0.0
22,P9A1,COMPLETED,True,OUTLET_02,,0.03807187883790101,7.118602221973788e-05,0.0018697795956650121,2.000000000092477e-09,9.247672453189711e-20,381,188,"{""SWEEP_NOT_CERTIFIED"": 188}",40,92.17825403830614,2,22.64419258001726,6.776263578034403e-21
24,P9A1,COMPLETED,True,OUTLET_02,,0.021955985074886154,6.98378131814811e-05,0.0031808098312729985,2.00000000024399e-09,2.439897429720101e-19,125,30,"{""SWEEP_NOT_CERTIFIED"": 29, ""HANDOFF_SWEEP_NOT_CERTIFIED"": 1}",7,82.87954562477083,1,8.67497282102704,1.3552527156068805e-20
26,P9A1,COMPLETED,True,OUTLET_02,,0.027671734041323448,7.004927592343156e-05,0.002531437885996729,2.000000000096712e-09,9.671188926816861e-20,233,82,"{""SWEEP_NOT_CERTIFIED"": 80, ""HANDOFF_SWEEP_NOT_CERTIFIED"": 2}",40,8.24196024212323,5,18.008620350970887,0.0
27,P9A1,COMPLETED,True,OUTLET_02,,0.030910134159812714,7.062484323487169e-05,0.0022848442801873497,2.0000000010245307e-09,1.0245306038668478e-18,294,132,"{""SWEEP_NOT_CERTIFIED"": 131, ""HANDOFF_SWEEP_NOT_CERTIFIED"": 1}",38,72.07460967576212,3,19.863486916059628,6.776263578034403e-21
28,P9A1,COMPLETED,True,OUTLET_02,,0.025882958318678206,7.04265347882081e-05,0.0027209615655636016,2.0000000004941822e-09,4.94182099767249e-19,179,61,"{""SWEEP_NOT_CERTIFIED"": 60, ""HANDOFF_SWEEP_NOT_CERTIFIED"": 1}",14,131.45806963258073,3,12.835388806997798,6.776263578034403e-21
29,P9A1,COMPLETED,True,OUTLET_02,,0.021481543882082368,6.937256975971274e-05,0.0032294033492432546,2.0000000003501866e-09,3.50186498734018e-19,141,46,"{""SWEEP_NOT_CERTIFIED"": 42, ""HANDOFF_SWEEP_NOT_CERTIFIED"": 4}",9,53.83338596040428,1,9.656445927917957,1.3552527156068805e-20
32,P9A1,COMPLETED,True,OUTLET_02,,0.02817918507590169,6.996739078878034e-05,0.002482945855258786,2.0000000000672776e-09,6.727749435108168e-20,218,81,"{""SWEEP_NOT_CERTIFIED"": 78, ""HANDOFF_SWEEP_NOT_CERTIFIED"": 3}",24,28.921811387321476,1,12.808558873017319,1.3552527156068805e-20
33,P9A1,COMPLETED,True,OUTLET_02,,0.021242930379474053,6.971012070763739e-05,0.003281568006973025,2.0000000023184794e-09,2.3184793099161984e-18,129,43,"{""SWEEP_NOT_CERTIFIED"": 40, ""HANDOFF_SWEEP_NOT_CERTIFIED"": 3}",1,1.0,1,9.571357645909302,6.776263578034403e-21
35,P9A1,COMPLETED,True,OUTLET_02,,0.022622917150672314,6.996865878712414e-05,0.0030928221290438132,2.0000000009599445e-09,9.599443416387074e-19,147,51,"{""SWEEP_NOT_CERTIFIED"": 48, ""HANDOFF_SWEEP_NOT_CERTIFIED"": 3}",5,2.653126217865165,0,9.550316601991653,0.0
36,P9A1,COMPLETED,True,OUTLET_02,,0.02361840405563416,7.011213731915734e-05,0.002968538312495849,2.000000000152828e-09,1.52827822023766e-19,156,52,"{""SWEEP_NOT_CERTIFIED"": 49, ""HANDOFF_SWEEP_NOT_CERTIFIED"": 3}",9,10.23363763808193,2,9.832455053925514,1.3552527156068805e-20
37,P9A1,COMPLETED,True,OUTLET_02,,0.025687638913787867,6.993035811195817e-05,0.0027223349855802813,2.0000000004946057e-09,4.946056162408762e-19,175,55,"{""SWEEP_NOT_CERTIFIED"": 52, ""HANDOFF_SWEEP_NOT_CERTIFIED"": 3}",17,28.635520734168317,1,10.366770577034913,1.3552527156068805e-20
42,P9A1,COMPLETED,True,OUTLET_02,,0.028585006590033143,7.063913242569896e-05,0.002471195247173006,2.0000000000702422e-09,7.024210966647173e-20,227,91,"{""SWEEP_NOT_CERTIFIED"": 91}",21,2.6638439535101344,1,15.21520336298272,0.0
44,P9A1,COMPLETED,True,OUTLET_02,,0.02140946072206039,6.903636853848735e-05,0.0032245729789612126,1.2033430121217705e-08,1.0033430121217705e-08,119,33,"{""SWEEP_NOT_CERTIFIED"": 25, ""HANDOFF_SWEEP_NOT_CERTIFIED"": 8}",0,1.0,0,7.505873655085452,0.0
46,P9A1,COMPLETED,True,OUTLET_02,,0.020215787223456665,6.910817219457273e-05,0.0034185249097984935,4.050990520677113e-08,3.850990520677113e-08,108,27,"{""SWEEP_NOT_CERTIFIED"": 22, ""HANDOFF_SWEEP_NOT_CERTIFIED"": 5}",0,1.0,0,7.606913091032766,6.776263578034403e-21
49,P9A1,COMPLETED,True,OUTLET_02,,0.025476750097153437,6.982659001997726e-05,0.0027407965990049535,2.000000000251931e-09,2.5193067685251915e-19,158,54,"{""SWEEP_NOT_CERTIFIED"": 47, ""HANDOFF_SWEEP_NOT_CERTIFIED"": 7}",2,1.0,0,10.851193965994753,0.0
50,P9A1,COMPLETED,True,OUTLET_02,,0.024395470275385096,6.99948429514645e-05,0.002869173750755235,2.0000000002572248e-09,2.5722463277285853e-19,213,85,"{""SWEEP_NOT_CERTIFIED"": 82, ""HANDOFF_SWEEP_NOT_CERTIFIED"": 3}",30,115.94182986139083,1,16.19868144893553,0.0
53,P9A1,COMPLETED,True,OUTLET_02,,0.028170425414470526,7.058011978429073e-05,0.0025054687228129426,2.000000000107088e-09,1.0708804287203379e-19,232,105,"{""SWEEP_NOT_CERTIFIED"": 104, ""HANDOFF_SWEEP_NOT_CERTIFIED"": 1}",14,1.0,1,15.906711273943074,1.3552527156068805e-20
54,P9A1,COMPLETED,True,OUTLET_02,,0.02823889227063066,7.006307786847782e-05,0.002481084498535576,2.0000000000329728e-09,3.297265998728251e-20,229,77,"{""SWEEP_NOT_CERTIFIED"": 74, ""HANDOFF_SWEEP_NOT_CERTIFIED"": 3}",39,9.607768111661738,12,17.58586817095056,0.0
57,P9A1,COMPLETED,True,OUTLET_02,,0.02729290962991127,7.022351899059644e-05,0.002572958322979093,2.0000000001635217e-09,1.6352161298285155e-19,216,83,"{""SWEEP_NOT_CERTIFIED"": 80, ""HANDOFF_SWEEP_NOT_CERTIFIED"": 3}",23,25.361190529970873,1,16.406216238974594,1.3552527156068805e-20
